pago_id;run_socio_titular;nombre_socio_titular;anio_membresia;mes_cuota;fecha_vencimiento;monto_membresia;monto_adicionales;monto_total;estado_pago;fecha_pago;medio_pago;registro_incorrecto;tipo_error
1;24887596-8;Mauricio Barrera Duarte;2025;1;5/1/25;25000;0;25000;pagado;3/1/25;transferencia;NO;
2;24887596-8;Mauricio Barrera Duarte;2025;2;5/2/25;25000;5000;30000;pagado;4/2/25;tarjeta;NO;
3;24887596-8;Mauricio Barrera Duarte;2025;3;5/3/25;25000;12000;37000;pagado;1/3/25;transferencia;NO;
4;24887596-8;Mauricio Barrera Duarte;2025;4;5/4/25;25000;5000;30000;pagado;5/4/25;tarjeta;NO;
5;24887596-8;Mauricio Barrera Duarte;2025;5;5/5/25;25000;0;25000;pagado;2/5/25;transferencia;NO;
6;24887596-8;Mauricio Barrera Duarte;2025;6;5/6/25;25000;5000;30000;pagado;4/6/25;tarjeta;NO;
7;24887596-8;Mauricio Barrera Duarte;2025;7;5/7/25;25000;0;25000;pagado;1/7/25;transferencia;NO;
8;24887596-8;Mauricio Barrera Duarte;2025;8;5/8/25;25000;5000;30000;pagado;3/8/25;tarjeta;NO;
9;24887596-8;Mauricio Barrera Duarte;2025;9;5/9/25;25000;12000;37000;pagado;4/9/25;transferencia;NO;
10;24887596-8;Mauricio Barrera Duarte;2025;10;5/10/25;25000;5000;30000;pagado;5/10/25;tarjeta;NO;
11;24887596-8;Mauricio Barrera Duarte;2025;11;5/11/25;25000;0;25000;pagado;2/11/25;transferencia;NO;
12;24887596-8;Mauricio Barrera Duarte;2025;12;5/12/25;25000;5000;30000;atrasado;;;SI;cuota_impaga
13;10336757-5;Claudio Barrera Ortiz;2025;1;5/1/25;25000;0;25000;pagado;2/1/25;tarjeta;NO;
14;10336757-5;Claudio Barrera Ortiz;2025;2;5/2/25;25000;5000;30000;pagado;1/2/25;transferencia;NO;
15;10336757-5;Claudio Barrera Ortiz;2025;3;5/3/25;25000;12000;37000;pagado;4/3/25;tarjeta;NO;
16;10336757-5;Claudio Barrera Ortiz;2025;4;5/4/25;25000;5000;30000;pagado;3/4/25;transferencia;NO;
17;10336757-5;Claudio Barrera Ortiz;2025;5;5/5/25;25000;0;25000;pagado;5/5/25;tarjeta;NO;
18;10336757-5;Claudio Barrera Ortiz;2025;6;5/6/25;25000;5000;30000;pagado;1/6/25;transferencia;NO;
19;10336757-5;Claudio Barrera Ortiz;2025;7;5/7/25;25000;0;25000;pagado;4/7/25;tarjeta;NO;
20;10336757-5;Claudio Barrera Ortiz;2025;8;5/8/25;25000;5000;30000;pagado;2/8/25;transferencia;NO;
21;10336757-5;Claudio Barrera Ortiz;2025;9;5/9/25;25000;12000;37000;pagado;4/9/25;tarjeta;NO;
22;10336757-5;Claudio Barrera Ortiz;2025;10;5/10/25;25000;5000;30000;pagado;1/10/25;transferencia;NO;
23;10336757-5;Claudio Barrera Ortiz;2025;11;5/11/25;25000;0;25000;pagado;4/11/25;tarjeta;NO;
24;10336757-5;Claudio Barrera Ortiz;2025;12;5/12/25;25000;5000;30000;atrasado;;;SI;cuota_impaga
25;11606281-K;Claudio Quezada Ortiz;2025;1;5/1/25;25000;0;25000;pagado;4/1/25;transferencia;NO;
26;11606281-K;Claudio Quezada Ortiz;2025;2;5/2/25;25000;5000;30000;pagado;5/2/25;tarjeta;NO;
27;11606281-K;Claudio Quezada Ortiz;2025;3;5/3/25;25000;12000;37000;pagado;2/3/25;transferencia;NO;
28;11606281-K;Claudio Quezada Ortiz;2025;4;5/4/25;25000;5000;30000;pagado;4/4/25;tarjeta;NO;
29;11606281-K;Claudio Quezada Ortiz;2025;5;5/5/25;25000;0;25000;pagado;1/5/25;transferencia;NO;
30;11606281-K;Claudio Quezada Ortiz;2025;6;5/6/25;25000;5000;30000;pagado;4/6/25;tarjeta;NO;
31;11606281-K;Claudio Quezada Ortiz;2025;7;5/7/25;25000;0;25000;pagado;3/7/25;transferencia;NO;
32;11606281-K;Claudio Quezada Ortiz;2025;8;5/8/25;25000;5000;30000;pagado;5/8/25;tarjeta;NO;
33;11606281-K;Claudio Quezada Ortiz;2025;9;5/9/25;25000;12000;37000;pagado;2/9/25;transferencia;NO;
34;11606281-K;Claudio Quezada Ortiz;2025;10;5/10/25;25000;5000;30000;pagado;4/10/25;tarjeta;NO;
35;11606281-K;Claudio Quezada Ortiz;2025;11;5/11/25;25000;0;25000;pagado;1/11/25;transferencia;NO;
36;11606281-K;Claudio Quezada Ortiz;2025;12;5/12/25;25000;5000;30000;atrasado;;;SI;cuota_impaga
37;6988932-3;Felicia Quezada Fuentes;2025;1;5/1/25;25000;0;25000;pagado;3/1/25;tarjeta;NO;
38;6988932-3;Felicia Quezada Fuentes;2025;2;5/2/25;25000;5000;30000;pagado;1/2/25;transferencia;NO;
39;6988932-3;Felicia Quezada Fuentes;2025;3;5/3/25;25000;12000;37000;pagado;5/3/25;tarjeta;NO;
40;6988932-3;Felicia Quezada Fuentes;2025;4;5/4/25;25000;5000;30000;pagado;2/4/25;transferencia;NO;
41;6988932-3;Felicia Quezada Fuentes;2025;5;5/5/25;25000;0;25000;pagado;4/5/25;tarjeta;NO;
42;6988932-3;Felicia Quezada Fuentes;2025;6;5/6/25;25000;5000;30000;pagado;1/6/25;transferencia;NO;
43;6988932-3;Felicia Quezada Fuentes;2025;7;5/7/25;25000;0;25000;pagado;5/7/25;tarjeta;NO;
44;6988932-3;Felicia Quezada Fuentes;2025;8;5/8/25;25000;5000;30000;pagado;3/8/25;transferencia;NO;
45;6988932-3;Felicia Quezada Fuentes;2025;9;5/9/25;25000;12000;37000;pagado;5/9/25;tarjeta;NO;
46;6988932-3;Felicia Quezada Fuentes;2025;10;5/10/25;25000;5000;30000;pagado;1/10/25;transferencia;NO;
47;6988932-3;Felicia Quezada Fuentes;2025;11;5/11/25;25000;0;25000;pagado;5/11/25;tarjeta;NO;
48;6988932-3;Felicia Quezada Fuentes;2025;12;5/12/25;25000;5000;30000;atrasado;;;SI;cuota_impaga
49;8554458-8;Javiera Mendez Fuentes;2025;1;5/1/25;25000;0;25000;pagado;4/1/25;transferencia;NO;
50;8554458-8;Javiera Mendez Fuentes;2025;2;5/2/25;25000;5000;30000;pagado;5/2/25;tarjeta;NO;
51;8554458-8;Javiera Mendez Fuentes;2025;3;5/3/25;25000;12000;37000;pagado;2/3/25;transferencia;NO;
52;8554458-8;Javiera Mendez Fuentes;2025;4;5/4/25;25000;5000;30000;pagado;3/4/25;tarjeta;NO;
53;8554458-8;Javiera Mendez Fuentes;2025;5;5/5/25;25000;0;25000;pagado;1/5/25;transferencia;NO;
54;8554458-8;Javiera Mendez Fuentes;2025;6;5/6/25;25000;5000;30000;pagado;4/6/25;tarjeta;NO;
55;8554458-8;Javiera Mendez Fuentes;2025;7;5/7/25;25000;0;25000;pagado;2/7/25;transferencia;NO;
56;8554458-8;Javiera Mendez Fuentes;2025;8;5/8/25;25000;5000;30000;pagado;4/8/25;tarjeta;NO;
57;8554458-8;Javiera Mendez Fuentes;2025;9;5/9/25;25000;12000;37000;pagado;1/9/25;transferencia;NO;
58;8554458-8;Javiera Mendez Fuentes;2025;10;5/10/25;25000;5000;30000;pagado;4/10/25;tarjeta;NO;
59;8554458-8;Javiera Mendez Fuentes;2025;11;5/11/25;25000;0;25000;atrasado;;;SI;cuota_impaga
60;8554458-8;Javiera Mendez Fuentes;2025;12;5/12/25;25000;5000;30000;atrasado;;;SI;cuota_impaga
61;20484469-3;Patricia Pardo Fuentes;2025;1;5/1/25;25000;0;25000;pagado;2/1/25;tarjeta;NO;
62;20484469-3;Patricia Pardo Fuentes;2025;2;5/2/25;25000;5000;30000;pagado;1/2/25;transferencia;NO;
63;20484469-3;Patricia Pardo Fuentes;2025;3;5/3/25;25000;12000;37000;pagado;4/3/25;tarjeta;NO;
64;20484469-3;Patricia Pardo Fuentes;2025;4;5/4/25;25000;5000;30000;pagado;3/4/25;transferencia;NO;
65;20484469-3;Patricia Pardo Fuentes;2025;5;5/5/25;25000;0;25000;pagado;5/5/25;tarjeta;NO;
66;20484469-3;Patricia Pardo Fuentes;2025;6;5/6/25;25000;5000;30000;pagado;2/6/25;transferencia;NO;
67;20484469-3;Patricia Pardo Fuentes;2025;7;5/7/25;25000;0;25000;pagado;4/7/25;tarjeta;NO;
68;20484469-3;Patricia Pardo Fuentes;2025;8;5/8/25;25000;5000;30000;pagado;1/8/25;transferencia;NO;
69;20484469-3;Patricia Pardo Fuentes;2025;9;5/9/25;25000;12000;37000;pagado;4/9/25;tarjeta;NO;
70;20484469-3;Patricia Pardo Fuentes;2025;10;5/10/25;25000;5000;30000;pagado;2/10/25;transferencia;NO;
71;20484469-3;Pedro Perez;2025;11;5/11/25;25000;0;25000;atrasado;;;SI;nombre_diferente
72;20484469-3;Patricia Pardo Fuentes;2025;12;5/12/25;25000;5000;30000;atrasado;;;SI;cuota_impaga
73;20848551-2;Daniela Henriquez Fuentes;2025;1;5/1/25;25000;0;25000;pagado;4/1/25;transferencia;NO;
74;20848551-2;Daniela Henriquez Fuentes;2025;2;5/2/25;25000;5000;30000;pagado;5/2/25;tarjeta;NO;
75;20848551-2;Daniela Henriquez Fuentes;2025;3;5/3/25;25000;12000;37000;pagado;3/3/25;transferencia;NO;
76;20848551-2;Daniela Henriquez Fuentes;2025;4;5/4/25;25000;5000;30000;pagado;4/4/25;tarjeta;NO;
77;20848551-2;Daniela Henriquez Fuentes;2025;5;5/5/25;25000;0;25000;pagado;1/5/25;transferencia;NO;
78;20848551-2;Daniela Henriquez Fuentes;2025;6;5/6/25;25000;5000;30000;pagado;4/6/25;tarjeta;NO;
79;20848551-2;Daniela Henriquez Fuentes;2025;7;5/7/25;25000;0;25000;pagado;2/7/25;transferencia;NO;
80;20848551-2;Daniela Henriquez Fuentes;2025;8;5/8/25;25000;5000;30000;pagado;5/8/25;tarjeta;NO;
81;20848551-2;Daniela Henriquez Fuentes;2025;9;5/9/25;25000;12000;37000;pagado;1/9/25;transferencia;NO;
82;20848551-2;Daniela Henriquez Fuentes;2025;10;5/10/25;25000;5000;30000;pagado;4/10/25;tarjeta;NO;
83;20848551-2;Daniela Henriquez Fuentes;2025;11;5/11/25;25000;0;25000;atrasado;;;SI;cuota_impaga
84;20848551-2;Daniela Henriquez Fuentes;2025;12;5/12/25;25000;5000;30000;atrasado;;;SI;cuota_impaga
85;22997716-4;Natalia Duarte Nuñez;2025;1;5/1/25;25000;0;25000;pagado;3/1/25;tarjeta;NO;
86;22997716-4;Natalia Duarte Nuñez;2025;2;5/2/25;25000;5000;30000;pagado;1/2/25;transferencia;NO;
87;22997716-4;Natalia Duarte Nuñez;2025;3;5/3/25;25000;12000;37000;pagado;5/3/25;tarjeta;NO;
88;22997716-4;Natalia Duarte Nuñez;2025;4;5/4/25;25000;5000;30000;pagado;2/4/25;transferencia;NO;
89;22997716-4;Natalia Duarte Nuñez;2025;5;5/5/25;25000;0;25000;pagado;4/5/25;tarjeta;NO;
90;22997716-4;Natalia Duarte Nuñez;2025;6;5/6/25;25000;5000;30000;pagado;1/6/25;transferencia;NO;
91;22997716-4;Natalia Duarte Nuñez;2025;7;5/7/25;25000;0;25000;pagado;5/7/25;tarjeta;NO;
92;22997716-4;Natalia Duarte Nuñez;2025;8;5/8/25;25000;5000;30000;pagado;3/8/25;transferencia;NO;
93;22997716-4;Natalia Duarte Nuñez;2025;9;5/9/25;25000;12000;37000;pagado;5/9/25;tarjeta;NO;
94;22997716-4;Natalia Duarte Nuñez;2025;10;5/10/25;25000;5000;30000;pagado;1/10/25;transferencia;NO;
95;22997716-4;Natalia Duarte Nuñez;2025;11;5/11/25;25000;0;25000;atrasado;;;SI;cuota_impaga
96;22997716-4;Natalia Duarte Nuñez;2025;12;5/12/25;25000;5000;30000;atrasado;;;SI;cuota_impaga
97;15182198-7;Patricia Duarte Espinoza;2025;1;5/1/25;25000;0;25000;pagado;4/1/25;transferencia;NO;
98;15182198-7;Patricia Duarte Espinoza;2025;2;5/2/25;25000;5000;30000;pagado;5/2/25;tarjeta;NO;
99;15182198-7;Patricia Duarte Espinoza;2025;3;5/3/25;25000;12000;37000;pagado;3/3/25;transferencia;NO;
100;15182198-7;Patricia Duarte Espinoza;2025;4;5/4/25;25000;5000;30000;pagado;3/4/25;tarjeta;NO;
101;15182198-7;Patricia Duarte Espinoza;2025;5;5/5/25;25000;0;25000;pagado;1/5/25;transferencia;NO;
102;15182198-7;Patricia Duarte Espinoza;2025;6;5/6/25;25000;5000;30000;pagado;4/6/25;tarjeta;NO;
103;15182198-7;Patricia Duarte Espinoza;2025;7;5/7/25;25000;0;25000;pagado;2/7/25;transferencia;NO;
104;15182198-7;Patricia Duarte Espinoza;2025;8;5/8/25;25000;5000;30000;pagado;5/8/25;tarjeta;NO;
105;15182198-7;Patricia Duarte Espinoza;2025;9;5/9/25;25000;12000;37000;pagado;1/9/25;transferencia;NO;
106;15182198-7;Patricia Duarte Espinoza;2025;10;5/10/25;25000;5000;30000;pagado;4/10/25;tarjeta;NO;
107;15182198-7;Patricia Duarte Espinoza;2025;11;5/11/25;25000;0;25000;atrasado;;;SI;cuota_impaga
108;15182198-7;Patricia Duarte Espinoza;2025;12;5/12/25;25000;5000;30000;atrasado;;;SI;cuota_impaga
109;9848362-5;Ignacio Quezada Henriquez;2025;1;5/1/25;25000;0;25000;pagado;3/1/25;tarjeta;NO;
110;9848362-5;Ignacio Quezada Henriquez;2025;2;5/2/25;25000;5000;30000;pagado;1/2/25;transferencia;NO;
111;9848362-5;Ignacio Quezada Henriquez;2025;3;5/3/25;25000;12000;37000;pagado;5/3/25;tarjeta;NO;
112;9848362-5;Ignacio Quezada Henriquez;2025;4;5/4/25;25000;5000;30000;pagado;2/4/25;transferencia;NO;
113;9848362-5;Ignacio Quezada Henriquez;2025;5;5/5/25;25000;0;25000;pagado;4/5/25;tarjeta;NO;
114;9848362-5;Ignacio Quezada Henriquez;2025;6;5/6/25;25000;5000;30000;pagado;1/6/25;transferencia;NO;
115;9848362-5;Ignacio Quezada Henriquez;2025;7;5/7/25;25000;0;25000;pagado;5/7/25;tarjeta;NO;
116;9848362-5;Ignacio Quezada Henriquez;2025;8;5/8/25;25000;5000;30000;pagado;3/8/25;transferencia;NO;
117;9848362-5;Ignacio Quezada Henriquez;2025;9;5/9/25;25000;12000;37000;pagado;5/9/25;tarjeta;NO;
118;9848362-5;Ignacio Quezada Henriquez;2025;10;5/10/25;25000;5000;30000;pagado;1/10/25;transferencia;NO;
119;9848362-5;Ignacio Quezada Henriquez;2025;11;5/11/25;25000;0;25000;atrasado;;;SI;cuota_impaga
120;9848362-5;Ignacio Quezada Henriquez;2025;12;5/12/25;25000;5000;30000;atrasado;;;SI;cuota_impaga
121;17608709-0;Helena Jara Duarte;2025;1;5/1/25;25000;0;25000;pagado;4/1/25;transferencia;NO;
122;17608709-0;Helena Jara Duarte;2025;2;5/2/25;25000;5000;30000;pagado;5/2/25;tarjeta;NO;
123;17608709-0;Helena Jara Duarte;2025;3;5/3/25;25000;12000;37000;pagado;3/3/25;transferencia;NO;
124;17608709-0;Helena Jara Duarte;2025;4;5/4/25;25000;5000;30000;pagado;3/4/25;tarjeta;NO;
125;17608709-0;Sofia Silva;2025;5;5/5/25;25000;0;25000;pagado;1/5/25;transferencia;SI;nombre_diferente
126;17608709-0;Helena Jara Duarte;2025;6;5/6/25;25000;5000;30000;pagado;4/6/25;tarjeta;NO;
127;17608709-0;Helena Jara Duarte;2025;7;5/7/25;25000;0;25000;pagado;2/7/25;transferencia;NO;
128;17608709-0;Helena Jara Duarte;2025;8;5/8/25;25000;5000;30000;pagado;5/8/25;tarjeta;NO;
129;17608709-0;Helena Jara Duarte;2025;9;5/9/25;25000;12000;37000;pagado;1/9/25;transferencia;NO;
130;17608709-0;Helena Jara Duarte;2025;10;5/10/25;25000;5000;30000;pagado;4/10/25;tarjeta;NO;
131;17608709-0;Helena Jara Duarte;2025;11;5/11/25;25000;0;25000;atrasado;;;SI;cuota_impaga
132;17608709-0;Helena Jara Duarte;2025;12;5/12/25;25000;5000;30000;atrasado;;;SI;cuota_impaga
133;16804818-1;Loreto Alvarez Mendez;2025;1;5/1/25;25000;0;25000;pagado;3/1/25;tarjeta;NO;
134;16804818-1;Loreto Alvarez Mendez;2025;2;5/2/25;25000;5000;30000;pagado;1/2/25;transferencia;NO;
135;16804818-1;Loreto Alvarez Mendez;2025;3;5/3/25;25000;12000;37000;pagado;5/3/25;tarjeta;NO;
136;16804818-1;Loreto Alvarez Mendez;2025;4;5/4/25;25000;5000;30000;pagado;2/4/25;transferencia;NO;
137;16804818-1;Loreto Alvarez Mendez;2025;5;5/5/25;25000;0;25000;pagado;4/5/25;tarjeta;NO;
138;16804818-1;Loreto Alvarez Mendez;2025;6;5/6/25;25000;5000;30000;pagado;1/6/25;transferencia;NO;
139;16804818-1;Loreto Alvarez Mendez;2025;7;5/7/25;25000;0;25000;pagado;5/7/25;tarjeta;NO;
140;16804818-1;Loreto Alvarez Mendez;2025;8;5/8/25;25000;5000;30000;pagado;3/8/25;transferencia;NO;
141;16804818-1;Loreto Alvarez Mendez;2025;9;5/9/25;25000;12000;37000;pagado;5/9/25;tarjeta;NO;
142;16804818-1;Loreto Alvarez Mendez;2025;10;5/10/25;25000;5000;30000;pagado;1/10/25;transferencia;NO;
143;16804818-1;Loreto Alvarez Mendez;2025;11;5/11/25;25000;0;25000;atrasado;;;SI;cuota_impaga
144;16804818-1;Loreto Alvarez Mendez;2025;12;5/12/25;25000;5000;30000;atrasado;;;SI;cuota_impaga
145;5058856-4;Beatriz Alvarez Lagos;2025;1;5/1/25;25000;0;25000;pagado;4/1/25;transferencia;NO;
146;5058856-4;Beatriz Alvarez Lagos;2025;2;5/2/25;25000;5000;30000;pagado;5/2/25;tarjeta;NO;
147;5058856-4;Beatriz Alvarez Lagos;2025;3;5/3/25;25000;12000;37000;pagado;3/3/25;transferencia;NO;
148;5058856-4;Beatriz Alvarez Lagos;2025;4;5/4/25;25000;5000;30000;pagado;3/4/25;tarjeta;NO;
149;5058856-4;Beatriz Alvarez Lagos;2025;5;5/5/25;25000;0;25000;pagado;1/5/25;transferencia;NO;
150;5058856-4;Beatriz Alvarez Lagos;2025;6;5/6/25;25000;5000;30000;pagado;4/6/25;tarjeta;NO;
151;5058856-4;Beatriz Alvarez Lagos;2025;7;5/7/25;25000;0;25000;pagado;2/7/25;transferencia;NO;
152;5058856-4;Beatriz Alvarez Lagos;2025;8;5/8/25;25000;5000;30000;pagado;5/8/25;tarjeta;NO;
153;5058856-4;Beatriz Alvarez Lagos;2025;9;5/9/25;25000;12000;37000;pagado;1/9/25;transferencia;NO;
154;5058856-4;Beatriz Alvarez Lagos;2025;10;5/10/25;25000;5000;30000;pagado;4/10/25;tarjeta;NO;
155;5058856-4;Beatriz Alvarez Lagos;2025;11;5/11/25;25000;0;25000;atrasado;;;SI;cuota_impaga
156;5058856-4;Beatriz Alvarez Lagos;2025;12;5/12/25;25000;5000;30000;atrasado;;;SI;cuota_impaga
157;12170069-7;Oscar Contreras Lagos;2025;1;5/1/25;25000;0;25000;pagado;3/1/25;tarjeta;NO;
158;12170069-7;Oscar Contreras Lagos;2025;2;5/2/25;25000;5000;30000;pagado;1/2/25;transferencia;NO;
159;12170069-7;Oscar Contreras Lagos;2025;3;5/3/25;25000;12000;37000;pagado;5/3/25;tarjeta;NO;
160;12170069-7;Oscar Contreras Lagos;2025;4;5/4/25;25000;5000;30000;pagado;2/4/25;transferencia;NO;
161;12170069-7;Oscar Contreras Lagos;2025;5;5/5/25;25000;0;25000;pagado;4/5/25;tarjeta;NO;
162;12170069-7;Oscar Contreras Lagos;2025;6;5/6/25;25000;5000;30000;pagado;1/6/25;transferencia;NO;
163;12170069-7;Oscar Contreras Lagos;2025;7;5/7/25;25000;0;25000;pagado;5/7/25;tarjeta;NO;
164;12170069-7;Oscar Contreras Lagos;2025;8;5/8/25;25000;5000;30000;pagado;3/8/25;transferencia;NO;
165;12170069-7;Oscar Contreras Lagos;2025;9;5/9/25;25000;12000;37000;pagado;5/9/25;tarjeta;NO;
166;12170069-7;Oscar Contreras Lagos;2025;10;5/10/25;25000;5000;30000;pagado;1/10/25;transferencia;NO;
167;12170069-7;Oscar Contreras Lagos;2025;11;5/11/25;25000;0;25000;atrasado;;;SI;cuota_impaga
168;12170069-7;Oscar Contreras Lagos;2025;12;5/12/25;25000;5000;30000;atrasado;;;SI;cuota_impaga
169;24692054-0;Loreto Duarte Quezada;2025;1;5/1/25;25000;0;25000;pagado;4/1/25;transferencia;NO;
170;24692054-0;Loreto Duarte Quezada;2025;2;5/2/25;25000;5000;30000;pagado;5/2/25;tarjeta;NO;
171;24692054-0;Loreto Duarte Quezada;2025;3;5/3/25;25000;12000;37000;pagado;3/3/25;transferencia;NO;
172;24692054-0;Loreto Duarte Quezada;2025;4;5/4/25;25000;5000;30000;pagado;3/4/25;tarjeta;NO;
173;24692054-0;Loreto Duarte Quezada;2025;5;5/5/25;25000;0;25000;pagado;1/5/25;transferencia;NO;
174;24692054-0;Loreto Duarte Quezada;2025;6;5/6/25;25000;5000;30000;pagado;4/6/25;tarjeta;NO;
175;24692054-0;Loreto Duarte Quezada;2025;7;5/7/25;25000;0;25000;pagado;2/7/25;transferencia;NO;
176;24692054-0;Loreto Duarte Quezada;2025;8;5/8/25;25000;5000;30000;pagado;5/8/25;tarjeta;NO;
177;24692054-0;Loreto Duarte Quezada;2025;9;5/9/25;25000;12000;37000;pagado;1/9/25;transferencia;NO;
178;24692054-0;Loreto Duarte Quezada;2025;10;5/10/25;25000;5000;30000;pagado;4/10/25;tarjeta;NO;
179;24692054-0;Loreto Duarte Quezada;2025;11;5/11/25;25000;0;25000;atrasado;;;SI;cuota_impaga
180;24692054-0;Loreto Duarte Quezada;2025;12;5/12/25;25000;5000;30000;atrasado;;;SI;cuota_impaga
181;17862474-9;Patricia Barrera Pardo;2025;1;5/1/25;25000;0;25000;pagado;3/1/25;tarjeta;NO;
182;17862474-9;Patricia Barrera Pardo;2025;2;5/2/25;25000;5000;30000;pagado;1/2/25;transferencia;NO;
183;17862474-9;Patricia Barrera Pardo;2025;3;5/3/25;25000;12000;37000;pagado;5/3/25;tarjeta;NO;
184;17862474-9;Patricia Barrera Pardo;2025;4;5/4/25;25000;5000;30000;pagado;2/4/25;transferencia;NO;
185;17862474-9;Patricia Barrera Pardo;2025;5;5/5/25;25000;0;25000;pagado;4/5/25;tarjeta;NO;
186;17862474-9;Patricia Barrera Pardo;2025;6;5/6/25;25000;5000;30000;pagado;1/6/25;transferencia;NO;
187;17862474-9;Patricia Barrera Pardo;2025;7;5/7/25;25000;0;25000;pagado;5/7/25;tarjeta;NO;
188;17862474-9;Patricia Barrera Pardo;2025;8;5/8/25;25000;5000;30000;pagado;3/8/25;transferencia;NO;
189;17862474-9;Patricia Barrera Pardo;2025;9;5/9/25;25000;12000;37000;pagado;5/9/25;tarjeta;NO;
190;17862474-9;Patricia Barrera Pardo;2025;10;5/10/25;25000;5000;30000;pagado;1/10/25;transferencia;NO;
191;17862474-9;Patricia Barrera Pardo;2025;11;5/11/25;25000;0;25000;atrasado;;;SI;cuota_impaga
192;17862474-9;Patricia Barrera Pardo;2025;12;5/12/25;25000;5000;30000;atrasado;;;SI;cuota_impaga
193;16701421-6;Felicia Henriquez Nuñez;2025;1;5/1/25;25000;0;25000;pagado;4/1/25;transferencia;NO;
194;16701421-6;Felicia Henriquez Nuñez;2025;2;5/2/25;25000;5000;30000;pagado;5/2/25;tarjeta;NO;
195;16701421-6;Felicia Henriquez Nuñez;2025;3;5/3/25;25000;12000;37000;pagado;3/3/25;transferencia;NO;
196;16701421-6;Felicia Henriquez Nuñez;2025;4;5/4/25;25000;5000;30000;pagado;3/4/25;tarjeta;NO;
197;16701421-6;Felicia Henriquez Nuñez;2025;5;5/5/25;25000;0;25000;pagado;1/5/25;transferencia;NO;
198;16701421-6;Felicia Henriquez Nuñez;2025;6;5/6/25;25000;5000;30000;pagado;4/6/25;tarjeta;NO;
199;16701421-6;Felicia Henriquez Nuñez;2025;7;5/7/25;25000;0;25000;pagado;2/7/25;transferencia;NO;
200;16701421-6;Felicia Henriquez Nuñez;2025;8;5/8/25;25000;5000;30000;pagado;5/8/25;tarjeta;NO;
201;16701421-6;Felicia Henriquez Nuñez;2025;9;5/9/25;25000;12000;37000;pagado;1/9/25;transferencia;NO;
202;16701421-6;Felicia Henriquez Nuñez;2025;10;5/10/25;25000;5000;30000;pagado;4/10/25;tarjeta;NO;
203;16701421-6;Felicia Henriquez Nuñez;2025;11;5/11/25;25000;0;25000;atrasado;;;SI;cuota_impaga
204;16701421-6;Felicia Henriquez Nuñez;2025;12;5/12/25;25000;5000;30000;atrasado;;;SI;cuota_impaga
205;22924363-2;Beatriz Jara Ortiz;2025;1;5/1/25;25000;0;25000;pagado;3/1/25;tarjeta;NO;
206;22924363-2;Beatriz Jara Ortiz;2025;2;5/2/25;25000;5000;30000;pagado;1/2/25;transferencia;NO;
207;22924363-2;Beatriz Jara Ortiz;2025;3;5/3/25;25000;12000;37000;pagado;5/3/25;tarjeta;NO;
208;22924363-2;Beatriz Jara Ortiz;2025;4;5/4/25;25000;5000;30000;pagado;2/4/25;transferencia;NO;
209;22924363-2;Beatriz Jara Ortiz;2025;5;5/5/25;25000;0;25000;pagado;4/5/25;tarjeta;NO;
210;22924363-2;Beatriz Jara Ortiz;2025;6;5/6/25;25000;5000;30000;pagado;1/6/25;transferencia;NO;
211;22924363-2;Beatriz Jara Ortiz;2025;7;5/7/25;25000;0;25000;pagado;5/7/25;tarjeta;NO;
212;22924363-2;Beatriz Jara Ortiz;2025;8;5/8/25;25000;5000;30000;pagado;3/8/25;transferencia;NO;
213;22924363-2;Beatriz Jara Ortiz;2025;9;5/9/25;25000;12000;37000;pagado;5/9/25;tarjeta;NO;
214;22924363-2;Beatriz Jara Ortiz;2025;10;5/10/25;25000;5000;30000;pagado;1/10/25;transferencia;NO;
215;22924363-2;Beatriz Jara Ortiz;2025;11;5/11/25;25000;0;25000;atrasado;;;SI;cuota_impaga
216;22924363-2;Beatriz Jara Ortiz;2025;12;5/12/25;25000;5000;30000;atrasado;;;SI;cuota_impaga
217;12620839-1;Patricia Quezada Iturra;2025;1;5/1/25;25000;0;25000;pagado;4/1/25;transferencia;NO;
218;12620839-1;Patricia Quezada Iturra;2025;2;5/2/25;25000;5000;30000;pagado;5/2/25;tarjeta;NO;
219;12620839-1;Patricia Quezada Iturra;2025;3;5/3/25;25000;12000;37000;pagado;3/3/25;transferencia;NO;
220;12620839-1;Patricia Quezada Iturra;2025;4;5/4/25;25000;5000;30000;pagado;3/4/25;tarjeta;NO;
221;12620839-1;Patricia Quezada Iturra;2025;5;5/5/25;25000;0;25000;pagado;1/5/25;transferencia;NO;
222;12620839-1;Patricia Quezada Iturra;2025;6;5/6/25;25000;5000;30000;pagado;4/6/25;tarjeta;NO;
223;12620839-1;Patricia Quezada Iturra;2025;7;5/7/25;25000;0;25000;pagado;2/7/25;transferencia;NO;
224;12620839-1;Patricia Quezada Iturra;2025;8;5/8/25;25000;5000;30000;pagado;5/8/25;tarjeta;NO;
225;12620839-1;Patricia Quezada Iturra;2025;9;5/9/25;25000;12000;37000;pagado;1/9/25;transferencia;NO;
226;12620839-1;Patricia Quezada Iturra;2025;10;5/10/25;25000;5000;30000;pagado;4/10/25;tarjeta;NO;
227;12620839-1;Patricia Quezada Iturra;2025;11;5/11/25;25000;0;25000;atrasado;;;SI;cuota_impaga
228;12620839-1;Patricia Quezada Iturra;2025;12;5/12/25;25000;5000;30000;atrasado;;;SI;cuota_impaga
229;5093909-9;Javiera Barrera Duarte;2025;1;5/1/25;25000;0;25000;pagado;3/1/25;tarjeta;NO;
230;5093909-9;Javiera Barrera Duarte;2025;2;5/2/25;25000;5000;30000;pagado;1/2/25;transferencia;NO;
231;5093909-9;Javiera Barrera Duarte;2025;3;5/3/25;25000;12000;37000;pagado;5/3/25;tarjeta;NO;
232;5093909-9;Javiera Barrera Duarte;2025;4;5/4/25;25000;5000;30000;pagado;2/4/25;transferencia;NO;
233;5093909-9;Javiera Barrera Duarte;2025;5;5/5/25;25000;0;25000;pagado;4/5/25;tarjeta;NO;
234;5093909-9;Javiera Barrera Duarte;2025;6;5/6/25;25000;5000;30000;pagado;1/6/25;transferencia;NO;
235;5093909-9;Javiera Barrera Duarte;2025;7;5/7/25;25000;0;25000;pagado;5/7/25;tarjeta;NO;
236;5093909-9;Javiera Barrera Duarte;2025;8;5/8/25;25000;5000;30000;pagado;3/8/25;transferencia;NO;
237;5093909-9;Javiera Barrera Duarte;2025;9;5/9/25;25000;12000;37000;pagado;5/9/25;tarjeta;NO;
238;5093909-9;Javiera Barrera Duarte;2025;10;5/10/25;25000;5000;30000;pagado;1/10/25;transferencia;NO;
239;5093909-9;Javiera Barrera Duarte;2025;11;5/11/25;25000;0;25000;atrasado;;;SI;cuota_impaga
240;5093909-9;Ana Contreras;2025;12;5/12/25;25000;5000;30000;atrasado;;;SI;nombre_diferente
241;19556227-9;Mauricio Fuentes Contreras;2025;1;5/1/25;25000;0;25000;pagado;4/1/25;transferencia;NO;
242;19556227-9;Mauricio Fuentes Contreras;2025;2;5/2/25;25000;5000;30000;pagado;5/2/25;tarjeta;NO;
243;19556227-9;Mauricio Fuentes Contreras;2025;3;5/3/25;25000;12000;37000;pagado;3/3/25;transferencia;NO;
244;19556227-9;Mauricio Fuentes Contreras;2025;4;5/4/25;25000;5000;30000;pagado;3/4/25;tarjeta;NO;
245;19556227-9;Mauricio Fuentes Contreras;2025;5;5/5/25;25000;0;25000;pagado;1/5/25;transferencia;NO;
246;19556227-9;Mauricio Fuentes Contreras;2025;6;5/6/25;25000;5000;30000;pagado;4/6/25;tarjeta;NO;
247;19556227-9;Mauricio Fuentes Contreras;2025;7;5/7/25;25000;0;25000;pagado;2/7/25;transferencia;NO;
248;19556227-9;Mauricio Fuentes Contreras;2025;8;5/8/25;25000;5000;30000;pagado;5/8/25;tarjeta;NO;
249;19556227-9;Mauricio Fuentes Contreras;2025;9;5/9/25;25000;12000;37000;pagado;1/9/25;transferencia;NO;
250;19556227-9;Mauricio Fuentes Contreras;2025;10;5/10/25;25000;5000;30000;pagado;4/10/25;tarjeta;NO;
251;19556227-9;Mauricio Fuentes Contreras;2025;11;5/11/25;25000;0;25000;atrasado;;;SI;cuota_impaga
252;19556227-9;Juan Gonzalez;2025;12;5/12/25;25000;5000;30000;atrasado;;;SI;nombre_diferente
253;17877848-0;Mauricio Henriquez Espinoza;2025;1;5/1/25;25000;0;25000;pagado;3/1/25;tarjeta;NO;
254;17877848-0;Mauricio Henriquez Espinoza;2025;2;5/2/25;25000;5000;30000;pagado;1/2/25;transferencia;NO;
255;17877848-0;Mauricio Henriquez Espinoza;2025;3;5/3/25;25000;12000;37000;pagado;5/3/25;tarjeta;NO;
256;17877848-0;Mauricio Henriquez Espinoza;2025;4;5/4/25;25000;5000;30000;pagado;2/4/25;transferencia;NO;
257;17877848-0;Mauricio Henriquez Espinoza;2025;5;5/5/25;25000;0;25000;pagado;4/5/25;tarjeta;NO;
258;17877848-0;Mauricio Henriquez Espinoza;2025;6;5/6/25;25000;5000;30000;pagado;1/6/25;transferencia;NO;
259;17877848-0;Mauricio Henriquez Espinoza;2025;7;5/7/25;25000;0;25000;pagado;5/7/25;tarjeta;NO;
260;17877848-0;Mauricio Henriquez Espinoza;2025;8;5/8/25;25000;5000;30000;pagado;3/8/25;transferencia;NO;
261;17877848-0;Mauricio Henriquez Espinoza;2025;9;5/9/25;25000;12000;37000;pagado;5/9/25;tarjeta;NO;
262;17877848-0;Mauricio Henriquez Espinoza;2025;10;5/10/25;25000;5000;30000;pagado;1/10/25;transferencia;NO;
263;17877848-0;Mauricio Henriquez Espinoza;2025;11;5/11/25;25000;0;25000;atrasado;;;SI;cuota_impaga
264;17877848-0;Mauricio Henriquez Espinoza;2025;12;5/12/25;25000;5000;30000;atrasado;;;SI;cuota_impaga
265;12735469-3;Daniela Quezada Nuñez;2025;1;5/1/25;25000;0;25000;pagado;4/1/25;transferencia;NO;
266;12735469-3;Daniela Quezada Nuñez;2025;2;5/2/25;25000;5000;30000;pagado;5/2/25;tarjeta;NO;
267;12735469-3;Daniela Quezada Nuñez;2025;3;5/3/25;25000;12000;37000;pagado;3/3/25;transferencia;NO;
268;12735469-3;Daniela Quezada Nuñez;2025;4;5/4/25;25000;5000;30000;pagado;3/4/25;tarjeta;NO;
269;12735469-3;Daniela Quezada Nuñez;2025;5;5/5/25;25000;0;25000;pagado;1/5/25;transferencia;NO;
270;12735469-3;Daniela Quezada Nuñez;2025;6;5/6/25;25000;5000;30000;pagado;4/6/25;tarjeta;NO;
271;12735469-3;Diego Contreras;2025;7;5/7/25;25000;0;25000;pagado;2/7/25;transferencia;SI;nombre_diferente
272;12735469-3;Daniela Quezada Nuñez;2025;8;5/8/25;25000;5000;30000;pagado;5/8/25;tarjeta;NO;
273;12735469-3;Daniela Quezada Nuñez;2025;9;5/9/25;25000;12000;37000;pagado;1/9/25;transferencia;NO;
274;12735469-3;Daniela Quezada Nuñez;2025;10;5/10/25;25000;5000;30000;pagado;4/10/25;tarjeta;NO;
275;12735469-3;Daniela Quezada Nuñez;2025;11;5/11/25;25000;0;25000;atrasado;;;SI;cuota_impaga
276;12735469-3;Daniela Quezada Nuñez;2025;12;5/12/25;25000;5000;30000;atrasado;;;SI;cuota_impaga
277;21265551-1;Enrique Quezada Mendez;2025;1;5/1/25;25000;0;25000;pagado;3/1/25;tarjeta;NO;
278;21265551-1;Enrique Quezada Mendez;2025;2;5/2/25;25000;5000;30000;pagado;1/2/25;transferencia;NO;
279;21265551-1;Enrique Quezada Mendez;2025;3;5/3/25;25000;12000;37000;pagado;5/3/25;tarjeta;NO;
280;21265551-1;Enrique Quezada Mendez;2025;4;5/4/25;25000;5000;30000;pagado;2/4/25;transferencia;NO;
281;21265551-1;Enrique Quezada Mendez;2025;5;5/5/25;25000;0;25000;pagado;4/5/25;tarjeta;NO;
282;21265551-1;Enrique Quezada Mendez;2025;6;5/6/25;25000;5000;30000;pagado;1/6/25;transferencia;NO;
283;21265551-1;Enrique Quezada Mendez;2025;7;5/7/25;25000;0;25000;pagado;5/7/25;tarjeta;NO;
284;21265551-1;Enrique Quezada Mendez;2025;8;5/8/25;25000;5000;30000;pagado;3/8/25;transferencia;NO;
285;21265551-1;Enrique Quezada Mendez;2025;9;5/9/25;25000;12000;37000;pagado;5/9/25;tarjeta;NO;
286;21265551-1;Enrique Quezada Mendez;2025;10;5/10/25;25000;5000;30000;pagado;1/10/25;transferencia;NO;
287;21265551-1;Enrique Quezada Mendez;2025;11;5/11/25;25000;0;25000;atrasado;;;SI;cuota_impaga
288;21265551-1;Enrique Quezada Mendez;2025;12;5/12/25;25000;5000;30000;atrasado;;;SI;cuota_impaga
289;20789127-4;Daniela Henriquez Duarte;2025;1;5/1/25;25000;0;25000;pagado;4/1/25;transferencia;NO;
290;20789127-4;Daniela Henriquez Duarte;2025;2;5/2/25;25000;5000;30000;pagado;5/2/25;tarjeta;NO;
291;20789127-4;Daniela Henriquez Duarte;2025;3;5/3/25;25000;12000;37000;pagado;3/3/25;transferencia;NO;
292;20789127-4;Daniela Henriquez Duarte;2025;4;5/4/25;25000;5000;30000;pagado;3/4/25;tarjeta;NO;
293;20789127-4;Daniela Henriquez Duarte;2025;5;5/5/25;25000;0;25000;pagado;1/5/25;transferencia;NO;
294;20789127-4;Daniela Henriquez Duarte;2025;6;5/6/25;25000;5000;30000;pagado;4/6/25;tarjeta;NO;
295;20789127-4;Daniela Henriquez Duarte;2025;7;5/7/25;25000;0;25000;pagado;2/7/25;transferencia;NO;
296;20789127-4;Daniela Henriquez Duarte;2025;8;5/8/25;25000;5000;30000;pagado;5/8/25;tarjeta;NO;
297;20789127-4;Daniela Henriquez Duarte;2025;9;5/9/25;25000;12000;37000;pagado;1/9/25;transferencia;NO;
298;20789127-4;Daniela Henriquez Duarte;2025;10;5/10/25;25000;5000;30000;pagado;4/10/25;tarjeta;NO;
299;20789127-4;Daniela Henriquez Duarte;2025;11;5/11/25;25000;0;25000;atrasado;;;SI;cuota_impaga
300;20789127-4;Daniela Henriquez Duarte;2025;12;5/12/25;25000;5000;30000;atrasado;;;SI;cuota_impaga
301;8054887-4;Juan Contreras;2025;1;5/1/25;25000;0;25000;pagado;3/1/25;tarjeta;SI;nombre_diferente
302;8054887-4;Daniela Quezada Espinoza;2025;2;5/2/25;25000;5000;30000;pagado;1/2/25;transferencia;NO;
303;8054887-4;Daniela Quezada Espinoza;2025;3;5/3/25;25000;12000;37000;pagado;5/3/25;tarjeta;NO;
304;8054887-4;Daniela Quezada Espinoza;2025;4;5/4/25;25000;5000;30000;pagado;2/4/25;transferencia;NO;
305;8054887-4;Daniela Quezada Espinoza;2025;5;5/5/25;25000;0;25000;pagado;4/5/25;tarjeta;NO;
306;8054887-4;Daniela Quezada Espinoza;2025;6;5/6/25;25000;5000;30000;pagado;1/6/25;transferencia;NO;
307;8054887-4;Daniela Quezada Espinoza;2025;7;5/7/25;25000;0;25000;pagado;5/7/25;tarjeta;NO;
308;8054887-4;Daniela Quezada Espinoza;2025;8;5/8/25;25000;5000;30000;pagado;3/8/25;transferencia;NO;
309;8054887-4;Daniela Quezada Espinoza;2025;9;5/9/25;25000;12000;37000;pagado;5/9/25;tarjeta;NO;
310;8054887-4;Daniela Quezada Espinoza;2025;10;5/10/25;25000;5000;30000;pagado;1/10/25;transferencia;NO;
311;8054887-4;Daniela Quezada Espinoza;2025;11;5/11/25;25000;0;25000;atrasado;;;SI;cuota_impaga
312;8054887-4;Daniela Quezada Espinoza;2025;12;5/12/25;25000;5000;30000;atrasado;;;SI;cuota_impaga
313;6344903-3;Ignacio Pardo Pardo;2025;1;5/1/25;25000;0;25000;pagado;4/1/25;transferencia;NO;
314;6344903-3;Ignacio Pardo Pardo;2025;2;5/2/25;25000;5000;30000;pagado;5/2/25;tarjeta;NO;
315;6344903-3;Ignacio Pardo Pardo;2025;3;5/3/25;25000;12000;37000;pagado;3/3/25;transferencia;NO;
316;6344903-3;Ignacio Pardo Pardo;2025;4;5/4/25;25000;5000;30000;pagado;3/4/25;tarjeta;NO;
317;6344903-3;Ignacio Pardo Pardo;2025;5;5/5/25;25000;0;25000;pagado;1/5/25;transferencia;NO;
318;6344903-3;Ignacio Pardo Pardo;2025;6;5/6/25;25000;5000;30000;pagado;4/6/25;tarjeta;NO;
319;6344903-3;Ignacio Pardo Pardo;2025;7;5/7/25;25000;0;25000;pagado;2/7/25;transferencia;NO;
320;6344903-3;Ignacio Pardo Pardo;2025;8;5/8/25;25000;5000;30000;pagado;5/8/25;tarjeta;NO;
321;6344903-3;Ignacio Pardo Pardo;2025;9;5/9/25;25000;12000;37000;pagado;1/9/25;transferencia;NO;
322;6344903-3;Ignacio Pardo Pardo;2025;10;5/10/25;25000;5000;30000;pagado;4/10/25;tarjeta;NO;
323;6344903-3;Ignacio Pardo Pardo;2025;11;5/11/25;25000;0;25000;atrasado;;;SI;cuota_impaga
324;6344903-3;Ignacio Pardo Pardo;2025;12;5/12/25;25000;5000;30000;atrasado;;;SI;cuota_impaga
325;6016578-3;Natalia Galdames Contreras;2025;1;5/1/25;25000;0;25000;pagado;3/1/25;tarjeta;NO;
326;6016578-3;Natalia Galdames Contreras;2025;2;5/2/25;25000;5000;30000;pagado;1/2/25;transferencia;NO;
327;6016578-3;Natalia Galdames Contreras;2025;3;5/3/25;25000;12000;37000;pagado;5/3/25;tarjeta;NO;
328;6016578-3;Natalia Galdames Contreras;2025;4;5/4/25;25000;5000;30000;pagado;2/4/25;transferencia;NO;
329;6016578-3;Natalia Galdames Contreras;2025;5;5/5/25;25000;0;25000;pagado;4/5/25;tarjeta;NO;
330;6016578-3;Natalia Galdames Contreras;2025;6;5/6/25;25000;5000;30000;pagado;1/6/25;transferencia;NO;
331;6016578-3;Natalia Galdames Contreras;2025;7;5/7/25;25000;0;25000;pagado;5/7/25;tarjeta;NO;
332;6016578-3;Natalia Galdames Contreras;2025;8;5/8/25;25000;5000;30000;pagado;3/8/25;transferencia;NO;
333;6016578-3;Natalia Galdames Contreras;2025;9;5/9/25;25000;12000;37000;pagado;5/9/25;tarjeta;NO;
334;6016578-3;Natalia Galdames Contreras;2025;10;5/10/25;25000;5000;30000;pagado;1/10/25;transferencia;NO;
335;6016578-3;Natalia Galdames Contreras;2025;11;5/11/25;25000;0;25000;atrasado;;;SI;cuota_impaga
336;6016578-3;Natalia Galdames Contreras;2025;12;5/12/25;25000;5000;30000;atrasado;;;SI;cuota_impaga
337;21896425-6;Beatriz Galdames Espinoza;2025;1;5/1/25;25000;0;25000;pagado;4/1/25;transferencia;NO;
338;21896425-6;Beatriz Galdames Espinoza;2025;2;5/2/25;25000;5000;30000;pagado;5/2/25;tarjeta;NO;
339;21896425-6;Beatriz Galdames Espinoza;2025;3;5/3/25;25000;12000;37000;pagado;3/3/25;transferencia;NO;
340;21896425-6;Beatriz Galdames Espinoza;2025;4;5/4/25;25000;5000;30000;pagado;3/4/25;tarjeta;NO;
341;21896425-6;Beatriz Galdames Espinoza;2025;5;5/5/25;25000;0;25000;pagado;1/5/25;transferencia;NO;
342;21896425-6;Beatriz Galdames Espinoza;2025;6;5/6/25;25000;5000;30000;pagado;4/6/25;tarjeta;NO;
343;21896425-6;Beatriz Galdames Espinoza;2025;7;5/7/25;25000;0;25000;pagado;2/7/25;transferencia;NO;
344;21896425-6;Beatriz Galdames Espinoza;2025;8;5/8/25;25000;5000;30000;pagado;5/8/25;tarjeta;NO;
345;21896425-6;Juan Rojas;2025;9;5/9/25;25000;12000;37000;pagado;1/9/25;transferencia;SI;nombre_diferente
346;21896425-6;Beatriz Galdames Espinoza;2025;10;5/10/25;25000;5000;30000;pagado;4/10/25;tarjeta;NO;
347;21896425-6;Beatriz Galdames Espinoza;2025;11;5/11/25;25000;0;25000;atrasado;;;SI;cuota_impaga
348;21896425-6;Beatriz Galdames Espinoza;2025;12;5/12/25;25000;5000;30000;atrasado;;;SI;cuota_impaga
349;15913517-9;Gonzalo Lagos Mendez;2025;1;5/1/25;25000;0;25000;pagado;3/1/25;tarjeta;NO;
350;15913517-9;Gonzalo Lagos Mendez;2025;2;5/2/25;25000;5000;30000;pagado;1/2/25;transferencia;NO;
351;15913517-9;Pedro Gonzalez;2025;3;5/3/25;25000;12000;37000;pagado;5/3/25;tarjeta;SI;nombre_diferente
352;15913517-9;Gonzalo Lagos Mendez;2025;4;5/4/25;25000;5000;30000;pagado;2/4/25;transferencia;NO;
353;15913517-9;Pedro Gonzalez;2025;5;5/5/25;25000;0;25000;pagado;4/5/25;tarjeta;SI;nombre_diferente
354;15913517-9;Gonzalo Lagos Mendez;2025;6;5/6/25;25000;5000;30000;pagado;1/6/25;transferencia;NO;
355;15913517-9;Gonzalo Lagos Mendez;2025;7;5/7/25;25000;0;25000;pagado;5/7/25;tarjeta;NO;
356;15913517-9;Gonzalo Lagos Mendez;2025;8;5/8/25;25000;5000;30000;pagado;3/8/25;transferencia;NO;
357;15913517-9;Gonzalo Lagos Mendez;2025;9;5/9/25;25000;12000;37000;pagado;5/9/25;tarjeta;NO;
358;15913517-9;Gonzalo Lagos Mendez;2025;10;5/10/25;25000;5000;30000;pagado;1/10/25;transferencia;NO;
359;15913517-9;Gonzalo Lagos Mendez;2025;11;5/11/25;25000;0;25000;atrasado;;;SI;cuota_impaga
360;15913517-9;Gonzalo Lagos Mendez;2025;12;5/12/25;25000;5000;30000;atrasado;;;SI;cuota_impaga
361;17526820-0;Ignacio Espinoza Galdames;2025;1;5/1/25;25000;0;25000;pagado;4/1/25;transferencia;NO;
362;17526820-0;Ignacio Espinoza Galdames;2025;2;5/2/25;25000;5000;30000;pagado;5/2/25;tarjeta;NO;
363;17526820-0;Ignacio Espinoza Galdames;2025;3;5/3/25;25000;12000;37000;pagado;3/3/25;transferencia;NO;
364;17526820-0;Ignacio Espinoza Galdames;2025;4;5/4/25;25000;5000;30000;pagado;3/4/25;tarjeta;NO;
365;17526820-0;Ignacio Espinoza Galdames;2025;5;5/5/25;25000;0;25000;pagado;1/5/25;transferencia;NO;
366;17526820-0;Ignacio Espinoza Galdames;2025;6;5/6/25;25000;5000;30000;pagado;4/6/25;tarjeta;NO;
367;17526820-0;Ignacio Espinoza Galdames;2025;7;5/7/25;25000;0;25000;pagado;2/7/25;transferencia;NO;
368;17526820-0;Ignacio Espinoza Galdames;2025;8;5/8/25;25000;5000;30000;pagado;5/8/25;tarjeta;NO;
369;17526820-0;Ignacio Espinoza Galdames;2025;9;5/9/25;25000;12000;37000;pagado;1/9/25;transferencia;NO;
370;17526820-0;Ignacio Espinoza Galdames;2025;10;5/10/25;25000;5000;30000;pagado;4/10/25;tarjeta;NO;
371;17526820-0;Ignacio Espinoza Galdames;2025;11;5/11/25;25000;0;25000;atrasado;;;SI;cuota_impaga
372;17526820-0;Ignacio Espinoza Galdames;2025;12;5/12/25;25000;5000;30000;atrasado;;;SI;cuota_impaga
373;16103628-5;Helena Alvarez Mendez;2025;1;5/1/25;25000;0;25000;pagado;3/1/25;tarjeta;NO;
374;16103628-5;Helena Alvarez Mendez;2025;2;5/2/25;25000;5000;30000;pagado;1/2/25;transferencia;NO;
375;16103628-5;Helena Alvarez Mendez;2025;3;5/3/25;25000;12000;37000;pagado;5/3/25;tarjeta;NO;
376;16103628-5;Helena Alvarez Mendez;2025;4;5/4/25;25000;5000;30000;pagado;2/4/25;transferencia;NO;
377;16103628-5;Helena Alvarez Mendez;2025;5;5/5/25;25000;0;25000;pagado;4/5/25;tarjeta;NO;
378;16103628-5;Helena Alvarez Mendez;2025;6;5/6/25;25000;5000;30000;pagado;1/6/25;transferencia;NO;
379;16103628-5;Helena Alvarez Mendez;2025;7;5/7/25;25000;0;25000;pagado;5/7/25;tarjeta;NO;
380;16103628-5;Helena Alvarez Mendez;2025;8;5/8/25;25000;5000;30000;pagado;3/8/25;transferencia;NO;
381;16103628-5;Helena Alvarez Mendez;2025;9;5/9/25;25000;12000;37000;pagado;5/9/25;tarjeta;NO;
382;16103628-5;Helena Alvarez Mendez;2025;10;5/10/25;25000;5000;30000;pagado;1/10/25;transferencia;NO;
383;16103628-5;Helena Alvarez Mendez;2025;11;5/11/25;25000;0;25000;atrasado;;;SI;cuota_impaga
384;16103628-5;Helena Alvarez Mendez;2025;12;5/12/25;25000;5000;30000;atrasado;;;SI;cuota_impaga
385;24941085-3;Natalia Contreras Jara;2025;1;5/1/25;25000;0;25000;pagado;4/1/25;transferencia;NO;
386;24941085-3;Natalia Contreras Jara;2025;2;5/2/25;25000;5000;30000;pagado;5/2/25;tarjeta;NO;
387;24941085-3;Natalia Contreras Jara;2025;3;5/3/25;25000;12000;37000;pagado;3/3/25;transferencia;NO;
388;24941085-3;Natalia Contreras Jara;2025;4;5/4/25;25000;5000;30000;pagado;3/4/25;tarjeta;NO;
389;24941085-3;Natalia Contreras Jara;2025;5;5/5/25;25000;0;25000;pagado;1/5/25;transferencia;NO;
390;24941085-3;Natalia Contreras Jara;2025;6;5/6/25;25000;5000;30000;pagado;4/6/25;tarjeta;NO;
391;24941085-3;Natalia Contreras Jara;2025;7;5/7/25;25000;0;25000;pagado;2/7/25;transferencia;NO;
392;24941085-3;Natalia Contreras Jara;2025;8;5/8/25;25000;5000;30000;pagado;5/8/25;tarjeta;NO;
393;24941085-3;Natalia Contreras Jara;2025;9;5/9/25;25000;12000;37000;pagado;1/9/25;transferencia;NO;
394;24941085-3;Natalia Contreras Jara;2025;10;5/10/25;25000;5000;30000;pagado;4/10/25;tarjeta;NO;
395;24941085-3;Ana Rojas;2025;11;5/11/25;25000;0;25000;atrasado;;;SI;nombre_diferente
396;24941085-3;Natalia Contreras Jara;2025;12;5/12/25;25000;5000;30000;atrasado;;;SI;cuota_impaga
397;21325038-8;Loreto Nuñez Henriquez;2025;1;5/1/25;25000;0;25000;pagado;3/1/25;tarjeta;NO;
398;21325038-8;Loreto Nuñez Henriquez;2025;2;5/2/25;25000;5000;30000;pagado;1/2/25;transferencia;NO;
399;21325038-8;Loreto Nuñez Henriquez;2025;3;5/3/25;25000;12000;37000;pagado;5/3/25;tarjeta;NO;
400;21325038-8;Loreto Nuñez Henriquez;2025;4;5/4/25;25000;5000;30000;pagado;2/4/25;transferencia;NO;
401;21325038-8;Loreto Nuñez Henriquez;2025;5;5/5/25;25000;0;25000;pagado;4/5/25;tarjeta;NO;
402;21325038-8;Loreto Nuñez Henriquez;2025;6;5/6/25;25000;5000;30000;pagado;1/6/25;transferencia;NO;
403;21325038-8;Loreto Nuñez Henriquez;2025;7;5/7/25;25000;0;25000;pagado;5/7/25;tarjeta;NO;
404;21325038-8;Loreto Nuñez Henriquez;2025;8;5/8/25;25000;5000;30000;pagado;3/8/25;transferencia;NO;
405;21325038-8;Loreto Nuñez Henriquez;2025;9;5/9/25;25000;12000;37000;pagado;5/9/25;tarjeta;NO;
406;21325038-8;Loreto Nuñez Henriquez;2025;10;5/10/25;25000;5000;30000;pagado;1/10/25;transferencia;NO;
407;21325038-8;Loreto Nuñez Henriquez;2025;11;5/11/25;25000;0;25000;atrasado;;;SI;cuota_impaga
408;21325038-8;Loreto Nuñez Henriquez;2025;12;5/12/25;25000;5000;30000;atrasado;;;SI;cuota_impaga
409;18257455-3;Kevin Iturra Nuñez;2025;1;5/1/25;25000;0;25000;pagado;4/1/25;transferencia;NO;
410;18257455-3;Kevin Iturra Nuñez;2025;2;5/2/25;25000;5000;30000;pagado;5/2/25;tarjeta;NO;
411;18257455-3;Kevin Iturra Nuñez;2025;3;5/3/25;25000;12000;37000;pagado;3/3/25;transferencia;NO;
412;18257455-3;Sofia Gonzalez;2025;4;5/4/25;25000;5000;30000;pagado;3/4/25;tarjeta;SI;nombre_diferente
413;18257455-3;Kevin Iturra Nuñez;2025;5;5/5/25;25000;0;25000;pagado;1/5/25;transferencia;NO;
414;18257455-3;Kevin Iturra Nuñez;2025;6;5/6/25;25000;5000;30000;pagado;4/6/25;tarjeta;NO;
415;18257455-3;Kevin Iturra Nuñez;2025;7;5/7/25;25000;0;25000;pagado;2/7/25;transferencia;NO;
416;18257455-3;Kevin Iturra Nuñez;2025;8;5/8/25;25000;5000;30000;pagado;5/8/25;tarjeta;NO;
417;18257455-3;Kevin Iturra Nuñez;2025;9;5/9/25;25000;12000;37000;pagado;1/9/25;transferencia;NO;
418;18257455-3;Kevin Iturra Nuñez;2025;10;5/10/25;25000;5000;30000;pagado;4/10/25;tarjeta;NO;
419;18257455-3;Kevin Iturra Nuñez;2025;11;5/11/25;25000;0;25000;atrasado;;;SI;cuota_impaga
420;18257455-3;Kevin Iturra Nuñez;2025;12;5/12/25;25000;5000;30000;atrasado;;;SI;cuota_impaga
421;19067421-4;Enrique Henriquez Contreras;2025;1;5/1/25;25000;0;25000;pagado;3/1/25;tarjeta;NO;
422;19067421-4;Enrique Henriquez Contreras;2025;2;5/2/25;25000;5000;30000;pagado;1/2/25;transferencia;NO;
423;19067421-4;Juan Contreras;2025;3;5/3/25;25000;12000;37000;pagado;5/3/25;tarjeta;SI;nombre_diferente
424;19067421-4;Enrique Henriquez Contreras;2025;4;5/4/25;25000;5000;30000;pagado;2/4/25;transferencia;NO;
425;19067421-4;Enrique Henriquez Contreras;2025;5;5/5/25;25000;0;25000;pagado;4/5/25;tarjeta;NO;
426;19067421-4;Enrique Henriquez Contreras;2025;6;5/6/25;25000;5000;30000;pagado;1/6/25;transferencia;NO;
427;19067421-4;Enrique Henriquez Contreras;2025;7;5/7/25;25000;0;25000;pagado;5/7/25;tarjeta;NO;
428;19067421-4;Enrique Henriquez Contreras;2025;8;5/8/25;25000;5000;30000;pagado;3/8/25;transferencia;NO;
429;19067421-4;Enrique Henriquez Contreras;2025;9;5/9/25;25000;12000;37000;pagado;5/9/25;tarjeta;NO;
430;19067421-4;Juan Contreras;2025;10;5/10/25;25000;5000;30000;pagado;1/10/25;transferencia;SI;nombre_diferente
431;19067421-4;Enrique Henriquez Contreras;2025;11;5/11/25;25000;0;25000;atrasado;;;SI;cuota_impaga
432;19067421-4;Enrique Henriquez Contreras;2025;12;5/12/25;25000;5000;30000;atrasado;;;SI;cuota_impaga
433;23937539-1;Beatriz Barrera Fuentes;2025;1;5/1/25;25000;0;25000;pagado;4/1/25;transferencia;NO;
434;23937539-1;Beatriz Barrera Fuentes;2025;2;5/2/25;25000;5000;30000;pagado;5/2/25;tarjeta;NO;
435;23937539-1;Beatriz Barrera Fuentes;2025;3;5/3/25;25000;12000;37000;pagado;3/3/25;transferencia;NO;
436;23937539-1;Beatriz Barrera Fuentes;2025;4;5/4/25;25000;5000;30000;pagado;3/4/25;tarjeta;NO;
437;23937539-1;Beatriz Barrera Fuentes;2025;5;5/5/25;25000;0;25000;pagado;1/5/25;transferencia;NO;
438;23937539-1;Beatriz Barrera Fuentes;2025;6;5/6/25;25000;5000;30000;pagado;4/6/25;tarjeta;NO;
439;23937539-1;Beatriz Barrera Fuentes;2025;7;5/7/25;25000;0;25000;pagado;2/7/25;transferencia;NO;
440;23937539-1;Beatriz Barrera Fuentes;2025;8;5/8/25;25000;5000;30000;pagado;5/8/25;tarjeta;NO;
441;23937539-1;Beatriz Barrera Fuentes;2025;9;5/9/25;25000;12000;37000;pagado;1/9/25;transferencia;NO;
442;23937539-1;Beatriz Barrera Fuentes;2025;10;5/10/25;25000;5000;30000;pagado;4/10/25;tarjeta;NO;
443;23937539-1;Beatriz Barrera Fuentes;2025;11;5/11/25;25000;0;25000;atrasado;;;SI;cuota_impaga
444;23937539-1;Beatriz Barrera Fuentes;2025;12;5/12/25;25000;5000;30000;atrasado;;;SI;cuota_impaga
445;23230624-6;Patricia Jara Espinoza;2025;1;5/1/25;25000;0;25000;pagado;3/1/25;tarjeta;NO;
446;23230624-6;Patricia Jara Espinoza;2025;2;5/2/25;25000;5000;30000;pagado;1/2/25;transferencia;NO;
447;23230624-6;Patricia Jara Espinoza;2025;3;5/3/25;25000;12000;37000;pagado;5/3/25;tarjeta;NO;
448;23230624-6;Patricia Jara Espinoza;2025;4;5/4/25;25000;5000;30000;pagado;2/4/25;transferencia;NO;
449;23230624-6;Patricia Jara Espinoza;2025;5;5/5/25;25000;0;25000;pagado;4/5/25;tarjeta;NO;
450;23230624-6;Patricia Jara Espinoza;2025;6;5/6/25;25000;5000;30000;pagado;1/6/25;transferencia;NO;
451;23230624-6;Patricia Jara Espinoza;2025;7;5/7/25;25000;0;25000;pagado;5/7/25;tarjeta;NO;
452;23230624-6;Patricia Jara Espinoza;2025;8;5/8/25;25000;5000;30000;pagado;3/8/25;transferencia;NO;
453;23230624-6;Patricia Jara Espinoza;2025;9;5/9/25;25000;12000;37000;pagado;5/9/25;tarjeta;NO;
454;23230624-6;Patricia Jara Espinoza;2025;10;5/10/25;25000;5000;30000;pagado;1/10/25;transferencia;NO;
455;23230624-6;Patricia Jara Espinoza;2025;11;5/11/25;25000;0;25000;atrasado;;;SI;cuota_impaga
456;23230624-6;Patricia Jara Espinoza;2025;12;5/12/25;25000;5000;30000;atrasado;;;SI;cuota_impaga
457;5214098-6;Natalia Quezada Nuñez;2025;1;5/1/25;25000;0;25000;pagado;4/1/25;transferencia;NO;
458;5214098-6;Natalia Quezada Nuñez;2025;2;5/2/25;25000;5000;30000;pagado;5/2/25;tarjeta;NO;
459;5214098-6;Natalia Quezada Nuñez;2025;3;5/3/25;25000;12000;37000;pagado;3/3/25;transferencia;NO;
460;5214098-6;Natalia Quezada Nuñez;2025;4;5/4/25;25000;5000;30000;pagado;3/4/25;tarjeta;NO;
461;5214098-6;Natalia Quezada Nuñez;2025;5;5/5/25;25000;0;25000;pagado;1/5/25;transferencia;NO;
462;5214098-6;Natalia Quezada Nuñez;2025;6;5/6/25;25000;5000;30000;pagado;4/6/25;tarjeta;NO;
463;5214098-6;Natalia Quezada Nuñez;2025;7;5/7/25;25000;0;25000;pagado;2/7/25;transferencia;NO;
464;5214098-6;Natalia Quezada Nuñez;2025;8;5/8/25;25000;5000;30000;pagado;5/8/25;tarjeta;NO;
465;5214098-6;Natalia Quezada Nuñez;2025;9;5/9/25;25000;12000;37000;pagado;1/9/25;transferencia;NO;
466;5214098-6;Natalia Quezada Nuñez;2025;10;5/10/25;25000;5000;30000;pagado;4/10/25;tarjeta;NO;
467;5214098-6;Natalia Quezada Nuñez;2025;11;5/11/25;25000;0;25000;atrasado;;;SI;cuota_impaga
468;5214098-6;Natalia Quezada Nuñez;2025;12;5/12/25;25000;5000;30000;atrasado;;;SI;cuota_impaga
469;9774947-7;Gonzalo Galdames Jara;2025;1;5/1/25;25000;0;25000;pagado;3/1/25;tarjeta;NO;
470;9774947-7;Gonzalo Galdames Jara;2025;2;5/2/25;25000;5000;30000;pagado;1/2/25;transferencia;NO;
471;9774947-7;Gonzalo Galdames Jara;2025;3;5/3/25;25000;12000;37000;pagado;5/3/25;tarjeta;NO;
472;9774947-7;Gonzalo Galdames Jara;2025;4;5/4/25;25000;5000;30000;pagado;2/4/25;transferencia;NO;
473;9774947-7;Gonzalo Galdames Jara;2025;5;5/5/25;25000;0;25000;pagado;4/5/25;tarjeta;NO;
474;9774947-7;Gonzalo Galdames Jara;2025;6;5/6/25;25000;5000;30000;pagado;1/6/25;transferencia;NO;
475;9774947-7;Gonzalo Galdames Jara;2025;7;5/7/25;25000;0;25000;pagado;5/7/25;tarjeta;NO;
476;9774947-7;Gonzalo Galdames Jara;2025;8;5/8/25;25000;5000;30000;pagado;3/8/25;transferencia;NO;
477;9774947-7;Gonzalo Galdames Jara;2025;9;5/9/25;25000;12000;37000;pagado;5/9/25;tarjeta;NO;
478;9774947-7;Gonzalo Galdames Jara;2025;10;5/10/25;25000;5000;30000;pagado;1/10/25;transferencia;NO;
479;9774947-7;Gonzalo Galdames Jara;2025;11;5/11/25;25000;0;25000;atrasado;;;SI;cuota_impaga
480;9774947-7;Gonzalo Galdames Jara;2025;12;5/12/25;25000;5000;30000;atrasado;;;SI;cuota_impaga
481;24211768-8;Helena Nuñez Iturra;2025;1;5/1/25;25000;0;25000;pagado;4/1/25;transferencia;NO;
482;24211768-8;Helena Nuñez Iturra;2025;2;5/2/25;25000;5000;30000;pagado;5/2/25;tarjeta;NO;
483;24211768-8;Helena Nuñez Iturra;2025;3;5/3/25;25000;12000;37000;pagado;3/3/25;transferencia;NO;
484;24211768-8;Helena Nuñez Iturra;2025;4;5/4/25;25000;5000;30000;pagado;3/4/25;tarjeta;NO;
485;24211768-8;Helena Nuñez Iturra;2025;5;5/5/25;25000;0;25000;pagado;1/5/25;transferencia;NO;
486;24211768-8;Helena Nuñez Iturra;2025;6;5/6/25;25000;5000;30000;pagado;4/6/25;tarjeta;NO;
487;24211768-8;Helena Nuñez Iturra;2025;7;5/7/25;25000;0;25000;pagado;2/7/25;transferencia;NO;
488;24211768-8;Helena Nuñez Iturra;2025;8;5/8/25;25000;5000;30000;pagado;5/8/25;tarjeta;NO;
489;24211768-8;Helena Nuñez Iturra;2025;9;5/9/25;25000;12000;37000;pagado;1/9/25;transferencia;NO;
490;24211768-8;Helena Nuñez Iturra;2025;10;5/10/25;25000;5000;30000;pagado;4/10/25;tarjeta;NO;
491;24211768-8;Helena Nuñez Iturra;2025;11;5/11/25;25000;0;25000;atrasado;;;SI;cuota_impaga
492;24211768-8;Helena Nuñez Iturra;2025;12;5/12/25;25000;5000;30000;atrasado;;;SI;cuota_impaga
493;7854704-9;Mauricio Espinoza Alvarez;2025;1;5/1/25;25000;0;25000;pagado;3/1/25;tarjeta;NO;
494;7854704-9;Mauricio Espinoza Alvarez;2025;2;5/2/25;25000;5000;30000;pagado;1/2/25;transferencia;NO;
495;7854704-9;Mauricio Espinoza Alvarez;2025;3;5/3/25;25000;12000;37000;pagado;5/3/25;tarjeta;NO;
496;7854704-9;Mauricio Espinoza Alvarez;2025;4;5/4/25;25000;5000;30000;pagado;2/4/25;transferencia;NO;
497;7854704-9;Mauricio Espinoza Alvarez;2025;5;5/5/25;25000;0;25000;pagado;4/5/25;tarjeta;NO;
498;7854704-9;Mauricio Espinoza Alvarez;2025;6;5/6/25;25000;5000;30000;pagado;1/6/25;transferencia;NO;
499;7854704-9;Mauricio Espinoza Alvarez;2025;7;5/7/25;25000;0;25000;pagado;5/7/25;tarjeta;NO;
500;7854704-9;Mauricio Espinoza Alvarez;2025;8;5/8/25;25000;5000;30000;pagado;3/8/25;transferencia;NO;
501;7854704-9;Mauricio Espinoza Alvarez;2025;9;5/9/25;25000;12000;37000;pagado;5/9/25;tarjeta;NO;
502;7854704-9;Mauricio Espinoza Alvarez;2025;10;5/10/25;25000;5000;30000;pagado;1/10/25;transferencia;NO;
503;7854704-9;Mauricio Espinoza Alvarez;2025;11;5/11/25;25000;0;25000;atrasado;;;SI;cuota_impaga
504;7854704-9;Mauricio Espinoza Alvarez;2025;12;5/12/25;25000;5000;30000;atrasado;;;SI;cuota_impaga
505;12794848-0;Ignacio Fuentes Espinoza;2025;1;5/1/25;25000;0;25000;pagado;4/1/25;transferencia;NO;
506;12794848-0;Ignacio Fuentes Espinoza;2025;2;5/2/25;25000;5000;30000;pagado;5/2/25;tarjeta;NO;
507;12794848-0;Ignacio Fuentes Espinoza;2025;3;5/3/25;25000;12000;37000;pagado;3/3/25;transferencia;NO;
508;12794848-0;Ignacio Fuentes Espinoza;2025;4;5/4/25;25000;5000;30000;pagado;3/4/25;tarjeta;NO;
509;12794848-0;Ignacio Fuentes Espinoza;2025;5;5/5/25;25000;0;25000;pagado;1/5/25;transferencia;NO;
510;12794848-0;Ignacio Fuentes Espinoza;2025;6;5/6/25;25000;5000;30000;pagado;4/6/25;tarjeta;NO;
511;12794848-0;Ignacio Fuentes Espinoza;2025;7;5/7/25;25000;0;25000;pagado;2/7/25;transferencia;NO;
512;12794848-0;Ignacio Fuentes Espinoza;2025;8;5/8/25;25000;5000;30000;pagado;5/8/25;tarjeta;NO;
513;12794848-0;Ignacio Fuentes Espinoza;2025;9;5/9/25;25000;12000;37000;pagado;1/9/25;transferencia;NO;
514;12794848-0;Ignacio Fuentes Espinoza;2025;10;5/10/25;25000;5000;30000;pagado;4/10/25;tarjeta;NO;
515;12794848-0;Ignacio Fuentes Espinoza;2025;11;5/11/25;25000;0;25000;atrasado;;;SI;cuota_impaga
516;12794848-0;Ignacio Fuentes Espinoza;2025;12;5/12/25;25000;5000;30000;atrasado;;;SI;cuota_impaga
517;23271233-3;Patricia Nuñez Duarte;2025;1;5/1/25;25000;0;25000;pagado;3/1/25;tarjeta;NO;
518;23271233-3;Patricia Nuñez Duarte;2025;2;5/2/25;25000;5000;30000;pagado;1/2/25;transferencia;NO;
519;23271233-3;Patricia Nuñez Duarte;2025;3;5/3/25;25000;12000;37000;pagado;5/3/25;tarjeta;NO;
520;23271233-3;Patricia Nuñez Duarte;2025;4;5/4/25;25000;5000;30000;pagado;2/4/25;transferencia;NO;
521;23271233-3;Patricia Nuñez Duarte;2025;5;5/5/25;25000;0;25000;pagado;4/5/25;tarjeta;NO;
522;23271233-3;Patricia Nuñez Duarte;2025;6;5/6/25;25000;5000;30000;pagado;1/6/25;transferencia;NO;
523;23271233-3;Patricia Nuñez Duarte;2025;7;5/7/25;25000;0;25000;pagado;5/7/25;tarjeta;NO;
524;23271233-3;Patricia Nuñez Duarte;2025;8;5/8/25;25000;5000;30000;pagado;3/8/25;transferencia;NO;
525;23271233-3;Patricia Nuñez Duarte;2025;9;5/9/25;25000;12000;37000;pagado;5/9/25;tarjeta;NO;
526;23271233-3;Patricia Nuñez Duarte;2025;10;5/10/25;25000;5000;30000;pagado;1/10/25;transferencia;NO;
527;23271233-3;Patricia Nuñez Duarte;2025;11;5/11/25;25000;0;25000;atrasado;;;SI;cuota_impaga
528;23271233-3;Patricia Nuñez Duarte;2025;12;5/12/25;25000;5000;30000;atrasado;;;SI;cuota_impaga
529;21038193-7;Felicia Pardo Galdames;2025;1;5/1/25;25000;0;25000;pagado;4/1/25;transferencia;NO;
530;21038193-7;Felicia Pardo Galdames;2025;2;5/2/25;25000;5000;30000;pagado;5/2/25;tarjeta;NO;
531;21038193-7;Felicia Pardo Galdames;2025;3;5/3/25;25000;12000;37000;pagado;3/3/25;transferencia;NO;
532;21038193-7;Felicia Pardo Galdames;2025;4;5/4/25;25000;5000;30000;pagado;3/4/25;tarjeta;NO;
533;21038193-7;Felicia Pardo Galdames;2025;5;5/5/25;25000;0;25000;pagado;1/5/25;transferencia;NO;
534;21038193-7;Felicia Pardo Galdames;2025;6;5/6/25;25000;5000;30000;pagado;4/6/25;tarjeta;NO;
535;21038193-7;Felicia Pardo Galdames;2025;7;5/7/25;25000;0;25000;pagado;2/7/25;transferencia;NO;
536;21038193-7;Felicia Pardo Galdames;2025;8;5/8/25;25000;5000;30000;pagado;5/8/25;tarjeta;NO;
537;21038193-7;Felicia Pardo Galdames;2025;9;5/9/25;25000;12000;37000;pagado;1/9/25;transferencia;NO;
538;21038193-7;Felicia Pardo Galdames;2025;10;5/10/25;25000;5000;30000;pagado;4/10/25;tarjeta;NO;
539;21038193-7;Felicia Pardo Galdames;2025;11;5/11/25;25000;0;25000;atrasado;;;SI;cuota_impaga
540;21038193-7;Felicia Pardo Galdames;2025;12;5/12/25;25000;5000;30000;atrasado;;;SI;cuota_impaga
541;11750440-9;Helena Henriquez Nuñez;2025;1;5/1/25;25000;0;25000;pagado;3/1/25;tarjeta;NO;
542;11750440-9;Helena Henriquez Nuñez;2025;2;5/2/25;25000;5000;30000;pagado;1/2/25;transferencia;NO;
543;11750440-9;Helena Henriquez Nuñez;2025;3;5/3/25;25000;12000;37000;pagado;5/3/25;tarjeta;NO;
544;11750440-9;Helena Henriquez Nuñez;2025;4;5/4/25;25000;5000;30000;pagado;2/4/25;transferencia;NO;
545;11750440-9;Helena Henriquez Nuñez;2025;5;5/5/25;25000;0;25000;pagado;4/5/25;tarjeta;NO;
546;11750440-9;Helena Henriquez Nuñez;2025;6;5/6/25;25000;5000;30000;pagado;1/6/25;transferencia;NO;
547;11750440-9;Helena Henriquez Nuñez;2025;7;5/7/25;25000;0;25000;pagado;5/7/25;tarjeta;NO;
548;11750440-9;Helena Henriquez Nuñez;2025;8;5/8/25;25000;5000;30000;pagado;3/8/25;transferencia;NO;
549;11750440-9;Helena Henriquez Nuñez;2025;9;5/9/25;25000;12000;37000;pagado;5/9/25;tarjeta;NO;
550;11750440-9;Helena Henriquez Nuñez;2025;10;5/10/25;25000;5000;30000;pagado;1/10/25;transferencia;NO;
551;11750440-9;Helena Henriquez Nuñez;2025;11;5/11/25;25000;0;25000;atrasado;;;SI;cuota_impaga
552;11750440-9;Helena Henriquez Nuñez;2025;12;5/12/25;25000;5000;30000;atrasado;;;SI;cuota_impaga
553;24377951-9;Ignacio Mendez Henriquez;2025;1;5/1/25;25000;0;25000;pagado;4/1/25;transferencia;NO;
554;24377951-9;Ignacio Mendez Henriquez;2025;2;5/2/25;25000;5000;30000;pagado;5/2/25;tarjeta;NO;
555;24377951-9;Ignacio Mendez Henriquez;2025;3;5/3/25;25000;12000;37000;pagado;3/3/25;transferencia;NO;
556;24377951-9;Ignacio Mendez Henriquez;2025;4;5/4/25;25000;5000;30000;pagado;3/4/25;tarjeta;NO;
557;24377951-9;Ignacio Mendez Henriquez;2025;5;5/5/25;25000;0;25000;pagado;1/5/25;transferencia;NO;
558;24377951-9;Ignacio Mendez Henriquez;2025;6;5/6/25;25000;5000;30000;pagado;4/6/25;tarjeta;NO;
559;24377951-9;Ignacio Mendez Henriquez;2025;7;5/7/25;25000;0;25000;pagado;2/7/25;transferencia;NO;
560;24377951-9;Ignacio Mendez Henriquez;2025;8;5/8/25;25000;5000;30000;pagado;5/8/25;tarjeta;NO;
561;24377951-9;Ignacio Mendez Henriquez;2025;9;5/9/25;25000;12000;37000;pagado;1/9/25;transferencia;NO;
562;24377951-9;Ignacio Mendez Henriquez;2025;10;5/10/25;25000;5000;30000;pagado;4/10/25;tarjeta;NO;
563;24377951-9;Ignacio Mendez Henriquez;2025;11;5/11/25;25000;0;25000;atrasado;;;SI;cuota_impaga
564;24377951-9;Ignacio Mendez Henriquez;2025;12;5/12/25;25000;5000;30000;atrasado;;;SI;cuota_impaga
565;24724208-2;Helena Quezada Duarte;2025;1;5/1/25;25000;0;25000;pagado;3/1/25;tarjeta;NO;
566;24724208-2;Helena Quezada Duarte;2025;2;5/2/25;25000;5000;30000;pagado;1/2/25;transferencia;NO;
567;24724208-2;Helena Quezada Duarte;2025;3;5/3/25;25000;12000;37000;pagado;5/3/25;tarjeta;NO;
568;24724208-2;Helena Quezada Duarte;2025;4;5/4/25;25000;5000;30000;pagado;2/4/25;transferencia;NO;
569;24724208-2;Helena Quezada Duarte;2025;5;5/5/25;25000;0;25000;pagado;4/5/25;tarjeta;NO;
570;24724208-2;Helena Quezada Duarte;2025;6;5/6/25;25000;5000;30000;pagado;1/6/25;transferencia;NO;
571;24724208-2;Helena Quezada Duarte;2025;7;5/7/25;25000;0;25000;pagado;5/7/25;tarjeta;NO;
572;24724208-2;Helena Quezada Duarte;2025;8;5/8/25;25000;5000;30000;pagado;3/8/25;transferencia;NO;
573;24724208-2;Helena Quezada Duarte;2025;9;5/9/25;25000;12000;37000;pagado;5/9/25;tarjeta;NO;
574;24724208-2;Helena Quezada Duarte;2025;10;5/10/25;25000;5000;30000;pagado;1/10/25;transferencia;NO;
575;24724208-2;Helena Quezada Duarte;2025;11;5/11/25;25000;0;25000;atrasado;;;SI;cuota_impaga
576;24724208-2;Helena Quezada Duarte;2025;12;5/12/25;25000;5000;30000;atrasado;;;SI;cuota_impaga
577;9897596-9;Daniela Quezada Contreras;2025;1;5/1/25;25000;0;25000;pagado;4/1/25;transferencia;NO;
578;9897596-9;Daniela Quezada Contreras;2025;2;5/2/25;25000;5000;30000;pagado;5/2/25;tarjeta;NO;
579;9897596-9;Daniela Quezada Contreras;2025;3;5/3/25;25000;12000;37000;pagado;3/3/25;transferencia;NO;
580;9897596-9;Daniela Quezada Contreras;2025;4;5/4/25;25000;5000;30000;pagado;3/4/25;tarjeta;NO;
581;9897596-9;Daniela Quezada Contreras;2025;5;5/5/25;25000;0;25000;pagado;1/5/25;transferencia;NO;
582;9897596-9;Daniela Quezada Contreras;2025;6;5/6/25;25000;5000;30000;pagado;4/6/25;tarjeta;NO;
583;9897596-9;Daniela Quezada Contreras;2025;7;5/7/25;25000;0;25000;pagado;2/7/25;transferencia;NO;
584;9897596-9;Daniela Quezada Contreras;2025;8;5/8/25;25000;5000;30000;pagado;5/8/25;tarjeta;NO;
585;9897596-9;Daniela Quezada Contreras;2025;9;5/9/25;25000;12000;37000;pagado;1/9/25;transferencia;NO;
586;9897596-9;Daniela Quezada Contreras;2025;10;5/10/25;25000;5000;30000;pagado;4/10/25;tarjeta;NO;
587;9897596-9;Daniela Quezada Contreras;2025;11;5/11/25;25000;0;25000;atrasado;;;SI;cuota_impaga
588;9897596-9;Daniela Quezada Contreras;2025;12;5/12/25;25000;5000;30000;atrasado;;;SI;cuota_impaga
589;9666051-2;Helena Henriquez Fuentes;2025;1;5/1/25;25000;0;25000;pagado;3/1/25;tarjeta;NO;
590;9666051-2;Helena Henriquez Fuentes;2025;2;5/2/25;25000;5000;30000;pagado;1/2/25;transferencia;NO;
591;9666051-2;Helena Henriquez Fuentes;2025;3;5/3/25;25000;12000;37000;pagado;5/3/25;tarjeta;NO;
592;9666051-2;Helena Henriquez Fuentes;2025;4;5/4/25;25000;5000;30000;pagado;2/4/25;transferencia;NO;
593;9666051-2;Helena Henriquez Fuentes;2025;5;5/5/25;25000;0;25000;pagado;4/5/25;tarjeta;NO;
594;9666051-2;Helena Henriquez Fuentes;2025;6;5/6/25;25000;5000;30000;pagado;1/6/25;transferencia;NO;
595;9666051-2;Helena Henriquez Fuentes;2025;7;5/7/25;25000;0;25000;pagado;5/7/25;tarjeta;NO;
596;9666051-2;Helena Henriquez Fuentes;2025;8;5/8/25;25000;5000;30000;pagado;3/8/25;transferencia;NO;
597;9666051-2;Helena Henriquez Fuentes;2025;9;5/9/25;25000;12000;37000;pagado;5/9/25;tarjeta;NO;
598;9666051-2;Helena Henriquez Fuentes;2025;10;5/10/25;25000;5000;30000;pagado;1/10/25;transferencia;NO;
599;9666051-2;Helena Henriquez Fuentes;2025;11;5/11/25;25000;0;25000;atrasado;;;SI;cuota_impaga
600;9666051-2;Helena Henriquez Fuentes;2025;12;5/12/25;25000;5000;30000;atrasado;;;SI;cuota_impaga
601;23382051-2;Mauricio Duarte Duarte;2025;1;5/1/25;25000;0;25000;pagado;4/1/25;transferencia;NO;
602;23382051-2;Maria Rojas;2025;2;5/2/25;25000;5000;30000;pagado;5/2/25;tarjeta;SI;nombre_diferente
603;23382051-2;Mauricio Duarte Duarte;2025;3;5/3/25;25000;12000;37000;pagado;3/3/25;transferencia;NO;
604;23382051-2;Mauricio Duarte Duarte;2025;4;5/4/25;25000;5000;30000;pagado;3/4/25;tarjeta;NO;
605;23382051-2;Mauricio Duarte Duarte;2025;5;5/5/25;25000;0;25000;pagado;1/5/25;transferencia;NO;
606;23382051-2;Mauricio Duarte Duarte;2025;6;5/6/25;25000;5000;30000;pagado;4/6/25;tarjeta;NO;
607;23382051-2;Mauricio Duarte Duarte;2025;7;5/7/25;25000;0;25000;pagado;2/7/25;transferencia;NO;
608;23382051-2;Mauricio Duarte Duarte;2025;8;5/8/25;25000;5000;30000;pagado;5/8/25;tarjeta;NO;
609;23382051-2;Mauricio Duarte Duarte;2025;9;5/9/25;25000;12000;37000;pagado;1/9/25;transferencia;NO;
610;23382051-2;Mauricio Duarte Duarte;2025;10;5/10/25;25000;5000;30000;pagado;4/10/25;tarjeta;NO;
611;23382051-2;Mauricio Duarte Duarte;2025;11;5/11/25;25000;0;25000;atrasado;;;SI;cuota_impaga
612;23382051-2;Mauricio Duarte Duarte;2025;12;5/12/25;25000;5000;30000;atrasado;;;SI;cuota_impaga
613;19879651-0;Beatriz Henriquez Duarte;2025;1;5/1/25;25000;0;25000;pagado;3/1/25;tarjeta;NO;
614;19879651-0;Beatriz Henriquez Duarte;2025;2;5/2/25;25000;5000;30000;pagado;1/2/25;transferencia;NO;
615;19879651-0;Beatriz Henriquez Duarte;2025;3;5/3/25;25000;12000;37000;pagado;5/3/25;tarjeta;NO;
616;19879651-0;Beatriz Henriquez Duarte;2025;4;5/4/25;25000;5000;30000;pagado;2/4/25;transferencia;NO;
617;19879651-0;Beatriz Henriquez Duarte;2025;5;5/5/25;25000;0;25000;pagado;4/5/25;tarjeta;NO;
618;19879651-0;Beatriz Henriquez Duarte;2025;6;5/6/25;25000;5000;30000;pagado;1/6/25;transferencia;NO;
619;19879651-0;Beatriz Henriquez Duarte;2025;7;5/7/25;25000;0;25000;pagado;5/7/25;tarjeta;NO;
620;19879651-0;Beatriz Henriquez Duarte;2025;8;5/8/25;25000;5000;30000;pagado;3/8/25;transferencia;NO;
621;19879651-0;Beatriz Henriquez Duarte;2025;9;5/9/25;25000;12000;37000;pagado;5/9/25;tarjeta;NO;
622;19879651-0;Beatriz Henriquez Duarte;2025;10;5/10/25;25000;5000;30000;pagado;1/10/25;transferencia;NO;
623;19879651-0;Beatriz Henriquez Duarte;2025;11;5/11/25;25000;0;25000;atrasado;;;SI;cuota_impaga
624;19879651-0;Beatriz Henriquez Duarte;2025;12;5/12/25;25000;5000;30000;atrasado;;;SI;cuota_impaga
625;23115895-2;Claudio Mendez Nuñez;2025;1;5/1/25;25000;0;25000;pagado;4/1/25;transferencia;NO;
626;23115895-2;Claudio Mendez Nuñez;2025;2;5/2/25;25000;5000;30000;pagado;5/2/25;tarjeta;NO;
627;23115895-2;Diego Gonzalez;2025;3;5/3/25;25000;12000;37000;pagado;3/3/25;transferencia;SI;nombre_diferente
628;23115895-2;Claudio Mendez Nuñez;2025;4;5/4/25;25000;5000;30000;pagado;3/4/25;tarjeta;NO;
629;23115895-2;Claudio Mendez Nuñez;2025;5;5/5/25;25000;0;25000;pagado;1/5/25;transferencia;NO;
630;23115895-2;Claudio Mendez Nuñez;2025;6;5/6/25;25000;5000;30000;pagado;4/6/25;tarjeta;NO;
631;23115895-2;Claudio Mendez Nuñez;2025;7;5/7/25;25000;0;25000;pagado;2/7/25;transferencia;NO;
632;23115895-2;Claudio Mendez Nuñez;2025;8;5/8/25;25000;5000;30000;pagado;5/8/25;tarjeta;NO;
633;23115895-2;Claudio Mendez Nuñez;2025;9;5/9/25;25000;12000;37000;pagado;1/9/25;transferencia;NO;
634;23115895-2;Claudio Mendez Nuñez;2025;10;5/10/25;25000;5000;30000;pagado;4/10/25;tarjeta;NO;
635;23115895-2;Claudio Mendez Nuñez;2025;11;5/11/25;25000;0;25000;atrasado;;;SI;cuota_impaga
636;23115895-2;Claudio Mendez Nuñez;2025;12;5/12/25;25000;5000;30000;atrasado;;;SI;cuota_impaga
637;9946748-2;Oscar Contreras Henriquez;2025;1;5/1/25;25000;0;25000;pagado;3/1/25;tarjeta;NO;
638;9946748-2;Oscar Contreras Henriquez;2025;2;5/2/25;25000;5000;30000;pagado;1/2/25;transferencia;NO;
639;9946748-2;Oscar Contreras Henriquez;2025;3;5/3/25;25000;12000;37000;pagado;5/3/25;tarjeta;NO;
640;9946748-2;Oscar Contreras Henriquez;2025;4;5/4/25;25000;5000;30000;pagado;2/4/25;transferencia;NO;
641;9946748-2;Oscar Contreras Henriquez;2025;5;5/5/25;25000;0;25000;pagado;4/5/25;tarjeta;NO;
642;9946748-2;Oscar Contreras Henriquez;2025;6;5/6/25;25000;5000;30000;pagado;1/6/25;transferencia;NO;
643;9946748-2;Oscar Contreras Henriquez;2025;7;5/7/25;25000;0;25000;pagado;5/7/25;tarjeta;NO;
644;9946748-2;Oscar Contreras Henriquez;2025;8;5/8/25;25000;5000;30000;pagado;3/8/25;transferencia;NO;
645;9946748-2;Oscar Contreras Henriquez;2025;9;5/9/25;25000;12000;37000;pagado;5/9/25;tarjeta;NO;
646;9946748-2;Oscar Contreras Henriquez;2025;10;5/10/25;25000;5000;30000;pagado;1/10/25;transferencia;NO;
647;9946748-2;Oscar Contreras Henriquez;2025;11;5/11/25;25000;0;25000;atrasado;;;SI;cuota_impaga
648;9946748-2;Oscar Contreras Henriquez;2025;12;5/12/25;25000;5000;30000;atrasado;;;SI;cuota_impaga
649;14868324-1;Mauricio Lagos Pardo;2025;1;5/1/25;25000;0;25000;pagado;4/1/25;transferencia;NO;
650;14868324-1;Mauricio Lagos Pardo;2025;2;5/2/25;25000;5000;30000;pagado;5/2/25;tarjeta;NO;
651;14868324-1;Mauricio Lagos Pardo;2025;3;5/3/25;25000;12000;37000;pagado;3/3/25;transferencia;NO;
652;14868324-1;Mauricio Lagos Pardo;2025;4;5/4/25;25000;5000;30000;pagado;3/4/25;tarjeta;NO;
653;14868324-1;Mauricio Lagos Pardo;2025;5;5/5/25;25000;0;25000;pagado;1/5/25;transferencia;NO;
654;14868324-1;Mauricio Lagos Pardo;2025;6;5/6/25;25000;5000;30000;pagado;4/6/25;tarjeta;NO;
655;14868324-1;Mauricio Lagos Pardo;2025;7;5/7/25;25000;0;25000;pagado;2/7/25;transferencia;NO;
656;14868324-1;Mauricio Lagos Pardo;2025;8;5/8/25;25000;5000;30000;pagado;5/8/25;tarjeta;NO;
657;14868324-1;Mauricio Lagos Pardo;2025;9;5/9/25;25000;12000;37000;pagado;1/9/25;transferencia;NO;
658;14868324-1;Mauricio Lagos Pardo;2025;10;5/10/25;25000;5000;30000;pagado;4/10/25;tarjeta;NO;
659;14868324-1;Mauricio Lagos Pardo;2025;11;5/11/25;25000;0;25000;atrasado;;;SI;cuota_impaga
660;14868324-1;Mauricio Lagos Pardo;2025;12;5/12/25;25000;5000;30000;atrasado;;;SI;cuota_impaga
661;21005871-2;Helena Mendez Pardo;2025;1;5/1/25;25000;0;25000;pagado;3/1/25;tarjeta;NO;
662;21005871-2;Helena Mendez Pardo;2025;2;5/2/25;25000;5000;30000;pagado;1/2/25;transferencia;NO;
663;21005871-2;Helena Mendez Pardo;2025;3;5/3/25;25000;12000;37000;pagado;5/3/25;tarjeta;NO;
664;21005871-2;Helena Mendez Pardo;2025;4;5/4/25;25000;5000;30000;pagado;2/4/25;transferencia;NO;
665;21005871-2;Helena Mendez Pardo;2025;5;5/5/25;25000;0;25000;pagado;4/5/25;tarjeta;NO;
666;21005871-2;Helena Mendez Pardo;2025;6;5/6/25;25000;5000;30000;pagado;1/6/25;transferencia;NO;
667;21005871-2;Helena Mendez Pardo;2025;7;5/7/25;25000;0;25000;pagado;5/7/25;tarjeta;NO;
668;21005871-2;Helena Mendez Pardo;2025;8;5/8/25;25000;5000;30000;pagado;3/8/25;transferencia;NO;
669;21005871-2;Helena Mendez Pardo;2025;9;5/9/25;25000;12000;37000;pagado;5/9/25;tarjeta;NO;
670;21005871-2;Helena Mendez Pardo;2025;10;5/10/25;25000;5000;30000;pagado;1/10/25;transferencia;NO;
671;21005871-2;Juan Contreras;2025;11;5/11/25;25000;0;25000;atrasado;;;SI;nombre_diferente
672;21005871-2;Helena Mendez Pardo;2025;12;5/12/25;25000;5000;30000;atrasado;;;SI;cuota_impaga
673;13852439-9;Natalia Espinoza Alvarez;2025;1;5/1/25;25000;0;25000;pagado;4/1/25;transferencia;NO;
674;13852439-9;Natalia Espinoza Alvarez;2025;2;5/2/25;25000;5000;30000;pagado;5/2/25;tarjeta;NO;
675;13852439-9;Natalia Espinoza Alvarez;2025;3;5/3/25;25000;12000;37000;pagado;3/3/25;transferencia;NO;
676;13852439-9;Natalia Espinoza Alvarez;2025;4;5/4/25;25000;5000;30000;pagado;3/4/25;tarjeta;NO;
677;13852439-9;Natalia Espinoza Alvarez;2025;5;5/5/25;25000;0;25000;pagado;1/5/25;transferencia;NO;
678;13852439-9;Natalia Espinoza Alvarez;2025;6;5/6/25;25000;5000;30000;pagado;4/6/25;tarjeta;NO;
679;13852439-9;Natalia Espinoza Alvarez;2025;7;5/7/25;25000;0;25000;pagado;2/7/25;transferencia;NO;
680;13852439-9;Natalia Espinoza Alvarez;2025;8;5/8/25;25000;5000;30000;pagado;5/8/25;tarjeta;NO;
681;13852439-9;Natalia Espinoza Alvarez;2025;9;5/9/25;25000;12000;37000;pagado;1/9/25;transferencia;NO;
682;13852439-9;Natalia Espinoza Alvarez;2025;10;5/10/25;25000;5000;30000;pagado;4/10/25;tarjeta;NO;
683;13852439-9;Natalia Espinoza Alvarez;2025;11;5/11/25;25000;0;25000;atrasado;;;SI;cuota_impaga
684;13852439-9;Natalia Espinoza Alvarez;2025;12;5/12/25;25000;5000;30000;atrasado;;;SI;cuota_impaga
685;22417599-7;Natalia Contreras Mendez;2025;1;5/1/25;25000;0;25000;pagado;3/1/25;tarjeta;NO;
686;22417599-7;Natalia Contreras Mendez;2025;2;5/2/25;25000;5000;30000;pagado;1/2/25;transferencia;NO;
687;22417599-7;Natalia Contreras Mendez;2025;3;5/3/25;25000;12000;37000;pagado;5/3/25;tarjeta;NO;
688;22417599-7;Natalia Contreras Mendez;2025;4;5/4/25;25000;5000;30000;pagado;2/4/25;transferencia;NO;
689;22417599-7;Natalia Contreras Mendez;2025;5;5/5/25;25000;0;25000;pagado;4/5/25;tarjeta;NO;
690;22417599-7;Natalia Contreras Mendez;2025;6;5/6/25;25000;5000;30000;pagado;1/6/25;transferencia;NO;
691;22417599-7;Natalia Contreras Mendez;2025;7;5/7/25;25000;0;25000;pagado;5/7/25;tarjeta;NO;
692;22417599-7;Natalia Contreras Mendez;2025;8;5/8/25;25000;5000;30000;pagado;3/8/25;transferencia;NO;
693;22417599-7;Natalia Contreras Mendez;2025;9;5/9/25;25000;12000;37000;pagado;5/9/25;tarjeta;NO;
694;22417599-7;Natalia Contreras Mendez;2025;10;5/10/25;25000;5000;30000;pagado;1/10/25;transferencia;NO;
695;22417599-7;Natalia Contreras Mendez;2025;11;5/11/25;25000;0;25000;atrasado;;;SI;cuota_impaga
696;22417599-7;Natalia Contreras Mendez;2025;12;5/12/25;25000;5000;30000;atrasado;;;SI;cuota_impaga
697;24973079-3;Javiera Lagos Contreras;2025;1;5/1/25;25000;0;25000;pagado;4/1/25;transferencia;NO;
698;24973079-3;Javiera Lagos Contreras;2025;2;5/2/25;25000;5000;30000;pagado;5/2/25;tarjeta;NO;
699;24973079-3;Javiera Lagos Contreras;2025;3;5/3/25;25000;12000;37000;pagado;3/3/25;transferencia;NO;
700;24973079-3;Javiera Lagos Contreras;2025;4;5/4/25;25000;5000;30000;pagado;3/4/25;tarjeta;NO;
701;24973079-3;Javiera Lagos Contreras;2025;5;5/5/25;25000;0;25000;pagado;1/5/25;transferencia;NO;
702;24973079-3;Javiera Lagos Contreras;2025;6;5/6/25;25000;5000;30000;pagado;4/6/25;tarjeta;NO;
703;24973079-3;Javiera Lagos Contreras;2025;7;5/7/25;25000;0;25000;pagado;2/7/25;transferencia;NO;
704;24973079-3;Javiera Lagos Contreras;2025;8;5/8/25;25000;5000;30000;pagado;5/8/25;tarjeta;NO;
705;24973079-3;Javiera Lagos Contreras;2025;9;5/9/25;25000;12000;37000;pagado;1/9/25;transferencia;NO;
706;24973079-3;Javiera Lagos Contreras;2025;10;5/10/25;25000;5000;30000;pagado;4/10/25;tarjeta;NO;
707;24973079-3;Javiera Lagos Contreras;2025;11;5/11/25;25000;0;25000;atrasado;;;SI;cuota_impaga
708;24973079-3;Javiera Lagos Contreras;2025;12;5/12/25;25000;5000;30000;atrasado;;;SI;cuota_impaga
709;18512802-4;Helena Lagos Nuñez;2025;1;5/1/25;25000;0;25000;pagado;3/1/25;tarjeta;NO;
710;18512802-4;Helena Lagos Nuñez;2025;2;5/2/25;25000;5000;30000;pagado;1/2/25;transferencia;NO;
711;18512802-4;Helena Lagos Nuñez;2025;3;5/3/25;25000;12000;37000;pagado;5/3/25;tarjeta;NO;
712;18512802-4;Helena Lagos Nuñez;2025;4;5/4/25;25000;5000;30000;pagado;2/4/25;transferencia;NO;
713;18512802-4;Helena Lagos Nuñez;2025;5;5/5/25;25000;0;25000;pagado;4/5/25;tarjeta;NO;
714;18512802-4;Helena Lagos Nuñez;2025;6;5/6/25;25000;5000;30000;pagado;1/6/25;transferencia;NO;
715;18512802-4;Helena Lagos Nuñez;2025;7;5/7/25;25000;0;25000;pagado;5/7/25;tarjeta;NO;
716;18512802-4;Helena Lagos Nuñez;2025;8;5/8/25;25000;5000;30000;pagado;3/8/25;transferencia;NO;
717;18512802-4;Helena Lagos Nuñez;2025;9;5/9/25;25000;12000;37000;pagado;5/9/25;tarjeta;NO;
718;18512802-4;Helena Lagos Nuñez;2025;10;5/10/25;25000;5000;30000;pagado;1/10/25;transferencia;NO;
719;18512802-4;Helena Lagos Nuñez;2025;11;5/11/25;25000;0;25000;atrasado;;;SI;cuota_impaga
720;18512802-4;Helena Lagos Nuñez;2025;12;5/12/25;25000;5000;30000;atrasado;;;SI;cuota_impaga
721;22109010-5;Javiera Contreras Henriquez;2025;1;5/1/25;25000;0;25000;pagado;4/1/25;transferencia;NO;
722;22109010-5;Javiera Contreras Henriquez;2025;2;5/2/25;25000;5000;30000;pagado;5/2/25;tarjeta;NO;
723;22109010-5;Javiera Contreras Henriquez;2025;3;5/3/25;25000;12000;37000;pagado;3/3/25;transferencia;NO;
724;22109010-5;Javiera Contreras Henriquez;2025;4;5/4/25;25000;5000;30000;pagado;3/4/25;tarjeta;NO;
725;22109010-5;Javiera Contreras Henriquez;2025;5;5/5/25;25000;0;25000;pagado;1/5/25;transferencia;NO;
726;22109010-5;Javiera Contreras Henriquez;2025;6;5/6/25;25000;5000;30000;pagado;4/6/25;tarjeta;NO;
727;22109010-5;Javiera Contreras Henriquez;2025;7;5/7/25;25000;0;25000;pagado;2/7/25;transferencia;NO;
728;22109010-5;Javiera Contreras Henriquez;2025;8;5/8/25;25000;5000;30000;pagado;5/8/25;tarjeta;NO;
729;22109010-5;Javiera Contreras Henriquez;2025;9;5/9/25;25000;12000;37000;pagado;1/9/25;transferencia;NO;
730;22109010-5;Javiera Contreras Henriquez;2025;10;5/10/25;25000;5000;30000;pagado;4/10/25;tarjeta;NO;
731;22109010-5;Javiera Contreras Henriquez;2025;11;5/11/25;25000;0;25000;atrasado;;;SI;cuota_impaga
732;22109010-5;Javiera Contreras Henriquez;2025;12;5/12/25;25000;5000;30000;atrasado;;;SI;cuota_impaga
733;11166446-1;Oscar Galdames Lagos;2025;1;5/1/25;25000;0;25000;pagado;3/1/25;tarjeta;NO;
734;11166446-1;Oscar Galdames Lagos;2025;2;5/2/25;25000;5000;30000;pagado;1/2/25;transferencia;NO;
735;11166446-1;Oscar Galdames Lagos;2025;3;5/3/25;25000;12000;37000;pagado;5/3/25;tarjeta;NO;
736;11166446-1;Oscar Galdames Lagos;2025;4;5/4/25;25000;5000;30000;pagado;2/4/25;transferencia;NO;
737;11166446-1;Oscar Galdames Lagos;2025;5;5/5/25;25000;0;25000;pagado;4/5/25;tarjeta;NO;
738;11166446-1;Oscar Galdames Lagos;2025;6;5/6/25;25000;5000;30000;pagado;1/6/25;transferencia;NO;
739;11166446-1;Oscar Galdames Lagos;2025;7;5/7/25;25000;0;25000;pagado;5/7/25;tarjeta;NO;
740;11166446-1;Oscar Galdames Lagos;2025;8;5/8/25;25000;5000;30000;pagado;3/8/25;transferencia;NO;
741;11166446-1;Oscar Galdames Lagos;2025;9;5/9/25;25000;12000;37000;pagado;5/9/25;tarjeta;NO;
742;11166446-1;Oscar Galdames Lagos;2025;10;5/10/25;25000;5000;30000;pagado;1/10/25;transferencia;NO;
743;11166446-1;Oscar Galdames Lagos;2025;11;5/11/25;25000;0;25000;atrasado;;;SI;cuota_impaga
744;11166446-1;Oscar Galdames Lagos;2025;12;5/12/25;25000;5000;30000;atrasado;;;SI;cuota_impaga
745;24790376-3;Claudio Fuentes Nuñez;2025;1;5/1/25;25000;0;25000;pagado;4/1/25;transferencia;NO;
746;24790376-3;Claudio Fuentes Nuñez;2025;2;5/2/25;25000;5000;30000;pagado;5/2/25;tarjeta;NO;
747;24790376-3;Claudio Fuentes Nuñez;2025;3;5/3/25;25000;12000;37000;pagado;3/3/25;transferencia;NO;
748;24790376-3;Claudio Fuentes Nuñez;2025;4;5/4/25;25000;5000;30000;pagado;3/4/25;tarjeta;NO;
749;24790376-3;Claudio Fuentes Nuñez;2025;5;5/5/25;25000;0;25000;pagado;1/5/25;transferencia;NO;
750;24790376-3;Claudio Fuentes Nuñez;2025;6;5/6/25;25000;5000;30000;pagado;4/6/25;tarjeta;NO;
751;24790376-3;Claudio Fuentes Nuñez;2025;7;5/7/25;25000;0;25000;pagado;2/7/25;transferencia;NO;
752;24790376-3;Claudio Fuentes Nuñez;2025;8;5/8/25;25000;5000;30000;pagado;5/8/25;tarjeta;NO;
753;24790376-3;Claudio Fuentes Nuñez;2025;9;5/9/25;25000;12000;37000;pagado;1/9/25;transferencia;NO;
754;24790376-3;Claudio Fuentes Nuñez;2025;10;5/10/25;25000;5000;30000;pagado;4/10/25;tarjeta;NO;
755;24790376-3;Claudio Fuentes Nuñez;2025;11;5/11/25;25000;0;25000;atrasado;;;SI;cuota_impaga
756;24790376-3;Claudio Fuentes Nuñez;2025;12;5/12/25;25000;5000;30000;atrasado;;;SI;cuota_impaga
757;9996844-4;Enrique Mendez Fuentes;2025;1;5/1/25;25000;0;25000;pagado;3/1/25;tarjeta;NO;
758;9996844-4;Enrique Mendez Fuentes;2025;2;5/2/25;25000;5000;30000;pagado;1/2/25;transferencia;NO;
759;9996844-4;Enrique Mendez Fuentes;2025;3;5/3/25;25000;12000;37000;pagado;5/3/25;tarjeta;NO;
760;9996844-4;Enrique Mendez Fuentes;2025;4;5/4/25;25000;5000;30000;pagado;2/4/25;transferencia;NO;
761;9996844-4;Enrique Mendez Fuentes;2025;5;5/5/25;25000;0;25000;pagado;4/5/25;tarjeta;NO;
762;9996844-4;Enrique Mendez Fuentes;2025;6;5/6/25;25000;5000;30000;pagado;1/6/25;transferencia;NO;
763;9996844-4;Enrique Mendez Fuentes;2025;7;5/7/25;25000;0;25000;pagado;5/7/25;tarjeta;NO;
764;9996844-4;Enrique Mendez Fuentes;2025;8;5/8/25;25000;5000;30000;pagado;3/8/25;transferencia;NO;
765;9996844-4;Enrique Mendez Fuentes;2025;9;5/9/25;25000;12000;37000;pagado;5/9/25;tarjeta;NO;
766;9996844-4;Enrique Mendez Fuentes;2025;10;5/10/25;25000;5000;30000;pagado;1/10/25;transferencia;NO;
767;9996844-4;Enrique Mendez Fuentes;2025;11;5/11/25;25000;0;25000;atrasado;;;SI;cuota_impaga
768;9996844-4;Enrique Mendez Fuentes;2025;12;5/12/25;25000;5000;30000;atrasado;;;SI;cuota_impaga
769;14936708-K;Alvaro Duarte Espinoza;2025;1;5/1/25;25000;0;25000;pagado;4/1/25;transferencia;NO;
770;14936708-K;Alvaro Duarte Espinoza;2025;2;5/2/25;25000;5000;30000;pagado;5/2/25;tarjeta;NO;
771;14936708-K;Alvaro Duarte Espinoza;2025;3;5/3/25;25000;12000;37000;pagado;3/3/25;transferencia;NO;
772;14936708-K;Alvaro Duarte Espinoza;2025;4;5/4/25;25000;5000;30000;pagado;3/4/25;tarjeta;NO;
773;14936708-K;Alvaro Duarte Espinoza;2025;5;5/5/25;25000;0;25000;pagado;1/5/25;transferencia;NO;
774;14936708-K;Alvaro Duarte Espinoza;2025;6;5/6/25;25000;5000;30000;pagado;4/6/25;tarjeta;NO;
775;14936708-K;Alvaro Duarte Espinoza;2025;7;5/7/25;25000;0;25000;pagado;2/7/25;transferencia;NO;
776;14936708-K;Alvaro Duarte Espinoza;2025;8;5/8/25;25000;5000;30000;pagado;5/8/25;tarjeta;NO;
777;14936708-K;Alvaro Duarte Espinoza;2025;9;5/9/25;25000;12000;37000;pagado;1/9/25;transferencia;NO;
778;14936708-K;Alvaro Duarte Espinoza;2025;10;5/10/25;25000;5000;30000;pagado;4/10/25;tarjeta;NO;
779;14936708-K;Alvaro Duarte Espinoza;2025;11;5/11/25;25000;0;25000;atrasado;;;SI;cuota_impaga
780;14936708-K;Alvaro Duarte Espinoza;2025;12;5/12/25;25000;5000;30000;atrasado;;;SI;cuota_impaga
781;6698610-1;Beatriz Iturra Iturra;2025;1;5/1/25;25000;0;25000;pagado;3/1/25;tarjeta;NO;
782;6698610-1;Beatriz Iturra Iturra;2025;2;5/2/25;25000;5000;30000;pagado;1/2/25;transferencia;NO;
783;6698610-1;Beatriz Iturra Iturra;2025;3;5/3/25;25000;12000;37000;pagado;5/3/25;tarjeta;NO;
784;6698610-1;Beatriz Iturra Iturra;2025;4;5/4/25;25000;5000;30000;pagado;2/4/25;transferencia;NO;
785;6698610-1;Beatriz Iturra Iturra;2025;5;5/5/25;25000;0;25000;pagado;4/5/25;tarjeta;NO;
786;6698610-1;Beatriz Iturra Iturra;2025;6;5/6/25;25000;5000;30000;pagado;1/6/25;transferencia;NO;
787;6698610-1;Beatriz Iturra Iturra;2025;7;5/7/25;25000;0;25000;pagado;5/7/25;tarjeta;NO;
788;6698610-1;Beatriz Iturra Iturra;2025;8;5/8/25;25000;5000;30000;pagado;3/8/25;transferencia;NO;
789;6698610-1;Beatriz Iturra Iturra;2025;9;5/9/25;25000;12000;37000;pagado;5/9/25;tarjeta;NO;
790;6698610-1;Beatriz Iturra Iturra;2025;10;5/10/25;25000;5000;30000;pagado;1/10/25;transferencia;NO;
791;6698610-1;Beatriz Iturra Iturra;2025;11;5/11/25;25000;0;25000;atrasado;;;SI;cuota_impaga
792;6698610-1;Beatriz Iturra Iturra;2025;12;5/12/25;25000;5000;30000;atrasado;;;SI;cuota_impaga
793;16653005-1;Kevin Nuñez Pardo;2025;1;5/1/25;25000;0;25000;pagado;4/1/25;transferencia;NO;
794;16653005-1;Kevin Nuñez Pardo;2025;2;5/2/25;25000;5000;30000;pagado;5/2/25;tarjeta;NO;
795;16653005-1;Kevin Nuñez Pardo;2025;3;5/3/25;25000;12000;37000;pagado;3/3/25;transferencia;NO;
796;16653005-1;Kevin Nuñez Pardo;2025;4;5/4/25;25000;5000;30000;pagado;3/4/25;tarjeta;NO;
797;16653005-1;Kevin Nuñez Pardo;2025;5;5/5/25;25000;0;25000;pagado;1/5/25;transferencia;NO;
798;16653005-1;Kevin Nuñez Pardo;2025;6;5/6/25;25000;5000;30000;pagado;4/6/25;tarjeta;NO;
799;16653005-1;Kevin Nuñez Pardo;2025;7;5/7/25;25000;0;25000;pagado;2/7/25;transferencia;NO;
800;16653005-1;Kevin Nuñez Pardo;2025;8;5/8/25;25000;5000;30000;pagado;5/8/25;tarjeta;NO;
801;16653005-1;Kevin Nuñez Pardo;2025;9;5/9/25;25000;12000;37000;pagado;1/9/25;transferencia;NO;
802;16653005-1;Kevin Nuñez Pardo;2025;10;5/10/25;25000;5000;30000;pagado;4/10/25;tarjeta;NO;
803;16653005-1;Kevin Nuñez Pardo;2025;11;5/11/25;25000;0;25000;atrasado;;;SI;cuota_impaga
804;16653005-1;Diego Contreras;2025;12;5/12/25;25000;5000;30000;atrasado;;;SI;nombre_diferente
805;19150099-7;Javiera Jara Nuñez;2025;1;5/1/25;25000;0;25000;pagado;3/1/25;tarjeta;NO;
806;19150099-7;Javiera Jara Nuñez;2025;2;5/2/25;25000;5000;30000;pagado;1/2/25;transferencia;NO;
807;19150099-7;Javiera Jara Nuñez;2025;3;5/3/25;25000;12000;37000;pagado;5/3/25;tarjeta;NO;
808;19150099-7;Javiera Jara Nuñez;2025;4;5/4/25;25000;5000;30000;pagado;2/4/25;transferencia;NO;
809;19150099-7;Javiera Jara Nuñez;2025;5;5/5/25;25000;0;25000;pagado;4/5/25;tarjeta;NO;
810;19150099-7;Javiera Jara Nuñez;2025;6;5/6/25;25000;5000;30000;pagado;1/6/25;transferencia;NO;
811;19150099-7;Javiera Jara Nuñez;2025;7;5/7/25;25000;0;25000;pagado;5/7/25;tarjeta;NO;
812;19150099-7;Javiera Jara Nuñez;2025;8;5/8/25;25000;5000;30000;pagado;3/8/25;transferencia;NO;
813;19150099-7;Javiera Jara Nuñez;2025;9;5/9/25;25000;12000;37000;pagado;5/9/25;tarjeta;NO;
814;19150099-7;Javiera Jara Nuñez;2025;10;5/10/25;25000;5000;30000;pagado;1/10/25;transferencia;NO;
815;19150099-7;Javiera Jara Nuñez;2025;11;5/11/25;25000;0;25000;atrasado;;;SI;cuota_impaga
816;19150099-7;Javiera Jara Nuñez;2025;12;5/12/25;25000;5000;30000;atrasado;;;SI;cuota_impaga
817;9737943-3;Ana Contreras;2025;1;5/1/25;25000;0;25000;pagado;4/1/25;transferencia;SI;nombre_diferente
818;9737943-3;Felicia Lagos Galdames;2025;2;5/2/25;25000;5000;30000;pagado;5/2/25;tarjeta;NO;
819;9737943-3;Ana Contreras;2025;3;5/3/25;25000;12000;37000;pagado;3/3/25;transferencia;SI;nombre_diferente
820;9737943-3;Felicia Lagos Galdames;2025;4;5/4/25;25000;5000;30000;pagado;3/4/25;tarjeta;NO;
821;9737943-3;Felicia Lagos Galdames;2025;5;5/5/25;25000;0;25000;pagado;1/5/25;transferencia;NO;
822;9737943-3;Felicia Lagos Galdames;2025;6;5/6/25;25000;5000;30000;pagado;4/6/25;tarjeta;NO;
823;9737943-3;Felicia Lagos Galdames;2025;7;5/7/25;25000;0;25000;pagado;2/7/25;transferencia;NO;
824;9737943-3;Felicia Lagos Galdames;2025;8;5/8/25;25000;5000;30000;pagado;5/8/25;tarjeta;NO;
825;9737943-3;Felicia Lagos Galdames;2025;9;5/9/25;25000;12000;37000;pagado;1/9/25;transferencia;NO;
826;9737943-3;Felicia Lagos Galdames;2025;10;5/10/25;25000;5000;30000;pagado;4/10/25;tarjeta;NO;
827;9737943-3;Felicia Lagos Galdames;2025;11;5/11/25;25000;0;25000;atrasado;;;SI;cuota_impaga
828;9737943-3;Felicia Lagos Galdames;2025;12;5/12/25;25000;5000;30000;atrasado;;;SI;cuota_impaga
829;17545284-4;Oscar Espinoza Ortiz;2025;1;5/1/25;25000;0;25000;pagado;3/1/25;tarjeta;NO;
830;17545284-4;Oscar Espinoza Ortiz;2025;2;5/2/25;25000;5000;30000;pagado;1/2/25;transferencia;NO;
831;17545284-4;Oscar Espinoza Ortiz;2025;3;5/3/25;25000;12000;37000;pagado;5/3/25;tarjeta;NO;
832;17545284-4;Oscar Espinoza Ortiz;2025;4;5/4/25;25000;5000;30000;pagado;2/4/25;transferencia;NO;
833;17545284-4;Oscar Espinoza Ortiz;2025;5;5/5/25;25000;0;25000;pagado;4/5/25;tarjeta;NO;
834;17545284-4;Oscar Espinoza Ortiz;2025;6;5/6/25;25000;5000;30000;pagado;1/6/25;transferencia;NO;
835;17545284-4;Oscar Espinoza Ortiz;2025;7;5/7/25;25000;0;25000;pagado;5/7/25;tarjeta;NO;
836;17545284-4;Oscar Espinoza Ortiz;2025;8;5/8/25;25000;5000;30000;pagado;3/8/25;transferencia;NO;
837;17545284-4;Oscar Espinoza Ortiz;2025;9;5/9/25;25000;12000;37000;pagado;5/9/25;tarjeta;NO;
838;17545284-4;Oscar Espinoza Ortiz;2025;10;5/10/25;25000;5000;30000;pagado;1/10/25;transferencia;NO;
839;17545284-4;Oscar Espinoza Ortiz;2025;11;5/11/25;25000;0;25000;atrasado;;;SI;cuota_impaga
840;17545284-4;Oscar Espinoza Ortiz;2025;12;5/12/25;25000;5000;30000;atrasado;;;SI;cuota_impaga
841;22405688-5;Helena Ortiz Iturra;2025;1;5/1/25;25000;0;25000;pagado;4/1/25;transferencia;NO;
842;22405688-5;Helena Ortiz Iturra;2025;2;5/2/25;25000;5000;30000;pagado;5/2/25;tarjeta;NO;
843;22405688-5;Helena Ortiz Iturra;2025;3;5/3/25;25000;12000;37000;pagado;3/3/25;transferencia;NO;
844;22405688-5;Helena Ortiz Iturra;2025;4;5/4/25;25000;5000;30000;pagado;3/4/25;tarjeta;NO;
845;22405688-5;Diego Rojas;2025;5;5/5/25;25000;0;25000;pagado;1/5/25;transferencia;SI;nombre_diferente
5001;24887596-8;Mauricio Barrera Duarte;2026;1;5/1/26;35000;0;35000;pagado;1/1/26;transferencia;NO;
5002;24887596-8;Mauricio Barrera Duarte;2026;2;5/2/26;35000;0;35000;atrasado;;;SI;cuota_impaga
5003;24887596-8;Mauricio Barrera Duarte;2026;3;5/3/26;35000;0;35000;pagado;2/3/26;tarjeta_credito;NO;
5004;24887596-8;Mauricio Barrera Duarte;2026;4;5/4/26;35000;0;35000;atrasado;;;SI;cuota_impaga
5005;24887596-8;Mauricio Barrera Duarte;2026;5;5/5/26;35000;0;35000;pagado;3/5/26;efectivo;NO;
5006;24887596-8;Mauricio Barrera Duarte;2026;6;5/6/26;35000;0;35000;atrasado;;;SI;cuota_impaga
5007;24887596-8;Mauricio Barrera Duarte;2026;7;5/7/26;35000;0;35000;pagado;1/7/26;transferencia;NO;
5008;24887596-8;Mauricio Barrera Duarte;2026;8;5/8/26;35000;0;35000;atrasado;;;SI;cuota_impaga
5009;24887596-8;Mauricio Barrera Duarte;2026;9;5/9/26;35000;0;35000;pagado;2/9/26;tarjeta_credito;NO;
5010;24887596-8;Mauricio Barrera Duarte;2026;10;5/10/26;35000;0;35000;atrasado;;;SI;cuota_impaga
5011;24887596-8;Mauricio Barrera Duarte;2026;11;5/11/26;35000;0;35000;pagado;3/11/26;efectivo;NO;
5012;24887596-8;Mauricio Barrera Duarte;2026;12;5/12/26;35000;0;35000;atrasado;;;SI;cuota_impaga
5013;10336757-5;Claudio Barrera Ortiz;2026;1;5/1/26;35000;0;35000;atrasado;;;SI;cuota_impaga
5014;10336757-5;Claudio Barrera Ortiz;2026;2;5/2/26;35000;0;35000;pagado;4/2/26;transferencia;NO;
5015;10336757-5;Claudio Barrera Ortiz;2026;3;5/3/26;35000;0;35000;atrasado;;;SI;cuota_impaga
5016;10336757-5;Claudio Barrera Ortiz;2026;4;5/4/26;35000;0;35000;pagado;1/4/26;tarjeta_credito;NO;
5017;10336757-5;Claudio Barrera Ortiz;2026;5;5/5/26;35000;0;35000;atrasado;;;SI;cuota_impaga
5018;10336757-5;Claudio Barrera Ortiz;2026;6;5/6/26;35000;0;35000;pagado;5/6/26;efectivo;NO;
5019;10336757-5;Claudio Barrera Ortiz;2026;7;5/7/26;35000;0;35000;atrasado;;;SI;cuota_impaga
5020;10336757-5;Claudio Barrera Ortiz;2026;8;5/8/26;35000;0;35000;pagado;3/8/26;transferencia;NO;
5021;10336757-5;Claudio Barrera Ortiz;2026;9;5/9/26;35000;0;35000;atrasado;;;SI;cuota_impaga
5022;10336757-5;Claudio Barrera Ortiz;2026;10;5/10/26;35000;0;35000;pagado;2/10/26;tarjeta_credito;NO;
5023;10336757-5;Claudio Barrera Ortiz;2026;11;5/11/26;35000;0;35000;atrasado;;;SI;cuota_impaga
5024;10336757-5;Claudio Barrera Ortiz;2026;12;5/12/26;35000;0;35000;pagado;4/12/26;efectivo;NO;
5025;11606281-K;Claudio Quezada Ortiz;2026;1;5/1/26;35000;0;35000;pagado;2/1/26;transferencia;NO;
5026;11606281-K;Claudio Quezada Ortiz;2026;2;5/2/26;35000;0;35000;atrasado;;;SI;cuota_impaga
5027;11606281-K;Claudio Quezada Ortiz;2026;3;5/3/26;35000;0;35000;pagado;5/3/26;tarjeta_credito;NO;
5028;11606281-K;Claudio Quezada Ortiz;2026;4;5/4/26;35000;0;35000;atrasado;;;SI;cuota_impaga
5029;11606281-K;Claudio Quezada Ortiz;2026;5;5/5/26;35000;0;35000;pagado;1/5/26;efectivo;NO;
5030;11606281-K;Claudio Quezada Ortiz;2026;6;5/6/26;35000;0;35000;atrasado;;;SI;cuota_impaga
5031;11606281-K;Claudio Quezada Ortiz;2026;7;5/7/26;35000;0;35000;pagado;3/7/26;transferencia;NO;
5032;11606281-K;Claudio Quezada Ortiz;2026;8;5/8/26;35000;0;35000;atrasado;;;SI;cuota_impaga
5033;11606281-K;Claudio Quezada Ortiz;2026;9;5/9/26;35000;0;35000;pagado;4/9/26;tarjeta_credito;NO;
5034;11606281-K;Claudio Quezada Ortiz;2026;10;5/10/26;35000;0;35000;atrasado;;;SI;cuota_impaga
5035;11606281-K;Claudio Quezada Ortiz;2026;11;5/11/26;35000;0;35000;pagado;2/11/26;efectivo;NO;
5036;11606281-K;Claudio Quezada Ortiz;2026;12;5/12/26;35000;0;35000;atrasado;;;SI;cuota_impaga
5037;6988932-3;Felicia Quezada Fuentes;2026;1;5/1/26;35000;0;35000;atrasado;;;SI;cuota_impaga
5038;6988932-3;Felicia Quezada Fuentes;2026;2;5/2/26;35000;0;35000;pagado;2/2/26;transferencia;NO;
5039;6988932-3;Felicia Quezada Fuentes;2026;3;5/3/26;35000;0;35000;atrasado;;;SI;cuota_impaga
5040;6988932-3;Felicia Quezada Fuentes;2026;4;5/4/26;35000;0;35000;pagado;3/4/26;tarjeta_credito;NO;
5041;6988932-3;Felicia Quezada Fuentes;2026;5;5/5/26;35000;0;35000;atrasado;;;SI;cuota_impaga
5042;6988932-3;Felicia Quezada Fuentes;2026;6;5/6/26;35000;0;35000;pagado;1/6/26;efectivo;NO;
5043;6988932-3;Felicia Quezada Fuentes;2026;7;5/7/26;35000;0;35000;atrasado;;;SI;cuota_impaga
5044;6988932-3;Felicia Quezada Fuentes;2026;8;5/8/26;35000;0;35000;pagado;4/8/26;transferencia;NO;
5045;6988932-3;Felicia Quezada Fuentes;2026;9;5/9/26;35000;0;35000;atrasado;;;SI;cuota_impaga
5046;6988932-3;Felicia Quezada Fuentes;2026;10;5/10/26;35000;0;35000;pagado;5/10/26;tarjeta_credito;NO;
5047;6988932-3;Felicia Quezada Fuentes;2026;11;5/11/26;35000;0;35000;atrasado;;;SI;cuota_impaga
5048;6988932-3;Felicia Quezada Fuentes;2026;12;5/12/26;35000;0;35000;pagado;3/12/26;efectivo;NO;
5049;8554458-8;Javiera Mendez Fuentes;2026;1;5/1/26;35000;0;35000;pagado;4/1/26;transferencia;NO;
5050;8554458-8;Javiera Mendez Fuentes;2026;2;5/2/26;35000;0;35000;atrasado;;;SI;cuota_impaga
5051;8554458-8;Javiera Mendez Fuentes;2026;3;5/3/26;35000;0;35000;pagado;1/3/26;tarjeta_credito;NO;
5052;8554458-8;Javiera Mendez Fuentes;2026;4;5/4/26;35000;0;35000;atrasado;;;SI;cuota_impaga
5053;8554458-8;Javiera Mendez Fuentes;2026;5;5/5/26;35000;0;35000;pagado;5/5/26;efectivo;NO;
5054;8554458-8;Javiera Mendez Fuentes;2026;6;5/6/26;35000;0;35000;atrasado;;;SI;cuota_impaga
5055;8554458-8;Javiera Mendez Fuentes;2026;7;5/7/26;35000;0;35000;pagado;2/7/26;transferencia;NO;
5056;8554458-8;Javiera Mendez Fuentes;2026;8;5/8/26;35000;0;35000;atrasado;;;SI;cuota_impaga
5057;8554458-8;Javiera Mendez Fuentes;2026;9;5/9/26;35000;0;35000;pagado;3/9/26;tarjeta_credito;NO;
5058;8554458-8;Javiera Mendez Fuentes;2026;10;5/10/26;35000;0;35000;atrasado;;;SI;cuota_impaga
5059;8554458-8;Javiera Mendez Fuentes;2026;11;5/11/26;35000;0;35000;pagado;1/11/26;efectivo;NO;
5060;8554458-8;Javiera Mendez Fuentes;2026;12;5/12/26;35000;0;35000;atrasado;;;SI;cuota_impaga
5061;20484469-3;Patricia Pardo Fuentes;2026;1;5/1/26;35000;0;35000;atrasado;;;SI;cuota_impaga
5062;20484469-3;Patricia Pardo Fuentes;2026;2;5/2/26;35000;0;35000;pagado;3/2/26;transferencia;NO;
5063;20484469-3;Patricia Pardo Fuentes;2026;3;5/3/26;35000;0;35000;atrasado;;;SI;cuota_impaga
5064;20484469-3;Patricia Pardo Fuentes;2026;4;5/4/26;35000;0;35000;pagado;4/4/26;tarjeta_credito;NO;
5065;20484469-3;Patricia Pardo Fuentes;2026;5;5/5/26;35000;0;35000;atrasado;;;SI;cuota_impaga
5066;20484469-3;Patricia Pardo Fuentes;2026;6;5/6/26;35000;0;35000;pagado;2/6/26;efectivo;NO;
5067;20484469-3;Patricia Pardo Fuentes;2026;7;5/7/26;35000;0;35000;atrasado;;;SI;cuota_impaga
5068;20484469-3;Patricia Pardo Fuentes;2026;8;5/8/26;35000;0;35000;pagado;5/8/26;transferencia;NO;
5069;20484469-3;Patricia Pardo Fuentes;2026;9;5/9/26;35000;0;35000;atrasado;;;SI;cuota_impaga
5070;20484469-3;Patricia Pardo Fuentes;2026;10;5/10/26;35000;0;35000;pagado;1/10/26;tarjeta_credito;NO;
5071;20484469-3;Patricia Pardo Fuentes;2026;11;5/11/26;35000;0;35000;atrasado;;;SI;cuota_impaga
5072;20484469-3;Patricia Pardo Fuentes;2026;12;5/12/26;35000;0;35000;pagado;4/12/26;efectivo;NO;
5073;20848551-2;Daniela Henriquez Fuentes;2026;1;5/1/26;35000;0;35000;pagado;2/1/26;transferencia;NO;
5074;20848551-2;Daniela Henriquez Fuentes;2026;2;5/2/26;35000;0;35000;atrasado;;;SI;cuota_impaga
5075;20848551-2;Daniela Henriquez Fuentes;2026;3;5/3/26;35000;0;35000;pagado;5/3/26;tarjeta_credito;NO;
5076;20848551-2;Daniela Henriquez Fuentes;2026;4;5/4/26;35000;0;35000;atrasado;;;SI;cuota_impaga
5077;20848551-2;Daniela Henriquez Fuentes;2026;5;5/5/26;35000;0;35000;pagado;1/5/26;efectivo;NO;
5078;20848551-2;Daniela Henriquez Fuentes;2026;6;5/6/26;35000;0;35000;atrasado;;;SI;cuota_impaga
5079;20848551-2;Daniela Henriquez Fuentes;2026;7;5/7/26;35000;0;35000;pagado;3/7/26;transferencia;NO;
5080;20848551-2;Daniela Henriquez Fuentes;2026;8;5/8/26;35000;0;35000;atrasado;;;SI;cuota_impaga
5081;20848551-2;Daniela Henriquez Fuentes;2026;9;5/9/26;35000;0;35000;pagado;4/9/26;tarjeta_credito;NO;
5082;20848551-2;Daniela Henriquez Fuentes;2026;10;5/10/26;35000;0;35000;atrasado;;;SI;cuota_impaga
5083;20848551-2;Daniela Henriquez Fuentes;2026;11;5/11/26;35000;0;35000;pagado;2/11/26;efectivo;NO;
5084;20848551-2;Daniela Henriquez Fuentes;2026;12;5/12/26;35000;0;35000;atrasado;;;SI;cuota_impaga
5085;22997716-4;Natalia Duarte Nuñez;2026;1;5/1/26;35000;0;35000;atrasado;;;SI;cuota_impaga
5086;22997716-4;Natalia Duarte Nuñez;2026;2;5/2/26;35000;0;35000;pagado;3/2/26;transferencia;NO;
5087;22997716-4;Natalia Duarte Nuñez;2026;3;5/3/26;35000;0;35000;atrasado;;;SI;cuota_impaga
5088;22997716-4;Natalia Duarte Nuñez;2026;4;5/4/26;35000;0;35000;pagado;5/4/26;tarjeta_credito;NO;
5089;22997716-4;Natalia Duarte Nuñez;2026;5;5/5/26;35000;0;35000;atrasado;;;SI;cuota_impaga
5090;22997716-4;Natalia Duarte Nuñez;2026;6;5/6/26;35000;0;35000;pagado;1/6/26;efectivo;NO;
5091;22997716-4;Natalia Duarte Nuñez;2026;7;5/7/26;35000;0;35000;atrasado;;;SI;cuota_impaga
5092;22997716-4;Natalia Duarte Nuñez;2026;8;5/8/26;35000;0;35000;pagado;4/8/26;transferencia;NO;
5093;22997716-4;Natalia Duarte Nuñez;2026;9;5/9/26;35000;0;35000;atrasado;;;SI;cuota_impaga
5094;22997716-4;Natalia Duarte Nuñez;2026;10;5/10/26;35000;0;35000;pagado;2/10/26;tarjeta_credito;NO;
5095;22997716-4;Natalia Duarte Nuñez;2026;11;5/11/26;35000;0;35000;atrasado;;;SI;cuota_impaga
5096;22997716-4;Natalia Duarte Nuñez;2026;12;5/12/26;35000;0;35000;pagado;5/12/26;efectivo;NO;
5097;15182198-7;Patricia Duarte Espinoza;2026;1;5/1/26;35000;0;35000;pagado;2/1/26;transferencia;NO;
5098;15182198-7;Patricia Duarte Espinoza;2026;2;5/2/26;35000;0;35000;atrasado;;;SI;cuota_impaga
5099;15182198-7;Patricia Duarte Espinoza;2026;3;5/3/26;35000;0;35000;pagado;4/3/26;tarjeta_credito;NO;
5100;15182198-7;Patricia Duarte Espinoza;2026;4;5/4/26;35000;0;35000;atrasado;;;SI;cuota_impaga
5101;15182198-7;Patricia Duarte Espinoza;2026;5;5/5/26;35000;0;35000;pagado;1/5/26;efectivo;NO;
5102;15182198-7;Patricia Duarte Espinoza;2026;6;5/6/26;35000;0;35000;atrasado;;;SI;cuota_impaga
5103;15182198-7;Patricia Duarte Espinoza;2026;7;5/7/26;35000;0;35000;pagado;3/7/26;transferencia;NO;
5104;15182198-7;Patricia Duarte Espinoza;2026;8;5/8/26;35000;0;35000;atrasado;;;SI;cuota_impaga
5105;15182198-7;Patricia Duarte Espinoza;2026;9;5/9/26;35000;0;35000;pagado;2/9/26;tarjeta_credito;NO;
5106;15182198-7;Patricia Duarte Espinoza;2026;10;5/10/26;35000;0;35000;atrasado;;;SI;cuota_impaga
5107;15182198-7;Patricia Duarte Espinoza;2026;11;5/11/26;35000;0;35000;pagado;4/11/26;efectivo;NO;
5108;15182198-7;Patricia Duarte Espinoza;2026;12;5/12/26;35000;0;35000;atrasado;;;SI;cuota_impaga
5109;9848362-5;Ignacio Quezada Henriquez;2026;1;5/1/26;35000;0;35000;atrasado;;;SI;cuota_impaga
5110;9848362-5;Ignacio Quezada Henriquez;2026;2;5/2/26;35000;0;35000;pagado;1/2/26;transferencia;NO;
5111;9848362-5;Ignacio Quezada Henriquez;2026;3;5/3/26;35000;0;35000;atrasado;;;SI;cuota_impaga
5112;9848362-5;Ignacio Quezada Henriquez;2026;4;5/4/26;35000;0;35000;pagado;3/4/26;tarjeta_credito;NO;
5113;9848362-5;Ignacio Quezada Henriquez;2026;5;5/5/26;35000;0;35000;atrasado;;;SI;cuota_impaga
5114;9848362-5;Ignacio Quezada Henriquez;2026;6;5/6/26;35000;0;35000;pagado;5/6/26;efectivo;NO;
5115;9848362-5;Ignacio Quezada Henriquez;2026;7;5/7/26;35000;0;35000;atrasado;;;SI;cuota_impaga
5116;9848362-5;Ignacio Quezada Henriquez;2026;8;5/8/26;35000;0;35000;pagado;2/8/26;transferencia;NO;
5117;9848362-5;Ignacio Quezada Henriquez;2026;9;5/9/26;35000;0;35000;atrasado;;;SI;cuota_impaga
5118;9848362-5;Ignacio Quezada Henriquez;2026;10;5/10/26;35000;0;35000;pagado;4/10/26;tarjeta_credito;NO;
5119;9848362-5;Ignacio Quezada Henriquez;2026;11;5/11/26;35000;0;35000;atrasado;;;SI;cuota_impaga
5120;9848362-5;Ignacio Quezada Henriquez;2026;12;5/12/26;35000;0;35000;pagado;1/12/26;efectivo;NO;
5121;17608709-0;Helena Jara Duarte;2026;1;5/1/26;35000;0;35000;pagado;3/1/26;transferencia;NO;
5122;17608709-0;Helena Jara Duarte;2026;2;5/2/26;35000;0;35000;atrasado;;;SI;cuota_impaga
5123;17608709-0;Helena Jara Duarte;2026;3;5/3/26;35000;0;35000;pagado;5/3/26;tarjeta_credito;NO;
5124;17608709-0;Helena Jara Duarte;2026;4;5/4/26;35000;0;35000;atrasado;;;SI;cuota_impaga
5125;17608709-0;Helena Jara Duarte;2026;5;5/5/26;35000;0;35000;pagado;1/5/26;efectivo;NO;
5126;17608709-0;Helena Jara Duarte;2026;6;5/6/26;35000;0;35000;atrasado;;;SI;cuota_impaga
5127;17608709-0;Helena Jara Duarte;2026;7;5/7/26;35000;0;35000;pagado;4/7/26;transferencia;NO;
5128;17608709-0;Helena Jara Duarte;2026;8;5/8/26;35000;0;35000;atrasado;;;SI;cuota_impaga
5129;17608709-0;Helena Jara Duarte;2026;9;5/9/26;35000;0;35000;pagado;1/9/26;tarjeta_credito;NO;
5130;17608709-0;Helena Jara Duarte;2026;10;5/10/26;35000;0;35000;atrasado;;;SI;cuota_impaga
5131;17608709-0;Helena Jara Duarte;2026;11;5/11/26;35000;0;35000;pagado;2/11/26;efectivo;NO;
5132;17608709-0;Helena Jara Duarte;2026;12;5/12/26;35000;0;35000;atrasado;;;SI;cuota_impaga
5133;16804818-1;Loreto Alvarez Mendez;2026;1;5/1/26;35000;0;35000;atrasado;;;SI;cuota_impaga
5134;16804818-1;Loreto Alvarez Mendez;2026;2;5/2/26;35000;0;35000;pagado;2/2/26;transferencia;NO;
5135;16804818-1;Loreto Alvarez Mendez;2026;3;5/3/26;35000;0;35000;atrasado;;;SI;cuota_impaga
5136;16804818-1;Loreto Alvarez Mendez;2026;4;5/4/26;35000;0;35000;pagado;1/4/26;tarjeta_credito;NO;
5137;16804818-1;Loreto Alvarez Mendez;2026;5;5/5/26;35000;0;35000;atrasado;;;SI;cuota_impaga
5138;16804818-1;Loreto Alvarez Mendez;2026;6;5/6/26;35000;0;35000;pagado;4/6/26;efectivo;NO;
5139;16804818-1;Loreto Alvarez Mendez;2026;7;5/7/26;35000;0;35000;atrasado;;;SI;cuota_impaga
5140;16804818-1;Loreto Alvarez Mendez;2026;8;5/8/26;35000;0;35000;pagado;5/8/26;transferencia;NO;
5141;16804818-1;Loreto Alvarez Mendez;2026;9;5/9/26;35000;0;35000;atrasado;;;SI;cuota_impaga
5142;16804818-1;Loreto Alvarez Mendez;2026;10;5/10/26;35000;0;35000;pagado;3/10/26;tarjeta_credito;NO;
5143;16804818-1;Loreto Alvarez Mendez;2026;11;5/11/26;35000;0;35000;atrasado;;;SI;cuota_impaga
5144;16804818-1;Loreto Alvarez Mendez;2026;12;5/12/26;35000;0;35000;pagado;1/12/26;efectivo;NO;
5145;5058856-4;Beatriz Alvarez Lagos;2026;1;5/1/26;35000;0;35000;pagado;3/1/26;transferencia;NO;
5146;5058856-4;Beatriz Alvarez Lagos;2026;2;5/2/26;35000;0;35000;atrasado;;;SI;cuota_impaga
5147;5058856-4;Beatriz Alvarez Lagos;2026;3;5/3/26;35000;0;35000;pagado;4/3/26;tarjeta_credito;NO;
5148;5058856-4;Beatriz Alvarez Lagos;2026;4;5/4/26;35000;0;35000;atrasado;;;SI;cuota_impaga
5149;5058856-4;Beatriz Alvarez Lagos;2026;5;5/5/26;35000;0;35000;pagado;2/5/26;efectivo;NO;
5150;5058856-4;Beatriz Alvarez Lagos;2026;6;5/6/26;35000;0;35000;atrasado;;;SI;cuota_impaga
5151;5058856-4;Beatriz Alvarez Lagos;2026;7;5/7/26;35000;0;35000;pagado;5/7/26;transferencia;NO;
5152;5058856-4;Beatriz Alvarez Lagos;2026;8;5/8/26;35000;0;35000;atrasado;;;SI;cuota_impaga
5153;5058856-4;Beatriz Alvarez Lagos;2026;9;5/9/26;35000;0;35000;pagado;1/9/26;tarjeta_credito;NO;
5154;5058856-4;Beatriz Alvarez Lagos;2026;10;5/10/26;35000;0;35000;atrasado;;;SI;cuota_impaga
5155;5058856-4;Beatriz Alvarez Lagos;2026;11;5/11/26;35000;0;35000;pagado;4/11/26;efectivo;NO;
5156;5058856-4;Beatriz Alvarez Lagos;2026;12;5/12/26;35000;0;35000;atrasado;;;SI;cuota_impaga
5157;12170069-7;Oscar Contreras Lagos;2026;1;5/1/26;35000;0;35000;atrasado;;;SI;cuota_impaga
5158;12170069-7;Oscar Contreras Lagos;2026;2;5/2/26;35000;0;35000;pagado;5/2/26;transferencia;NO;
5159;12170069-7;Oscar Contreras Lagos;2026;3;5/3/26;35000;0;35000;atrasado;;;SI;cuota_impaga
5160;12170069-7;Camila Gonzalez;2026;4;5/4/26;35000;0;35000;pagado;1/4/26;tarjeta_credito;SI;nombre_diferente
5161;12170069-7;Oscar Contreras Lagos;2026;5;5/5/26;35000;0;35000;atrasado;;;SI;cuota_impaga
5162;12170069-7;Oscar Contreras Lagos;2026;6;5/6/26;35000;0;35000;pagado;3/6/26;efectivo;NO;
5163;12170069-7;Oscar Contreras Lagos;2026;7;5/7/26;35000;0;35000;atrasado;;;SI;cuota_impaga
5164;12170069-7;Oscar Contreras Lagos;2026;8;5/8/26;35000;0;35000;pagado;2/8/26;transferencia;NO;
5165;12170069-7;Oscar Contreras Lagos;2026;9;5/9/26;35000;0;35000;atrasado;;;SI;cuota_impaga
5166;12170069-7;Oscar Contreras Lagos;2026;10;5/10/26;35000;0;35000;pagado;5/10/26;tarjeta_credito;NO;
5167;12170069-7;Oscar Contreras Lagos;2026;11;5/11/26;35000;0;35000;atrasado;;;SI;cuota_impaga
5168;12170069-7;Oscar Contreras Lagos;2026;12;5/12/26;35000;0;35000;pagado;4/12/26;efectivo;NO;
5169;24692054-0;Loreto Duarte Quezada;2026;1;5/1/26;35000;0;35000;pagado;2/1/26;transferencia;NO;
5170;24692054-0;Loreto Duarte Quezada;2026;2;5/2/26;35000;0;35000;atrasado;;;SI;cuota_impaga
5171;24692054-0;Loreto Duarte Quezada;2026;3;5/3/26;35000;0;35000;pagado;1/3/26;tarjeta_credito;NO;
5172;24692054-0;Loreto Duarte Quezada;2026;4;5/4/26;35000;0;35000;atrasado;;;SI;cuota_impaga
5173;24692054-0;Loreto Duarte Quezada;2026;5;5/5/26;35000;0;35000;pagado;5/5/26;efectivo;NO;
5174;24692054-0;Loreto Duarte Quezada;2026;6;5/6/26;35000;0;35000;atrasado;;;SI;cuota_impaga
5175;24692054-0;Loreto Duarte Quezada;2026;7;5/7/26;35000;0;35000;pagado;3/7/26;transferencia;NO;
5176;24692054-0;Loreto Duarte Quezada;2026;8;5/8/26;35000;0;35000;atrasado;;;SI;cuota_impaga
5177;24692054-0;Loreto Duarte Quezada;2026;9;5/9/26;35000;0;35000;pagado;2/9/26;tarjeta_credito;NO;
5178;24692054-0;Loreto Duarte Quezada;2026;10;5/10/26;35000;0;35000;atrasado;;;SI;cuota_impaga
5179;24692054-0;Loreto Duarte Quezada;2026;11;5/11/26;35000;0;35000;pagado;4/11/26;efectivo;NO;
5180;24692054-0;Loreto Duarte Quezada;2026;12;5/12/26;35000;0;35000;atrasado;;;SI;cuota_impaga
5181;17862474-9;Patricia Barrera Pardo;2026;1;5/1/26;35000;0;35000;atrasado;;;SI;cuota_impaga
5182;17862474-9;Patricia Barrera Pardo;2026;2;5/2/26;35000;0;35000;pagado;4/2/26;transferencia;NO;
5183;17862474-9;Patricia Barrera Pardo;2026;3;5/3/26;35000;0;35000;atrasado;;;SI;cuota_impaga
5184;17862474-9;Patricia Barrera Pardo;2026;4;5/4/26;35000;0;35000;pagado;2/4/26;tarjeta_credito;NO;
5185;17862474-9;Patricia Barrera Pardo;2026;5;5/5/26;35000;0;35000;atrasado;;;SI;cuota_impaga
5186;17862474-9;Patricia Barrera Pardo;2026;6;5/6/26;35000;0;35000;pagado;5/6/26;efectivo;NO;
5187;17862474-9;Patricia Barrera Pardo;2026;7;5/7/26;35000;0;35000;atrasado;;;SI;cuota_impaga
5188;17862474-9;Patricia Barrera Pardo;2026;8;5/8/26;35000;0;35000;pagado;1/8/26;transferencia;NO;
5189;17862474-9;Patricia Barrera Pardo;2026;9;5/9/26;35000;0;35000;atrasado;;;SI;cuota_impaga
5190;17862474-9;Patricia Barrera Pardo;2026;10;5/10/26;35000;0;35000;pagado;2/10/26;tarjeta_credito;NO;
5191;17862474-9;Patricia Barrera Pardo;2026;11;5/11/26;35000;0;35000;atrasado;;;SI;cuota_impaga
5192;17862474-9;Patricia Barrera Pardo;2026;12;5/12/26;35000;0;35000;pagado;4/12/26;efectivo;NO;
5193;16701421-6;Felicia Henriquez Nuñez;2026;1;5/1/26;35000;0;35000;pagado;1/1/26;transferencia;NO;
5194;16701421-6;Felicia Henriquez Nuñez;2026;2;5/2/26;35000;0;35000;atrasado;;;SI;cuota_impaga
5195;16701421-6;Felicia Henriquez Nuñez;2026;3;5/3/26;35000;0;35000;pagado;5/3/26;tarjeta_credito;NO;
5196;16701421-6;Felicia Henriquez Nuñez;2026;4;5/4/26;35000;0;35000;atrasado;;;SI;cuota_impaga
5197;16701421-6;Felicia Henriquez Nuñez;2026;5;5/5/26;35000;0;35000;pagado;3/5/26;efectivo;NO;
5198;16701421-6;Felicia Henriquez Nuñez;2026;6;5/6/26;35000;0;35000;atrasado;;;SI;cuota_impaga
5199;16701421-6;Felicia Henriquez Nuñez;2026;7;5/7/26;35000;0;35000;pagado;2/7/26;transferencia;NO;
5200;16701421-6;Felicia Henriquez Nuñez;2026;8;5/8/26;35000;0;35000;atrasado;;;SI;cuota_impaga
5201;16701421-6;Felicia Henriquez Nuñez;2026;9;5/9/26;35000;0;35000;pagado;1/9/26;tarjeta_credito;NO;
5202;16701421-6;Felicia Henriquez Nuñez;2026;10;5/10/26;35000;0;35000;atrasado;;;SI;cuota_impaga
5203;16701421-6;Felicia Henriquez Nuñez;2026;11;5/11/26;35000;0;35000;pagado;4/11/26;efectivo;NO;
5204;16701421-6;Felicia Henriquez Nuñez;2026;12;5/12/26;35000;0;35000;atrasado;;;SI;cuota_impaga
5205;22924363-2;Beatriz Jara Ortiz;2026;1;5/1/26;35000;0;35000;atrasado;;;SI;cuota_impaga
5206;22924363-2;Beatriz Jara Ortiz;2026;2;5/2/26;35000;0;35000;pagado;3/2/26;transferencia;NO;
5207;22924363-2;Beatriz Jara Ortiz;2026;3;5/3/26;35000;0;35000;atrasado;;;SI;cuota_impaga
5208;22924363-2;Beatriz Jara Ortiz;2026;4;5/4/26;35000;0;35000;pagado;5/4/26;tarjeta_credito;NO;
5209;22924363-2;Beatriz Jara Ortiz;2026;5;5/5/26;35000;0;35000;atrasado;;;SI;cuota_impaga
5210;22924363-2;Beatriz Jara Ortiz;2026;6;5/6/26;35000;0;35000;pagado;2/6/26;efectivo;NO;
5211;22924363-2;Beatriz Jara Ortiz;2026;7;5/7/26;35000;0;35000;atrasado;;;SI;cuota_impaga
5212;22924363-2;Beatriz Jara Ortiz;2026;8;5/8/26;35000;0;35000;pagado;5/8/26;transferencia;NO;
5213;22924363-2;Beatriz Jara Ortiz;2026;9;5/9/26;35000;0;35000;atrasado;;;SI;cuota_impaga
5214;22924363-2;Beatriz Jara Ortiz;2026;10;5/10/26;35000;0;35000;pagado;1/10/26;tarjeta_credito;NO;
5215;22924363-2;Beatriz Jara Ortiz;2026;11;5/11/26;35000;0;35000;atrasado;;;SI;cuota_impaga
5216;22924363-2;Beatriz Jara Ortiz;2026;12;5/12/26;35000;0;35000;pagado;4/12/26;efectivo;NO;
5217;12620839-1;Diego Gonzalez;2026;1;5/1/26;35000;0;35000;pagado;2/1/26;transferencia;SI;nombre_diferente
5218;12620839-1;Patricia Quezada Iturra;2026;2;5/2/26;35000;0;35000;atrasado;;;SI;cuota_impaga
5219;12620839-1;Patricia Quezada Iturra;2026;3;5/3/26;35000;0;35000;pagado;5/3/26;tarjeta_credito;NO;
5220;12620839-1;Patricia Quezada Iturra;2026;4;5/4/26;35000;0;35000;atrasado;;;SI;cuota_impaga
5221;12620839-1;Patricia Quezada Iturra;2026;5;5/5/26;35000;0;35000;pagado;1/5/26;efectivo;NO;
5222;12620839-1;Patricia Quezada Iturra;2026;6;5/6/26;35000;0;35000;atrasado;;;SI;cuota_impaga
5223;12620839-1;Patricia Quezada Iturra;2026;7;5/7/26;35000;0;35000;pagado;3/7/26;transferencia;NO;
5224;12620839-1;Patricia Quezada Iturra;2026;8;5/8/26;35000;0;35000;atrasado;;;SI;cuota_impaga
5225;12620839-1;Patricia Quezada Iturra;2026;9;5/9/26;35000;0;35000;pagado;4/9/26;tarjeta_credito;NO;
5226;12620839-1;Patricia Quezada Iturra;2026;10;5/10/26;35000;0;35000;atrasado;;;SI;cuota_impaga
5227;12620839-1;Patricia Quezada Iturra;2026;11;5/11/26;35000;0;35000;pagado;2/11/26;efectivo;NO;
5228;12620839-1;Patricia Quezada Iturra;2026;12;5/12/26;35000;0;35000;atrasado;;;SI;cuota_impaga
5229;5093909-9;Javiera Barrera Duarte;2026;1;5/1/26;35000;0;35000;atrasado;;;SI;cuota_impaga
5230;5093909-9;Javiera Barrera Duarte;2026;2;5/2/26;35000;0;35000;pagado;1/2/26;transferencia;NO;
5231;5093909-9;Javiera Barrera Duarte;2026;3;5/3/26;35000;0;35000;atrasado;;;SI;cuota_impaga
5232;5093909-9;Javiera Barrera Duarte;2026;4;5/4/26;35000;0;35000;pagado;3/4/26;tarjeta_credito;NO;
5233;5093909-9;Javiera Barrera Duarte;2026;5;5/5/26;35000;0;35000;atrasado;;;SI;cuota_impaga
5234;5093909-9;Javiera Barrera Duarte;2026;6;5/6/26;35000;0;35000;pagado;5/6/26;efectivo;NO;
5235;5093909-9;Javiera Barrera Duarte;2026;7;5/7/26;35000;0;35000;atrasado;;;SI;cuota_impaga
5236;5093909-9;Javiera Barrera Duarte;2026;8;5/8/26;35000;0;35000;pagado;2/8/26;transferencia;NO;
5237;5093909-9;Javiera Barrera Duarte;2026;9;5/9/26;35000;0;35000;atrasado;;;SI;cuota_impaga
5238;5093909-9;Javiera Barrera Duarte;2026;10;5/10/26;35000;0;35000;pagado;4/10/26;tarjeta_credito;NO;
5239;5093909-9;Javiera Barrera Duarte;2026;11;5/11/26;35000;0;35000;atrasado;;;SI;cuota_impaga
5240;5093909-9;Javiera Barrera Duarte;2026;12;5/12/26;35000;0;35000;pagado;1/12/26;efectivo;NO;
5241;19556227-9;Mauricio Fuentes Contreras;2026;1;5/1/26;35000;0;35000;pagado;3/1/26;transferencia;NO;
5242;19556227-9;Mauricio Fuentes Contreras;2026;2;5/2/26;35000;0;35000;atrasado;;;SI;cuota_impaga
5243;19556227-9;Juan Gonzalez;2026;3;5/3/26;35000;0;35000;pagado;5/3/26;tarjeta_credito;SI;nombre_diferente
5244;19556227-9;Mauricio Fuentes Contreras;2026;4;5/4/26;35000;0;35000;atrasado;;;SI;cuota_impaga
5245;19556227-9;Mauricio Fuentes Contreras;2026;5;5/5/26;35000;0;35000;pagado;1/5/26;efectivo;NO;
5246;19556227-9;Mauricio Fuentes Contreras;2026;6;5/6/26;35000;0;35000;atrasado;;;SI;cuota_impaga
5247;19556227-9;Mauricio Fuentes Contreras;2026;7;5/7/26;35000;0;35000;pagado;4/7/26;transferencia;NO;
5248;19556227-9;Mauricio Fuentes Contreras;2026;8;5/8/26;35000;0;35000;atrasado;;;SI;cuota_impaga
5249;19556227-9;Mauricio Fuentes Contreras;2026;9;5/9/26;35000;0;35000;pagado;1/9/26;tarjeta_credito;NO;
5250;19556227-9;Mauricio Fuentes Contreras;2026;10;5/10/26;35000;0;35000;atrasado;;;SI;cuota_impaga
5251;19556227-9;Mauricio Fuentes Contreras;2026;11;5/11/26;35000;0;35000;pagado;3/11/26;efectivo;NO;
5252;19556227-9;Mauricio Fuentes Contreras;2026;12;5/12/26;35000;0;35000;atrasado;;;SI;cuota_impaga
5253;17877848-0;Mauricio Henriquez Espinoza;2026;1;5/1/26;35000;0;35000;atrasado;;;SI;cuota_impaga
5254;17877848-0;Mauricio Henriquez Espinoza;2026;2;5/2/26;35000;0;35000;pagado;2/2/26;transferencia;NO;
5255;17877848-0;Mauricio Henriquez Espinoza;2026;3;5/3/26;35000;0;35000;atrasado;;;SI;cuota_impaga
5256;17877848-0;Camila Gonzalez;2026;4;5/4/26;35000;0;35000;pagado;4/4/26;tarjeta_credito;SI;nombre_diferente
5257;17877848-0;Mauricio Henriquez Espinoza;2026;5;5/5/26;35000;0;35000;atrasado;;;SI;cuota_impaga
5258;17877848-0;Mauricio Henriquez Espinoza;2026;6;5/6/26;35000;0;35000;pagado;4/6/26;efectivo;NO;
5259;17877848-0;Mauricio Henriquez Espinoza;2026;7;5/7/26;35000;0;35000;atrasado;;;SI;cuota_impaga
5260;17877848-0;Mauricio Henriquez Espinoza;2026;8;5/8/26;35000;0;35000;pagado;5/8/26;transferencia;NO;
5261;17877848-0;Mauricio Henriquez Espinoza;2026;9;5/9/26;35000;0;35000;atrasado;;;SI;cuota_impaga
5262;17877848-0;Mauricio Henriquez Espinoza;2026;10;5/10/26;35000;0;35000;pagado;3/10/26;tarjeta_credito;NO;
5263;17877848-0;Mauricio Henriquez Espinoza;2026;11;5/11/26;35000;0;35000;atrasado;;;SI;cuota_impaga
5264;17877848-0;Mauricio Henriquez Espinoza;2026;12;5/12/26;35000;0;35000;pagado;1/12/26;efectivo;NO;
5265;12735469-3;Daniela Quezada Nuñez;2026;1;5/1/26;35000;0;35000;pagado;1/1/26;transferencia;NO;
5266;12735469-3;Daniela Quezada Nuñez;2026;2;5/2/26;35000;0;35000;atrasado;;;SI;cuota_impaga
5267;12735469-3;Daniela Quezada Nuñez;2026;3;5/3/26;35000;0;35000;pagado;2/3/26;tarjeta_credito;NO;
5268;12735469-3;Daniela Quezada Nuñez;2026;4;5/4/26;35000;0;35000;atrasado;;;SI;cuota_impaga
5269;12735469-3;Daniela Quezada Nuñez;2026;5;5/5/26;35000;0;35000;pagado;3/5/26;efectivo;NO;
5270;12735469-3;Daniela Quezada Nuñez;2026;6;5/6/26;35000;0;35000;atrasado;;;SI;cuota_impaga
5271;12735469-3;Daniela Quezada Nuñez;2026;7;5/7/26;35000;0;35000;pagado;5/7/26;transferencia;NO;
5272;12735469-3;Daniela Quezada Nuñez;2026;8;5/8/26;35000;0;35000;atrasado;;;SI;cuota_impaga
5273;12735469-3;Daniela Quezada Nuñez;2026;9;5/9/26;35000;0;35000;pagado;4/9/26;tarjeta_credito;NO;
5274;12735469-3;Daniela Quezada Nuñez;2026;10;5/10/26;35000;0;35000;atrasado;;;SI;cuota_impaga
5275;12735469-3;Daniela Quezada Nuñez;2026;11;5/11/26;35000;0;35000;pagado;2/11/26;efectivo;NO;
5276;12735469-3;Daniela Quezada Nuñez;2026;12;5/12/26;35000;0;35000;atrasado;;;SI;cuota_impaga
5277;21265551-1;Enrique Quezada Mendez;2026;1;5/1/26;35000;0;35000;atrasado;;;SI;cuota_impaga
5278;21265551-1;Enrique Quezada Mendez;2026;2;5/2/26;35000;0;35000;pagado;3/2/26;transferencia;NO;
5279;21265551-1;Enrique Quezada Mendez;2026;3;5/3/26;35000;0;35000;atrasado;;;SI;cuota_impaga
5280;21265551-1;Enrique Quezada Mendez;2026;4;5/4/26;35000;0;35000;pagado;5/4/26;tarjeta_credito;NO;
5281;21265551-1;Enrique Quezada Mendez;2026;5;5/5/26;35000;0;35000;atrasado;;;SI;cuota_impaga
5282;21265551-1;Enrique Quezada Mendez;2026;6;5/6/26;35000;0;35000;pagado;1/6/26;efectivo;NO;
5283;21265551-1;Enrique Quezada Mendez;2026;7;5/7/26;35000;0;35000;atrasado;;;SI;cuota_impaga
5284;21265551-1;Enrique Quezada Mendez;2026;8;5/8/26;35000;0;35000;pagado;4/8/26;transferencia;NO;
5285;21265551-1;Enrique Quezada Mendez;2026;9;5/9/26;35000;0;35000;atrasado;;;SI;cuota_impaga
5286;21265551-1;Enrique Quezada Mendez;2026;10;5/10/26;35000;0;35000;pagado;2/10/26;tarjeta_credito;NO;
5287;21265551-1;Enrique Quezada Mendez;2026;11;5/11/26;35000;0;35000;atrasado;;;SI;cuota_impaga
5288;21265551-1;Enrique Quezada Mendez;2026;12;5/12/26;35000;0;35000;pagado;5/12/26;efectivo;NO;
5289;20789127-4;Daniela Henriquez Duarte;2026;1;5/1/26;35000;0;35000;pagado;4/1/26;transferencia;NO;
5290;20789127-4;Daniela Henriquez Duarte;2026;2;5/2/26;35000;0;35000;atrasado;;;SI;cuota_impaga
5291;20789127-4;Daniela Henriquez Duarte;2026;3;5/3/26;35000;0;35000;pagado;1/3/26;tarjeta_credito;NO;
5292;20789127-4;Daniela Henriquez Duarte;2026;4;5/4/26;35000;0;35000;atrasado;;;SI;cuota_impaga
5293;20789127-4;Daniela Henriquez Duarte;2026;5;5/5/26;35000;0;35000;pagado;3/5/26;efectivo;NO;
5294;20789127-4;Daniela Henriquez Duarte;2026;6;5/6/26;35000;0;35000;atrasado;;;SI;cuota_impaga
5295;20789127-4;Daniela Henriquez Duarte;2026;7;5/7/26;35000;0;35000;pagado;1/7/26;transferencia;NO;
5296;20789127-4;Daniela Henriquez Duarte;2026;8;5/8/26;35000;0;35000;atrasado;;;SI;cuota_impaga
5297;20789127-4;Daniela Henriquez Duarte;2026;9;5/9/26;35000;0;35000;pagado;4/9/26;tarjeta_credito;NO;
5298;20789127-4;Daniela Henriquez Duarte;2026;10;5/10/26;35000;0;35000;atrasado;;;SI;cuota_impaga
5299;20789127-4;Daniela Henriquez Duarte;2026;11;5/11/26;35000;0;35000;pagado;5/11/26;efectivo;NO;
5300;20789127-4;Daniela Henriquez Duarte;2026;12;5/12/26;35000;0;35000;atrasado;;;SI;cuota_impaga
5301;8054887-4;Daniela Quezada Espinoza;2026;1;5/1/26;35000;0;35000;atrasado;;;SI;cuota_impaga
5302;8054887-4;Daniela Quezada Espinoza;2026;2;5/2/26;35000;0;35000;pagado;1/2/26;transferencia;NO;
5303;8054887-4;Daniela Quezada Espinoza;2026;3;5/3/26;35000;0;35000;atrasado;;;SI;cuota_impaga
5304;8054887-4;Daniela Quezada Espinoza;2026;4;5/4/26;35000;0;35000;pagado;2/4/26;tarjeta_credito;NO;
5305;8054887-4;Daniela Quezada Espinoza;2026;5;5/5/26;35000;0;35000;atrasado;;;SI;cuota_impaga
5306;8054887-4;Daniela Quezada Espinoza;2026;6;5/6/26;35000;0;35000;pagado;4/6/26;efectivo;NO;
5307;8054887-4;Daniela Quezada Espinoza;2026;7;5/7/26;35000;0;35000;atrasado;;;SI;cuota_impaga
5308;8054887-4;Daniela Quezada Espinoza;2026;8;5/8/26;35000;0;35000;pagado;2/8/26;transferencia;NO;
5309;8054887-4;Daniela Quezada Espinoza;2026;9;5/9/26;35000;0;35000;atrasado;;;SI;cuota_impaga
5310;8054887-4;Daniela Quezada Espinoza;2026;10;5/10/26;35000;0;35000;pagado;3/10/26;tarjeta_credito;NO;
5311;8054887-4;Daniela Quezada Espinoza;2026;11;5/11/26;35000;0;35000;atrasado;;;SI;cuota_impaga
5312;8054887-4;Daniela Quezada Espinoza;2026;12;5/12/26;35000;0;35000;pagado;1/12/26;efectivo;NO;
5313;6344903-3;Ignacio Pardo Pardo;2026;1;5/1/26;35000;0;35000;pagado;3/1/26;transferencia;NO;
5314;6344903-3;Ignacio Pardo Pardo;2026;2;5/2/26;35000;0;35000;atrasado;;;SI;cuota_impaga
5315;6344903-3;Ignacio Pardo Pardo;2026;3;5/3/26;35000;0;35000;pagado;4/3/26;tarjeta_credito;NO;
5316;6344903-3;Ignacio Pardo Pardo;2026;4;5/4/26;35000;0;35000;atrasado;;;SI;cuota_impaga
5317;6344903-3;Ignacio Pardo Pardo;2026;5;5/5/26;35000;0;35000;pagado;5/5/26;efectivo;NO;
5318;6344903-3;Ignacio Pardo Pardo;2026;6;5/6/26;35000;0;35000;atrasado;;;SI;cuota_impaga
5319;6344903-3;Ignacio Pardo Pardo;2026;7;5/7/26;35000;0;35000;pagado;1/7/26;transferencia;NO;
5320;6344903-3;Ignacio Pardo Pardo;2026;8;5/8/26;35000;0;35000;atrasado;;;SI;cuota_impaga
5321;6344903-3;Ignacio Pardo Pardo;2026;9;5/9/26;35000;0;35000;pagado;2/9/26;tarjeta_credito;NO;
5322;6344903-3;Ignacio Pardo Pardo;2026;10;5/10/26;35000;0;35000;atrasado;;;SI;cuota_impaga
5323;6344903-3;Ignacio Pardo Pardo;2026;11;5/11/26;35000;0;35000;pagado;3/11/26;efectivo;NO;
5324;6344903-3;Ignacio Pardo Pardo;2026;12;5/12/26;35000;0;35000;atrasado;;;SI;cuota_impaga
5325;6016578-3;Natalia Galdames Contreras;2026;1;5/1/26;35000;0;35000;atrasado;;;SI;cuota_impaga
5326;6016578-3;Natalia Galdames Contreras;2026;2;5/2/26;35000;0;35000;pagado;4/2/26;transferencia;NO;
5327;6016578-3;Natalia Galdames Contreras;2026;3;5/3/26;35000;0;35000;atrasado;;;SI;cuota_impaga
5328;6016578-3;Natalia Galdames Contreras;2026;4;5/4/26;35000;0;35000;pagado;1/4/26;tarjeta_credito;NO;
5329;6016578-3;Natalia Galdames Contreras;2026;5;5/5/26;35000;0;35000;atrasado;;;SI;cuota_impaga
5330;6016578-3;Natalia Galdames Contreras;2026;6;5/6/26;35000;0;35000;pagado;2/6/26;efectivo;NO;
5331;6016578-3;Natalia Galdames Contreras;2026;7;5/7/26;35000;0;35000;atrasado;;;SI;cuota_impaga
5332;6016578-3;Natalia Galdames Contreras;2026;8;5/8/26;35000;0;35000;pagado;5/8/26;transferencia;NO;
5333;6016578-3;Natalia Galdames Contreras;2026;9;5/9/26;35000;0;35000;atrasado;;;SI;cuota_impaga
5334;6016578-3;Natalia Galdames Contreras;2026;10;5/10/26;35000;0;35000;pagado;4/10/26;tarjeta_credito;NO;
5335;6016578-3;Natalia Galdames Contreras;2026;11;5/11/26;35000;0;35000;atrasado;;;SI;cuota_impaga
5336;6016578-3;Natalia Galdames Contreras;2026;12;5/12/26;35000;0;35000;pagado;3/12/26;efectivo;NO;
5337;21896425-6;Beatriz Galdames Espinoza;2026;1;5/1/26;35000;0;35000;pagado;5/1/26;transferencia;NO;
5338;21896425-6;Beatriz Galdames Espinoza;2026;2;5/2/26;35000;0;35000;atrasado;;;SI;cuota_impaga
5339;21896425-6;Beatriz Galdames Espinoza;2026;3;5/3/26;35000;0;35000;pagado;2/3/26;tarjeta_credito;NO;
5340;21896425-6;Beatriz Galdames Espinoza;2026;4;5/4/26;35000;0;35000;atrasado;;;SI;cuota_impaga
5341;21896425-6;Beatriz Galdames Espinoza;2026;5;5/5/26;35000;0;35000;pagado;4/5/26;efectivo;NO;
5342;21896425-6;Beatriz Galdames Espinoza;2026;6;5/6/26;35000;0;35000;atrasado;;;SI;cuota_impaga
5343;21896425-6;Beatriz Galdames Espinoza;2026;7;5/7/26;35000;0;35000;pagado;1/7/26;transferencia;NO;
5344;21896425-6;Beatriz Galdames Espinoza;2026;8;5/8/26;35000;0;35000;atrasado;;;SI;cuota_impaga
5345;21896425-6;Beatriz Galdames Espinoza;2026;9;5/9/26;35000;0;35000;pagado;3/9/26;tarjeta_credito;NO;
5346;21896425-6;Beatriz Galdames Espinoza;2026;10;5/10/26;35000;0;35000;atrasado;;;SI;cuota_impaga
5347;21896425-6;Beatriz Galdames Espinoza;2026;11;5/11/26;35000;0;35000;pagado;1/11/26;efectivo;NO;
5348;21896425-6;Beatriz Galdames Espinoza;2026;12;5/12/26;35000;0;35000;atrasado;;;SI;cuota_impaga
5349;17526820-0;Ignacio Espinoza Galdames;2026;1;5/1/26;35000;0;35000;atrasado;;;SI;cuota_impaga
5350;17526820-0;Ignacio Espinoza Galdames;2026;2;5/2/26;35000;0;35000;pagado;2/2/26;transferencia;NO;
5351;17526820-0;Ignacio Espinoza Galdames;2026;3;5/3/26;35000;0;35000;atrasado;;;SI;cuota_impaga
5352;17526820-0;Ignacio Espinoza Galdames;2026;4;5/4/26;35000;0;35000;pagado;5/4/26;tarjeta_credito;NO;
5353;17526820-0;Ignacio Espinoza Galdames;2026;5;5/5/26;35000;0;35000;atrasado;;;SI;cuota_impaga
5354;17526820-0;Ignacio Espinoza Galdames;2026;6;5/6/26;35000;0;35000;pagado;3/6/26;efectivo;NO;
5355;17526820-0;Ignacio Espinoza Galdames;2026;7;5/7/26;35000;0;35000;atrasado;;;SI;cuota_impaga
5356;17526820-0;Ignacio Espinoza Galdames;2026;8;5/8/26;35000;0;35000;pagado;4/8/26;transferencia;NO;
5357;17526820-0;Ignacio Espinoza Galdames;2026;9;5/9/26;35000;0;35000;atrasado;;;SI;cuota_impaga
5358;17526820-0;Ignacio Espinoza Galdames;2026;10;5/10/26;35000;0;35000;pagado;2/10/26;tarjeta_credito;NO;
5359;17526820-0;Ignacio Espinoza Galdames;2026;11;5/11/26;35000;0;35000;atrasado;;;SI;cuota_impaga
5360;17526820-0;Ignacio Espinoza Galdames;2026;12;5/12/26;35000;0;35000;pagado;5/12/26;efectivo;NO;
5361;16103628-5;Helena Alvarez Mendez;2026;1;5/1/26;35000;0;35000;pagado;1/1/26;transferencia;NO;
5362;16103628-5;Helena Alvarez Mendez;2026;2;5/2/26;35000;0;35000;atrasado;;;SI;cuota_impaga
5363;16103628-5;Helena Alvarez Mendez;2026;3;5/3/26;35000;0;35000;pagado;4/3/26;tarjeta_credito;NO;
5364;16103628-5;Helena Alvarez Mendez;2026;4;5/4/26;35000;0;35000;atrasado;;;SI;cuota_impaga
5365;16103628-5;Helena Alvarez Mendez;2026;5;5/5/26;35000;0;35000;pagado;2/5/26;efectivo;NO;
5366;16103628-5;Helena Alvarez Mendez;2026;6;5/6/26;35000;0;35000;atrasado;;;SI;cuota_impaga
5367;16103628-5;Helena Alvarez Mendez;2026;7;5/7/26;35000;0;35000;pagado;3/7/26;transferencia;NO;
5368;16103628-5;Helena Alvarez Mendez;2026;8;5/8/26;35000;0;35000;atrasado;;;SI;cuota_impaga
5369;16103628-5;Helena Alvarez Mendez;2026;9;5/9/26;35000;0;35000;pagado;1/9/26;tarjeta_credito;NO;
5370;16103628-5;Helena Alvarez Mendez;2026;10;5/10/26;35000;0;35000;atrasado;;;SI;cuota_impaga
5371;16103628-5;Helena Alvarez Mendez;2026;11;5/11/26;35000;0;35000;pagado;4/11/26;efectivo;NO;
5372;16103628-5;Helena Alvarez Mendez;2026;12;5/12/26;35000;0;35000;atrasado;;;SI;cuota_impaga
5373;24941085-3;Natalia Contreras Jara;2026;1;5/1/26;35000;0;35000;atrasado;;;SI;cuota_impaga
5374;24941085-3;Natalia Contreras Jara;2026;2;5/2/26;35000;0;35000;pagado;1/2/26;transferencia;NO;
5375;24941085-3;Natalia Contreras Jara;2026;3;5/3/26;35000;0;35000;atrasado;;;SI;cuota_impaga
5376;24941085-3;Natalia Contreras Jara;2026;4;5/4/26;35000;0;35000;pagado;2/4/26;tarjeta_credito;NO;
5377;24941085-3;Natalia Contreras Jara;2026;5;5/5/26;35000;0;35000;atrasado;;;SI;cuota_impaga
5378;24941085-3;Natalia Contreras Jara;2026;6;5/6/26;35000;0;35000;pagado;5/6/26;efectivo;NO;
5379;24941085-3;Natalia Contreras Jara;2026;7;5/7/26;35000;0;35000;atrasado;;;SI;cuota_impaga
5380;24941085-3;Natalia Contreras Jara;2026;8;5/8/26;35000;0;35000;pagado;3/8/26;transferencia;NO;
5381;24941085-3;Ana Rojas;2026;9;5/9/26;35000;0;35000;atrasado;;;SI;nombre_diferente
5382;24941085-3;Natalia Contreras Jara;2026;10;5/10/26;35000;0;35000;pagado;4/10/26;tarjeta_credito;NO;
5383;24941085-3;Natalia Contreras Jara;2026;11;5/11/26;35000;0;35000;atrasado;;;SI;cuota_impaga
5384;24941085-3;Natalia Contreras Jara;2026;12;5/12/26;35000;0;35000;pagado;2/12/26;efectivo;NO;
5385;21325038-8;Loreto Nuñez Henriquez;2026;1;5/1/26;35000;0;35000;pagado;1/1/26;transferencia;NO;
5386;21325038-8;Loreto Nuñez Henriquez;2026;2;5/2/26;35000;0;35000;atrasado;;;SI;cuota_impaga
5387;21325038-8;Loreto Nuñez Henriquez;2026;3;5/3/26;35000;0;35000;pagado;5/3/26;tarjeta_credito;NO;
5388;21325038-8;Loreto Nuñez Henriquez;2026;4;5/4/26;35000;0;35000;atrasado;;;SI;cuota_impaga
5389;21325038-8;Loreto Nuñez Henriquez;2026;5;5/5/26;35000;0;35000;pagado;3/5/26;efectivo;NO;
5390;21325038-8;Loreto Nuñez Henriquez;2026;6;5/6/26;35000;0;35000;atrasado;;;SI;cuota_impaga
5391;21325038-8;Loreto Nuñez Henriquez;2026;7;5/7/26;35000;0;35000;pagado;2/7/26;transferencia;NO;
5392;21325038-8;Loreto Nuñez Henriquez;2026;8;5/8/26;35000;0;35000;atrasado;;;SI;cuota_impaga
5393;21325038-8;Loreto Nuñez Henriquez;2026;9;5/9/26;35000;0;35000;pagado;1/9/26;tarjeta_credito;NO;
5394;21325038-8;Loreto Nuñez Henriquez;2026;10;5/10/26;35000;0;35000;atrasado;;;SI;cuota_impaga
5395;21325038-8;Loreto Nuñez Henriquez;2026;11;5/11/26;35000;0;35000;pagado;4/11/26;efectivo;NO;
5396;21325038-8;Loreto Nuñez Henriquez;2026;12;5/12/26;35000;0;35000;atrasado;;;SI;cuota_impaga
5397;18257455-3;Kevin Iturra Nuñez;2026;1;5/1/26;35000;0;35000;atrasado;;;SI;cuota_impaga
5398;18257455-3;Kevin Iturra Nuñez;2026;2;5/2/26;35000;0;35000;pagado;1/2/26;transferencia;NO;
5399;18257455-3;Kevin Iturra Nuñez;2026;3;5/3/26;35000;0;35000;atrasado;;;SI;cuota_impaga
5400;18257455-3;Kevin Iturra Nuñez;2026;4;5/4/26;35000;0;35000;pagado;4/4/26;tarjeta_credito;NO;
5401;18257455-3;Kevin Iturra Nuñez;2026;5;5/5/26;35000;0;35000;atrasado;;;SI;cuota_impaga
5402;18257455-3;Kevin Iturra Nuñez;2026;6;5/6/26;35000;0;35000;pagado;5/6/26;efectivo;NO;
5403;18257455-3;Kevin Iturra Nuñez;2026;7;5/7/26;35000;0;35000;atrasado;;;SI;cuota_impaga
5404;18257455-3;Kevin Iturra Nuñez;2026;8;5/8/26;35000;0;35000;pagado;2/8/26;transferencia;NO;
5405;18257455-3;Kevin Iturra Nuñez;2026;9;5/9/26;35000;0;35000;atrasado;;;SI;cuota_impaga
5406;18257455-3;Kevin Iturra Nuñez;2026;10;5/10/26;35000;0;35000;pagado;3/10/26;tarjeta_credito;NO;
5407;18257455-3;Kevin Iturra Nuñez;2026;11;5/11/26;35000;0;35000;atrasado;;;SI;cuota_impaga
5408;18257455-3;Sofia Gonzalez;2026;12;5/12/26;35000;0;35000;pagado;2/12/26;efectivo;SI;nombre_diferente
5409;13588977-8;Oscar Quezada Ortiz;2026;1;5/1/26;35000;0;35000;pagado;3/1/26;transferencia;NO;
5410;13588977-8;Oscar Quezada Ortiz;2026;2;5/2/26;35000;0;35000;atrasado;;;SI;cuota_impaga
5411;13588977-8;Oscar Quezada Ortiz;2026;3;5/3/26;35000;0;35000;pagado;1/3/26;tarjeta_credito;NO;
5412;13588977-8;Oscar Quezada Ortiz;2026;4;5/4/26;35000;0;35000;atrasado;;;SI;cuota_impaga
5413;13588977-8;Oscar Quezada Ortiz;2026;5;5/5/26;35000;0;35000;pagado;4/5/26;efectivo;NO;
5414;13588977-8;Oscar Quezada Ortiz;2026;6;5/6/26;35000;0;35000;atrasado;;;SI;cuota_impaga
5415;13588977-8;Oscar Quezada Ortiz;2026;7;5/7/26;35000;0;35000;pagado;5/7/26;transferencia;NO;
5416;13588977-8;Oscar Quezada Ortiz;2026;8;5/8/26;35000;0;35000;atrasado;;;SI;cuota_impaga
5417;13588977-8;Oscar Quezada Ortiz;2026;9;5/9/26;35000;0;35000;pagado;2/9/26;tarjeta_credito;NO;
5418;13588977-8;Oscar Quezada Ortiz;2026;10;5/10/26;35000;0;35000;atrasado;;;SI;cuota_impaga
5419;13588977-8;Sofia Gonzalez;2026;11;5/11/26;35000;0;35000;pagado;1/11/26;efectivo;SI;nombre_diferente
5420;13588977-8;Oscar Quezada Ortiz;2026;12;5/12/26;35000;0;35000;atrasado;;;SI;cuota_impaga
5421;9666051-2;Helena Henriquez Fuentes;2026;1;5/1/26;35000;0;35000;atrasado;;;SI;cuota_impaga
5422;9666051-2;Helena Henriquez Fuentes;2026;2;5/2/26;35000;0;35000;pagado;2/2/26;transferencia;NO;
5423;9666051-2;Helena Henriquez Fuentes;2026;3;5/3/26;35000;0;35000;atrasado;;;SI;cuota_impaga
5424;9666051-2;Helena Henriquez Fuentes;2026;4;5/4/26;35000;0;35000;pagado;5/4/26;tarjeta_credito;NO;
5425;9666051-2;Helena Henriquez Fuentes;2026;5;5/5/26;35000;0;35000;atrasado;;;SI;cuota_impaga
5426;9666051-2;Helena Henriquez Fuentes;2026;6;5/6/26;35000;0;35000;pagado;3/6/26;efectivo;NO;
5427;9666051-2;Helena Henriquez Fuentes;2026;7;5/7/26;35000;0;35000;atrasado;;;SI;cuota_impaga
5428;9666051-2;Helena Henriquez Fuentes;2026;8;5/8/26;35000;0;35000;pagado;1/8/26;transferencia;NO;
5429;9666051-2;Helena Henriquez Fuentes;2026;9;5/9/26;35000;0;35000;atrasado;;;SI;cuota_impaga
5430;9666051-2;Helena Henriquez Fuentes;2026;10;5/10/26;35000;0;35000;pagado;2/10/26;tarjeta_credito;NO;
5431;9666051-2;Helena Henriquez Fuentes;2026;11;5/11/26;35000;0;35000;atrasado;;;SI;cuota_impaga
5432;9666051-2;Helena Henriquez Fuentes;2026;12;5/12/26;35000;0;35000;pagado;4/12/26;efectivo;NO;
5433;23230624-6;Patricia Jara Espinoza;2026;1;5/1/26;35000;0;35000;pagado;1/1/26;transferencia;NO;
5434;23230624-6;Patricia Jara Espinoza;2026;2;5/2/26;35000;0;35000;atrasado;;;SI;cuota_impaga
5435;23230624-6;Patricia Jara Espinoza;2026;3;5/3/26;35000;0;35000;pagado;3/3/26;tarjeta_credito;NO;
5436;23230624-6;Patricia Jara Espinoza;2026;4;5/4/26;35000;0;35000;atrasado;;;SI;cuota_impaga
5437;23230624-6;Patricia Jara Espinoza;2026;5;5/5/26;35000;0;35000;pagado;4/5/26;efectivo;NO;
5438;23230624-6;Patricia Jara Espinoza;2026;6;5/6/26;35000;0;35000;atrasado;;;SI;cuota_impaga
5439;23230624-6;Patricia Jara Espinoza;2026;7;5/7/26;35000;0;35000;pagado;5/7/26;transferencia;NO;
5440;23230624-6;Patricia Jara Espinoza;2026;8;5/8/26;35000;0;35000;atrasado;;;SI;cuota_impaga
5441;23230624-6;Patricia Jara Espinoza;2026;9;5/9/26;35000;0;35000;pagado;2/9/26;tarjeta_credito;NO;
5442;23230624-6;Patricia Jara Espinoza;2026;10;5/10/26;35000;0;35000;atrasado;;;SI;cuota_impaga
5443;23230624-6;Patricia Jara Espinoza;2026;11;5/11/26;35000;0;35000;pagado;1/11/26;efectivo;NO;
5444;23230624-6;Patricia Jara Espinoza;2026;12;5/12/26;35000;0;35000;atrasado;;;SI;cuota_impaga
5445;19172678-6;Patricia Jara Mendez;2026;1;5/1/26;35000;0;35000;atrasado;;;SI;cuota_impaga
5446;19172678-6;Patricia Jara Mendez;2026;2;5/2/26;35000;0;35000;pagado;2/2/26;transferencia;NO;
5447;19172678-6;Patricia Jara Mendez;2026;3;5/3/26;35000;0;35000;atrasado;;;SI;cuota_impaga
5448;19172678-6;Patricia Jara Mendez;2026;4;5/4/26;35000;0;35000;pagado;5/4/26;tarjeta_credito;NO;
5449;19172678-6;Patricia Jara Mendez;2026;5;5/5/26;35000;0;35000;atrasado;;;SI;cuota_impaga
5450;19172678-6;Patricia Jara Mendez;2026;6;5/6/26;35000;0;35000;pagado;3/6/26;efectivo;NO;
5451;19172678-6;Patricia Jara Mendez;2026;7;5/7/26;35000;0;35000;atrasado;;;SI;cuota_impaga
5452;19172678-6;Patricia Jara Mendez;2026;8;5/8/26;35000;0;35000;pagado;1/8/26;transferencia;NO;
5453;19172678-6;Patricia Jara Mendez;2026;9;5/9/26;35000;0;35000;atrasado;;;SI;cuota_impaga
5454;19172678-6;Patricia Jara Mendez;2026;10;5/10/26;35000;0;35000;pagado;2/10/26;tarjeta_credito;NO;
5455;19172678-6;Patricia Jara Mendez;2026;11;5/11/26;35000;0;35000;atrasado;;;SI;cuota_impaga
5456;19172678-6;Patricia Jara Mendez;2026;12;5/12/26;35000;0;35000;pagado;4/12/26;efectivo;NO;
5457;9081387-0;Felicia Lagos Ortiz;2026;1;5/1/26;35000;0;35000;pagado;4/1/26;transferencia;NO;
5458;9081387-0;Felicia Lagos Ortiz;2026;2;5/2/26;35000;0;35000;atrasado;;;SI;cuota_impaga
5459;9081387-0;Felicia Lagos Ortiz;2026;3;5/3/26;35000;0;35000;pagado;1/3/26;tarjeta_credito;NO;
5460;9081387-0;Felicia Lagos Ortiz;2026;4;5/4/26;35000;0;35000;atrasado;;;SI;cuota_impaga
5461;9081387-0;Felicia Lagos Ortiz;2026;5;5/5/26;35000;0;35000;pagado;3/5/26;efectivo;NO;
5462;9081387-0;Felicia Lagos Ortiz;2026;6;5/6/26;35000;0;35000;atrasado;;;SI;cuota_impaga
5463;9081387-0;Felicia Lagos Ortiz;2026;7;5/7/26;35000;0;35000;pagado;2/7/26;transferencia;NO;
5464;9081387-0;Felicia Lagos Ortiz;2026;8;5/8/26;35000;0;35000;atrasado;;;SI;cuota_impaga
5465;9081387-0;Felicia Lagos Ortiz;2026;9;5/9/26;35000;0;35000;pagado;5/9/26;tarjeta_credito;NO;
5466;9081387-0;Felicia Lagos Ortiz;2026;10;5/10/26;35000;0;35000;atrasado;;;SI;cuota_impaga
5467;9081387-0;Felicia Lagos Ortiz;2026;11;5/11/26;35000;0;35000;pagado;3/11/26;efectivo;NO;
5468;9081387-0;Felicia Lagos Ortiz;2026;12;5/12/26;35000;0;35000;atrasado;;;SI;cuota_impaga
5469;6005570-0;Helena Mendez Espinoza;2026;1;5/1/26;35000;0;35000;atrasado;;;SI;cuota_impaga
5470;6005570-0;Helena Mendez Espinoza;2026;2;5/2/26;35000;0;35000;pagado;5/2/26;transferencia;NO;
5471;6005570-0;Helena Mendez Espinoza;2026;3;5/3/26;35000;0;35000;atrasado;;;SI;cuota_impaga
5472;6005570-0;Helena Mendez Espinoza;2026;4;5/4/26;35000;0;35000;pagado;2/4/26;tarjeta_credito;NO;
5473;6005570-0;Helena Mendez Espinoza;2026;5;5/5/26;35000;0;35000;atrasado;;;SI;cuota_impaga
5474;6005570-0;Helena Mendez Espinoza;2026;6;5/6/26;35000;0;35000;pagado;1/6/26;efectivo;NO;
5475;6005570-0;Helena Mendez Espinoza;2026;7;5/7/26;35000;0;35000;atrasado;;;SI;cuota_impaga
5476;6005570-0;Helena Mendez Espinoza;2026;8;5/8/26;35000;0;35000;pagado;4/8/26;transferencia;NO;
5477;6005570-0;Helena Mendez Espinoza;2026;9;5/9/26;35000;0;35000;atrasado;;;SI;cuota_impaga
5478;6005570-0;Helena Mendez Espinoza;2026;10;5/10/26;35000;0;35000;pagado;3/10/26;tarjeta_credito;NO;
5479;6005570-0;Helena Mendez Espinoza;2026;11;5/11/26;35000;0;35000;atrasado;;;SI;cuota_impaga
5480;6005570-0;Helena Mendez Espinoza;2026;12;5/12/26;35000;0;35000;pagado;2/12/26;efectivo;NO;
5481;21319100-3;Alvaro Galdames Contreras;2026;1;5/1/26;35000;0;35000;pagado;3/1/26;transferencia;NO;
5482;21319100-3;Alvaro Galdames Contreras;2026;2;5/2/26;35000;0;35000;atrasado;;;SI;cuota_impaga
5483;21319100-3;Alvaro Galdames Contreras;2026;3;5/3/26;35000;0;35000;pagado;1/3/26;tarjeta_credito;NO;
5484;21319100-3;Alvaro Galdames Contreras;2026;4;5/4/26;35000;0;35000;atrasado;;;SI;cuota_impaga
5485;21319100-3;Alvaro Galdames Contreras;2026;5;5/5/26;35000;0;35000;pagado;5/5/26;efectivo;NO;
5486;21319100-3;Alvaro Galdames Contreras;2026;6;5/6/26;35000;0;35000;atrasado;;;SI;cuota_impaga
5487;21319100-3;Alvaro Galdames Contreras;2026;7;5/7/26;35000;0;35000;pagado;1/7/26;transferencia;NO;
5488;21319100-3;Alvaro Galdames Contreras;2026;8;5/8/26;35000;0;35000;atrasado;;;SI;cuota_impaga
5489;21319100-3;Alvaro Galdames Contreras;2026;9;5/9/26;35000;0;35000;pagado;2/9/26;tarjeta_credito;NO;
5490;21319100-3;Alvaro Galdames Contreras;2026;10;5/10/26;35000;0;35000;atrasado;;;SI;cuota_impaga
5491;21319100-3;Alvaro Galdames Contreras;2026;11;5/11/26;35000;0;35000;pagado;4/11/26;efectivo;NO;
5492;21319100-3;Alvaro Galdames Contreras;2026;12;5/12/26;35000;0;35000;atrasado;;;SI;cuota_impaga
5493;19916691-4;Kevin Quezada Barrera;2026;1;5/1/26;35000;0;35000;atrasado;;;SI;cuota_impaga
5494;19916691-4;Kevin Quezada Barrera;2026;2;5/2/26;35000;0;35000;pagado;4/2/26;transferencia;NO;
5495;19916691-4;Kevin Quezada Barrera;2026;3;5/3/26;35000;0;35000;atrasado;;;SI;cuota_impaga
5496;19916691-4;Kevin Quezada Barrera;2026;4;5/4/26;35000;0;35000;pagado;2/4/26;tarjeta_credito;NO;
5497;19916691-4;Kevin Quezada Barrera;2026;5;5/5/26;35000;0;35000;atrasado;;;SI;cuota_impaga
5498;19916691-4;Kevin Quezada Barrera;2026;6;5/6/26;35000;0;35000;pagado;5/6/26;efectivo;NO;
5499;19916691-4;Kevin Quezada Barrera;2026;7;5/7/26;35000;0;35000;atrasado;;;SI;cuota_impaga
5500;19916691-4;Kevin Quezada Barrera;2026;8;5/8/26;35000;0;35000;pagado;1/8/26;transferencia;NO;
5501;19916691-4;Kevin Quezada Barrera;2026;9;5/9/26;35000;0;35000;atrasado;;;SI;cuota_impaga
5502;19916691-4;Kevin Quezada Barrera;2026;10;5/10/26;35000;0;35000;pagado;2/10/26;tarjeta_credito;NO;
5503;19916691-4;Kevin Quezada Barrera;2026;11;5/11/26;35000;0;35000;atrasado;;;SI;cuota_impaga
5504;19916691-4;Kevin Quezada Barrera;2026;12;5/12/26;35000;0;35000;pagado;4/12/26;efectivo;NO;
5505;6115597-9;Javiera Barrera Mendez;2026;1;5/1/26;35000;0;35000;pagado;1/1/26;transferencia;NO;
5506;6115597-9;Javiera Barrera Mendez;2026;2;5/2/26;35000;0;35000;atrasado;;;SI;cuota_impaga
5507;6115597-9;Javiera Barrera Mendez;2026;3;5/3/26;35000;0;35000;pagado;3/3/26;tarjeta_credito;NO;
5508;6115597-9;Javiera Barrera Mendez;2026;4;5/4/26;35000;0;35000;atrasado;;;SI;cuota_impaga
5509;6115597-9;Javiera Barrera Mendez;2026;5;5/5/26;35000;0;35000;pagado;5/5/26;efectivo;NO;
5510;6115597-9;Javiera Barrera Mendez;2026;6;5/6/26;35000;0;35000;atrasado;;;SI;cuota_impaga
5511;6115597-9;Javiera Barrera Mendez;2026;7;5/7/26;35000;0;35000;pagado;3/7/26;transferencia;NO;
5512;6115597-9;Javiera Barrera Mendez;2026;8;5/8/26;35000;0;35000;atrasado;;;SI;cuota_impaga
5513;6115597-9;Javiera Barrera Mendez;2026;9;5/9/26;35000;0;35000;pagado;1/9/26;tarjeta_credito;NO;
5514;6115597-9;Javiera Barrera Mendez;2026;10;5/10/26;35000;0;35000;atrasado;;;SI;cuota_impaga
5515;6115597-9;Javiera Barrera Mendez;2026;11;5/11/26;35000;0;35000;pagado;4/11/26;efectivo;NO;
5516;6115597-9;Javiera Barrera Mendez;2026;12;5/12/26;35000;0;35000;atrasado;;;SI;cuota_impaga
5517;22224530-3;Alvaro Iturra Mendez;2026;1;5/1/26;35000;0;35000;atrasado;;;SI;cuota_impaga
5518;22224530-3;Alvaro Iturra Mendez;2026;2;5/2/26;35000;0;35000;pagado;2/2/26;transferencia;NO;
5519;22224530-3;Alvaro Iturra Mendez;2026;3;5/3/26;35000;0;35000;atrasado;;;SI;cuota_impaga
5520;22224530-3;Alvaro Iturra Mendez;2026;4;5/4/26;35000;0;35000;pagado;1/4/26;tarjeta_credito;NO;
5521;22224530-3;Alvaro Iturra Mendez;2026;5;5/5/26;35000;0;35000;atrasado;;;SI;cuota_impaga
5522;22224530-3;Alvaro Iturra Mendez;2026;6;5/6/26;35000;0;35000;pagado;3/6/26;efectivo;NO;
5523;22224530-3;Alvaro Iturra Mendez;2026;7;5/7/26;35000;0;35000;atrasado;;;SI;cuota_impaga
5524;22224530-3;Alvaro Iturra Mendez;2026;8;5/8/26;35000;0;35000;pagado;2/8/26;transferencia;NO;
5525;22224530-3;Alvaro Iturra Mendez;2026;9;5/9/26;35000;0;35000;atrasado;;;SI;cuota_impaga
5526;22224530-3;Alvaro Iturra Mendez;2026;10;5/10/26;35000;0;35000;pagado;4/10/26;tarjeta_credito;NO;
5527;22224530-3;Alvaro Iturra Mendez;2026;11;5/11/26;35000;0;35000;atrasado;;;SI;cuota_impaga
5528;22224530-3;Alvaro Iturra Mendez;2026;12;5/12/26;35000;0;35000;pagado;1/12/26;efectivo;NO;
5529;21103105-0;Patricia Quezada Pardo;2026;1;5/1/26;35000;0;35000;pagado;4/1/26;transferencia;NO;
5530;21103105-0;Patricia Quezada Pardo;2026;2;5/2/26;35000;0;35000;atrasado;;;SI;cuota_impaga
5531;21103105-0;Patricia Quezada Pardo;2026;3;5/3/26;35000;0;35000;pagado;5/3/26;tarjeta_credito;NO;
5532;21103105-0;Patricia Quezada Pardo;2026;4;5/4/26;35000;0;35000;atrasado;;;SI;cuota_impaga
5533;21103105-0;Patricia Quezada Pardo;2026;5;5/5/26;35000;0;35000;pagado;1/5/26;efectivo;NO;
5534;21103105-0;Patricia Quezada Pardo;2026;6;5/6/26;35000;0;35000;atrasado;;;SI;cuota_impaga
5535;21103105-0;Patricia Quezada Pardo;2026;7;5/7/26;35000;0;35000;pagado;3/7/26;transferencia;NO;
5536;21103105-0;Patricia Quezada Pardo;2026;8;5/8/26;35000;0;35000;atrasado;;;SI;cuota_impaga
5537;21103105-0;Patricia Quezada Pardo;2026;9;5/9/26;35000;0;35000;pagado;4/9/26;tarjeta_credito;NO;
5538;21103105-0;Patricia Quezada Pardo;2026;10;5/10/26;35000;0;35000;atrasado;;;SI;cuota_impaga
5539;21103105-0;Patricia Quezada Pardo;2026;11;5/11/26;35000;0;35000;pagado;2/11/26;efectivo;NO;
5540;21103105-0;Patricia Quezada Pardo;2026;12;5/12/26;35000;0;35000;atrasado;;;SI;cuota_impaga
5541;24480744-5;Beatriz Barrera Barrera;2026;1;5/1/26;35000;0;35000;atrasado;;;SI;cuota_impaga
5542;24480744-5;Beatriz Barrera Barrera;2026;2;5/2/26;35000;0;35000;pagado;2/2/26;transferencia;NO;
5543;24480744-5;Beatriz Barrera Barrera;2026;3;5/3/26;35000;0;35000;atrasado;;;SI;cuota_impaga
5544;24480744-5;Beatriz Barrera Barrera;2026;4;5/4/26;35000;0;35000;pagado;2/4/26;tarjeta_credito;NO;
5545;24480744-5;Beatriz Barrera Barrera;2026;5;5/5/26;35000;0;35000;atrasado;;;SI;cuota_impaga
5546;24480744-5;Beatriz Barrera Barrera;2026;6;5/6/26;35000;0;35000;pagado;4/6/26;efectivo;NO;
5547;24480744-5;Beatriz Barrera Barrera;2026;7;5/7/26;35000;0;35000;atrasado;;;SI;cuota_impaga
5548;24480744-5;Beatriz Barrera Barrera;2026;8;5/8/26;35000;0;35000;pagado;5/8/26;transferencia;NO;
5549;24480744-5;Beatriz Barrera Barrera;2026;9;5/9/26;35000;0;35000;atrasado;;;SI;cuota_impaga
5550;24480744-5;Beatriz Barrera Barrera;2026;10;5/10/26;35000;0;35000;pagado;3/10/26;tarjeta_credito;NO;
5551;24480744-5;Beatriz Barrera Barrera;2026;11;5/11/26;35000;0;35000;atrasado;;;SI;cuota_impaga
5552;24480744-5;Beatriz Barrera Barrera;2026;12;5/12/26;35000;0;35000;pagado;1/12/26;efectivo;NO;
5553;24548958-7;Loreto Alvarez Fuentes;2026;1;5/1/26;35000;0;35000;pagado;1/1/26;transferencia;NO;
5554;24548958-7;Loreto Alvarez Fuentes;2026;2;5/2/26;35000;0;35000;atrasado;;;SI;cuota_impaga
5555;24548958-7;Loreto Alvarez Fuentes;2026;3;5/3/26;35000;0;35000;pagado;3/3/26;tarjeta_credito;NO;
5556;24548958-7;Loreto Alvarez Fuentes;2026;4;5/4/26;35000;0;35000;atrasado;;;SI;cuota_impaga
5557;24548958-7;Loreto Alvarez Fuentes;2026;5;5/5/26;35000;0;35000;pagado;5/5/26;efectivo;NO;
5558;24548958-7;Loreto Alvarez Fuentes;2026;6;5/6/26;35000;0;35000;atrasado;;;SI;cuota_impaga
5559;24548958-7;Loreto Alvarez Fuentes;2026;7;5/7/26;35000;0;35000;pagado;4/7/26;transferencia;NO;
5560;24548958-7;Loreto Alvarez Fuentes;2026;8;5/8/26;35000;0;35000;atrasado;;;SI;cuota_impaga
5561;24548958-7;Loreto Alvarez Fuentes;2026;9;5/9/26;35000;0;35000;pagado;1/9/26;tarjeta_credito;NO;
5562;24548958-7;Loreto Alvarez Fuentes;2026;10;5/10/26;35000;0;35000;atrasado;;;SI;cuota_impaga
5563;24548958-7;Loreto Alvarez Fuentes;2026;11;5/11/26;35000;0;35000;pagado;3/11/26;efectivo;NO;
5564;24548958-7;Loreto Alvarez Fuentes;2026;12;5/12/26;35000;0;35000;atrasado;;;SI;cuota_impaga
5565;9151881-3;Helena Jara Barrera;2026;1;5/1/26;35000;0;35000;atrasado;;;SI;cuota_impaga
5566;9151881-3;Helena Jara Barrera;2026;2;5/2/26;35000;0;35000;pagado;4/2/26;transferencia;NO;
5567;9151881-3;Helena Jara Barrera;2026;3;5/3/26;35000;0;35000;atrasado;;;SI;cuota_impaga
5568;9151881-3;Helena Jara Barrera;2026;4;5/4/26;35000;0;35000;pagado;2/4/26;tarjeta_credito;NO;
5569;9151881-3;Helena Jara Barrera;2026;5;5/5/26;35000;0;35000;atrasado;;;SI;cuota_impaga
5570;9151881-3;Helena Jara Barrera;2026;6;5/6/26;35000;0;35000;pagado;1/6/26;efectivo;NO;
5571;9151881-3;Helena Jara Barrera;2026;7;5/7/26;35000;0;35000;atrasado;;;SI;cuota_impaga
5572;9151881-3;Helena Jara Barrera;2026;8;5/8/26;35000;0;35000;pagado;2/8/26;transferencia;NO;
5573;9151881-3;Helena Jara Barrera;2026;9;5/9/26;35000;0;35000;atrasado;;;SI;cuota_impaga
5574;9151881-3;Helena Jara Barrera;2026;10;5/10/26;35000;0;35000;pagado;5/10/26;tarjeta_credito;NO;
5575;9151881-3;Helena Jara Barrera;2026;11;5/11/26;35000;0;35000;atrasado;;;SI;cuota_impaga
5576;9151881-3;Helena Jara Barrera;2026;12;5/12/26;35000;0;35000;pagado;3/12/26;efectivo;NO;
5577;24259004-K;Gonzalo Espinoza Fuentes;2026;1;5/1/26;35000;0;35000;pagado;2/1/26;transferencia;NO;
5578;24259004-K;Gonzalo Espinoza Fuentes;2026;2;5/2/26;35000;0;35000;atrasado;;;SI;cuota_impaga
5579;24259004-K;Gonzalo Espinoza Fuentes;2026;3;5/3/26;35000;0;35000;pagado;4/3/26;tarjeta_credito;NO;
5580;24259004-K;Gonzalo Espinoza Fuentes;2026;4;5/4/26;35000;0;35000;atrasado;;;SI;cuota_impaga
5581;24259004-K;Gonzalo Espinoza Fuentes;2026;5;5/5/26;35000;0;35000;pagado;5/5/26;efectivo;NO;
5582;24259004-K;Gonzalo Espinoza Fuentes;2026;6;5/6/26;35000;0;35000;atrasado;;;SI;cuota_impaga
5583;24259004-K;Gonzalo Espinoza Fuentes;2026;7;5/7/26;35000;0;35000;pagado;3/7/26;transferencia;NO;
5584;24259004-K;Gonzalo Espinoza Fuentes;2026;8;5/8/26;35000;0;35000;atrasado;;;SI;cuota_impaga
5585;24259004-K;Gonzalo Espinoza Fuentes;2026;9;5/9/26;35000;0;35000;pagado;1/9/26;tarjeta_credito;NO;
5586;24259004-K;Gonzalo Espinoza Fuentes;2026;10;5/10/26;35000;0;35000;atrasado;;;SI;cuota_impaga
5587;24259004-K;Gonzalo Espinoza Fuentes;2026;11;5/11/26;35000;0;35000;pagado;2/11/26;efectivo;NO;
5588;24259004-K;Gonzalo Espinoza Fuentes;2026;12;5/12/26;35000;0;35000;atrasado;;;SI;cuota_impaga
5589;7204671-7;Patricia Espinoza Contreras;2026;1;5/1/26;35000;0;35000;atrasado;;;SI;cuota_impaga
5590;7204671-7;Patricia Espinoza Contreras;2026;2;5/2/26;35000;0;35000;pagado;4/2/26;transferencia;NO;
5591;7204671-7;Patricia Espinoza Contreras;2026;3;5/3/26;35000;0;35000;atrasado;;;SI;cuota_impaga
5592;7204671-7;Patricia Espinoza Contreras;2026;4;5/4/26;35000;0;35000;pagado;3/4/26;tarjeta_credito;NO;
5593;7204671-7;Patricia Espinoza Contreras;2026;5;5/5/26;35000;0;35000;atrasado;;;SI;cuota_impaga
5594;7204671-7;Patricia Espinoza Contreras;2026;6;5/6/26;35000;0;35000;pagado;1/6/26;efectivo;NO;
5595;7204671-7;Patricia Espinoza Contreras;2026;7;5/7/26;35000;0;35000;atrasado;;;SI;cuota_impaga
5596;7204671-7;Patricia Espinoza Contreras;2026;8;5/8/26;35000;0;35000;pagado;5/8/26;transferencia;NO;
5597;7204671-7;Patricia Espinoza Contreras;2026;9;5/9/26;35000;0;35000;atrasado;;;SI;cuota_impaga
5598;7204671-7;Juan Perez;2026;10;5/10/26;35000;0;35000;pagado;2/10/26;tarjeta_credito;SI;nombre_diferente
5599;7204671-7;Patricia Espinoza Contreras;2026;11;5/11/26;35000;0;35000;atrasado;;;SI;cuota_impaga
5600;7204671-7;Patricia Espinoza Contreras;2026;12;5/12/26;35000;0;35000;pagado;4/12/26;efectivo;NO;
5601;22279269-1;Mauricio Duarte Ortiz;2026;1;5/1/26;35000;0;35000;pagado;1/1/26;transferencia;NO;
5602;22279269-1;Mauricio Duarte Ortiz;2026;2;5/2/26;35000;0;35000;atrasado;;;SI;cuota_impaga
5603;22279269-1;Mauricio Duarte Ortiz;2026;3;5/3/26;35000;0;35000;pagado;4/3/26;tarjeta_credito;NO;
5604;22279269-1;Mauricio Duarte Ortiz;2026;4;5/4/26;35000;0;35000;atrasado;;;SI;cuota_impaga
5605;22279269-1;Mauricio Duarte Ortiz;2026;5;5/5/26;35000;0;35000;pagado;3/5/26;efectivo;NO;
5606;22279269-1;Mauricio Duarte Ortiz;2026;6;5/6/26;35000;0;35000;atrasado;;;SI;cuota_impaga
5607;22279269-1;Mauricio Duarte Ortiz;2026;7;5/7/26;35000;0;35000;pagado;5/7/26;transferencia;NO;
5608;22279269-1;Mauricio Duarte Ortiz;2026;8;5/8/26;35000;0;35000;atrasado;;;SI;cuota_impaga
5609;22279269-1;Mauricio Duarte Ortiz;2026;9;5/9/26;35000;0;35000;pagado;1/9/26;tarjeta_credito;NO;
5610;22279269-1;Mauricio Duarte Ortiz;2026;10;5/10/26;35000;0;35000;atrasado;;;SI;cuota_impaga
5611;22279269-1;Mauricio Duarte Ortiz;2026;11;5/11/26;35000;0;35000;pagado;4/11/26;efectivo;NO;
5612;22279269-1;Mauricio Duarte Ortiz;2026;12;5/12/26;35000;0;35000;atrasado;;;SI;cuota_impaga
5613;24724208-2;Helena Quezada Duarte;2026;1;5/1/26;35000;0;35000;atrasado;;;SI;cuota_impaga
5614;24724208-2;Helena Quezada Duarte;2026;2;5/2/26;35000;0;35000;pagado;3/2/26;transferencia;NO;
5615;24724208-2;Helena Quezada Duarte;2026;3;5/3/26;35000;0;35000;atrasado;;;SI;cuota_impaga
5616;24724208-2;Helena Quezada Duarte;2026;4;5/4/26;35000;0;35000;pagado;5/4/26;tarjeta_credito;NO;
5617;24724208-2;Helena Quezada Duarte;2026;5;5/5/26;35000;0;35000;atrasado;;;SI;cuota_impaga
5618;24724208-2;Helena Quezada Duarte;2026;6;5/6/26;35000;0;35000;pagado;2/6/26;efectivo;NO;
5619;24724208-2;Helena Quezada Duarte;2026;7;5/7/26;35000;0;35000;atrasado;;;SI;cuota_impaga
5620;24724208-2;Helena Quezada Duarte;2026;8;5/8/26;35000;0;35000;pagado;4/8/26;transferencia;NO;
5621;24724208-2;Helena Quezada Duarte;2026;9;5/9/26;35000;0;35000;atrasado;;;SI;cuota_impaga
5622;24724208-2;Helena Quezada Duarte;2026;10;5/10/26;35000;0;35000;pagado;1/10/26;tarjeta_credito;NO;
5623;24724208-2;Helena Quezada Duarte;2026;11;5/11/26;35000;0;35000;atrasado;;;SI;cuota_impaga
5624;24724208-2;Helena Quezada Duarte;2026;12;5/12/26;35000;0;35000;pagado;5/12/26;efectivo;NO;
5625;9897596-9;Daniela Quezada Contreras;2026;1;5/1/26;35000;0;35000;pagado;4/1/26;transferencia;NO;
5626;9897596-9;Daniela Quezada Contreras;2026;2;5/2/26;35000;0;35000;atrasado;;;SI;cuota_impaga
5627;9897596-9;Daniela Quezada Contreras;2026;3;5/3/26;35000;0;35000;pagado;2/3/26;tarjeta_credito;NO;
5628;9897596-9;Daniela Quezada Contreras;2026;4;5/4/26;35000;0;35000;atrasado;;;SI;cuota_impaga
5629;9897596-9;Maria Perez;2026;5;5/5/26;35000;0;35000;pagado;4/5/26;efectivo;SI;nombre_diferente
5630;9897596-9;Daniela Quezada Contreras;2026;6;5/6/26;35000;0;35000;atrasado;;;SI;cuota_impaga
5631;9897596-9;Daniela Quezada Contreras;2026;7;5/7/26;35000;0;35000;pagado;1/7/26;transferencia;NO;
5632;9897596-9;Daniela Quezada Contreras;2026;8;5/8/26;35000;0;35000;atrasado;;;SI;cuota_impaga
5633;9897596-9;Daniela Quezada Contreras;2026;9;5/9/26;35000;0;35000;pagado;3/9/26;tarjeta_credito;NO;
5634;9897596-9;Daniela Quezada Contreras;2026;10;5/10/26;35000;0;35000;atrasado;;;SI;cuota_impaga
5635;9897596-9;Daniela Quezada Contreras;2026;11;5/11/26;35000;0;35000;pagado;1/11/26;efectivo;NO;
5636;9897596-9;Daniela Quezada Contreras;2026;12;5/12/26;35000;0;35000;atrasado;;;SI;cuota_impaga
5637;10140560-1;Beatriz Iturra Alvarez;2026;1;5/1/26;35000;0;35000;atrasado;;;SI;cuota_impaga
5638;10140560-1;Beatriz Iturra Alvarez;2026;2;5/2/26;35000;0;35000;pagado;1/2/26;transferencia;NO;
5639;10140560-1;Beatriz Iturra Alvarez;2026;3;5/3/26;35000;0;35000;atrasado;;;SI;cuota_impaga
5640;10140560-1;Beatriz Iturra Alvarez;2026;4;5/4/26;35000;0;35000;pagado;3/4/26;tarjeta_credito;NO;
5641;10140560-1;Beatriz Iturra Alvarez;2026;5;5/5/26;35000;0;35000;atrasado;;;SI;cuota_impaga
5642;10140560-1;Beatriz Iturra Alvarez;2026;6;5/6/26;35000;0;35000;pagado;5/6/26;efectivo;NO;
5643;10140560-1;Beatriz Iturra Alvarez;2026;7;5/7/26;35000;0;35000;atrasado;;;SI;cuota_impaga
5644;10140560-1;Beatriz Iturra Alvarez;2026;8;5/8/26;35000;0;35000;pagado;2/8/26;transferencia;NO;
5645;10140560-1;Beatriz Iturra Alvarez;2026;9;5/9/26;35000;0;35000;atrasado;;;SI;cuota_impaga
5646;10140560-1;Beatriz Iturra Alvarez;2026;10;5/10/26;35000;0;35000;pagado;4/10/26;tarjeta_credito;NO;
5647;10140560-1;Beatriz Iturra Alvarez;2026;11;5/11/26;35000;0;35000;atrasado;;;SI;cuota_impaga
5648;10140560-1;Beatriz Iturra Alvarez;2026;12;5/12/26;35000;0;35000;pagado;1/12/26;efectivo;NO;
5649;24301503-0;Natalia Espinoza Ortiz;2026;1;5/1/26;35000;0;35000;pagado;3/1/26;transferencia;NO;
5650;24301503-0;Natalia Espinoza Ortiz;2026;2;5/2/26;35000;0;35000;atrasado;;;SI;cuota_impaga
5651;24301503-0;Natalia Espinoza Ortiz;2026;3;5/3/26;35000;0;35000;pagado;5/3/26;tarjeta_credito;NO;
5652;24301503-0;Natalia Espinoza Ortiz;2026;4;5/4/26;35000;0;35000;atrasado;;;SI;cuota_impaga
5653;24301503-0;Natalia Espinoza Ortiz;2026;5;5/5/26;35000;0;35000;pagado;1/5/26;efectivo;NO;
5654;24301503-0;Natalia Espinoza Ortiz;2026;6;5/6/26;35000;0;35000;atrasado;;;SI;cuota_impaga
5655;24301503-0;Natalia Espinoza Ortiz;2026;7;5/7/26;35000;0;35000;pagado;4/7/26;transferencia;NO;
5656;24301503-0;Natalia Espinoza Ortiz;2026;8;5/8/26;35000;0;35000;atrasado;;;SI;cuota_impaga
5657;24301503-0;Natalia Espinoza Ortiz;2026;9;5/9/26;35000;0;35000;pagado;2/9/26;tarjeta_credito;NO;
5658;24301503-0;Natalia Espinoza Ortiz;2026;10;5/10/26;35000;0;35000;atrasado;;;SI;cuota_impaga
5659;24301503-0;Natalia Espinoza Ortiz;2026;11;5/11/26;35000;0;35000;pagado;4/11/26;efectivo;NO;
5660;24301503-0;Natalia Espinoza Ortiz;2026;12;5/12/26;35000;0;35000;atrasado;;;SI;cuota_impaga
5661;19305751-7;Enrique Duarte Nuñez;2026;1;5/1/26;35000;0;35000;atrasado;;;SI;cuota_impaga
5662;19305751-7;Enrique Duarte Nuñez;2026;2;5/2/26;35000;0;35000;pagado;3/2/26;transferencia;NO;
5663;19305751-7;Enrique Duarte Nuñez;2026;3;5/3/26;35000;0;35000;atrasado;;;SI;cuota_impaga
5664;19305751-7;Enrique Duarte Nuñez;2026;4;5/4/26;35000;0;35000;pagado;5/4/26;tarjeta_credito;NO;
5665;19305751-7;Enrique Duarte Nuñez;2026;5;5/5/26;35000;0;35000;atrasado;;;SI;cuota_impaga
5666;19305751-7;Enrique Duarte Nuñez;2026;6;5/6/26;35000;0;35000;pagado;2/6/26;efectivo;NO;
5667;19305751-7;Enrique Duarte Nuñez;2026;7;5/7/26;35000;0;35000;atrasado;;;SI;cuota_impaga
5668;19305751-7;Enrique Duarte Nuñez;2026;8;5/8/26;35000;0;35000;pagado;4/8/26;transferencia;NO;
5669;19305751-7;Enrique Duarte Nuñez;2026;9;5/9/26;35000;0;35000;atrasado;;;SI;cuota_impaga
5670;19305751-7;Enrique Duarte Nuñez;2026;10;5/10/26;35000;0;35000;pagado;1/10/26;tarjeta_credito;NO;
5671;19305751-7;Enrique Duarte Nuñez;2026;11;5/11/26;35000;0;35000;atrasado;;;SI;cuota_impaga
5672;19305751-7;Enrique Duarte Nuñez;2026;12;5/12/26;35000;0;35000;pagado;5/12/26;efectivo;NO;
5673;11750440-9;Helena Henriquez Nuñez;2026;1;5/1/26;35000;0;35000;pagado;4/1/26;transferencia;NO;
5674;11750440-9;Helena Henriquez Nuñez;2026;2;5/2/26;35000;0;35000;atrasado;;;SI;cuota_impaga
5675;11750440-9;Helena Henriquez Nuñez;2026;3;5/3/26;35000;0;35000;pagado;1/3/26;tarjeta_credito;NO;
5676;11750440-9;Helena Henriquez Nuñez;2026;4;5/4/26;35000;0;35000;atrasado;;;SI;cuota_impaga
5677;11750440-9;Helena Henriquez Nuñez;2026;5;5/5/26;35000;0;35000;pagado;3/5/26;efectivo;NO;
5678;11750440-9;Helena Henriquez Nuñez;2026;6;5/6/26;35000;0;35000;atrasado;;;SI;cuota_impaga
5679;11750440-9;Helena Henriquez Nuñez;2026;7;5/7/26;35000;0;35000;pagado;1/7/26;transferencia;NO;
5680;11750440-9;Helena Henriquez Nuñez;2026;8;5/8/26;35000;0;35000;atrasado;;;SI;cuota_impaga
5681;11750440-9;Helena Henriquez Nuñez;2026;9;5/9/26;35000;0;35000;pagado;4/9/26;tarjeta_credito;NO;
5682;11750440-9;Helena Henriquez Nuñez;2026;10;5/10/26;35000;0;35000;atrasado;;;SI;cuota_impaga
5683;11750440-9;Helena Henriquez Nuñez;2026;11;5/11/26;35000;0;35000;pagado;5/11/26;efectivo;NO;
5684;11750440-9;Helena Henriquez Nuñez;2026;12;5/12/26;35000;0;35000;atrasado;;;SI;cuota_impaga
5685;24377951-9;Ignacio Mendez Henriquez;2026;1;5/1/26;35000;0;35000;atrasado;;;SI;cuota_impaga
5686;24377951-9;Ignacio Mendez Henriquez;2026;2;5/2/26;35000;0;35000;pagado;2/2/26;transferencia;NO;
5687;24377951-9;Ignacio Mendez Henriquez;2026;3;5/3/26;35000;0;35000;atrasado;;;SI;cuota_impaga
5688;24377951-9;Ignacio Mendez Henriquez;2026;4;5/4/26;35000;0;35000;pagado;1/4/26;tarjeta_credito;NO;
5689;24377951-9;Ignacio Mendez Henriquez;2026;5;5/5/26;35000;0;35000;atrasado;;;SI;cuota_impaga
5690;24377951-9;Ignacio Mendez Henriquez;2026;6;5/6/26;35000;0;35000;pagado;4/6/26;efectivo;NO;
5691;24377951-9;Ignacio Mendez Henriquez;2026;7;5/7/26;35000;0;35000;atrasado;;;SI;cuota_impaga
5692;24377951-9;Ignacio Mendez Henriquez;2026;8;5/8/26;35000;0;35000;pagado;3/8/26;transferencia;NO;
5693;24377951-9;Ignacio Mendez Henriquez;2026;9;5/9/26;35000;0;35000;atrasado;;;SI;cuota_impaga
5694;24377951-9;Ignacio Mendez Henriquez;2026;10;5/10/26;35000;0;35000;pagado;5/10/26;tarjeta_credito;NO;
5695;24377951-9;Ignacio Mendez Henriquez;2026;11;5/11/26;35000;0;35000;atrasado;;;SI;cuota_impaga
5696;24377951-9;Ignacio Mendez Henriquez;2026;12;5/12/26;35000;0;35000;pagado;1/12/26;efectivo;NO;
5697;9915422-3;Alvaro Pardo Nuñez;2026;1;5/1/26;35000;0;35000;pagado;1/1/26;transferencia;NO;
5698;9915422-3;Alvaro Pardo Nuñez;2026;2;5/2/26;35000;0;35000;atrasado;;;SI;cuota_impaga
5699;9915422-3;Alvaro Pardo Nuñez;2026;3;5/3/26;35000;0;35000;pagado;4/3/26;tarjeta_credito;NO;
5700;9915422-3;Alvaro Pardo Nuñez;2026;4;5/4/26;35000;0;35000;atrasado;;;SI;cuota_impaga
5701;9915422-3;Alvaro Pardo Nuñez;2026;5;5/5/26;35000;0;35000;pagado;2/5/26;efectivo;NO;
5702;9915422-3;Alvaro Pardo Nuñez;2026;6;5/6/26;35000;0;35000;atrasado;;;SI;cuota_impaga
5703;9915422-3;Alvaro Pardo Nuñez;2026;7;5/7/26;35000;0;35000;pagado;5/7/26;transferencia;NO;
5704;9915422-3;Alvaro Pardo Nuñez;2026;8;5/8/26;35000;0;35000;atrasado;;;SI;cuota_impaga
5705;9915422-3;Alvaro Pardo Nuñez;2026;9;5/9/26;35000;0;35000;pagado;1/9/26;tarjeta_credito;NO;
5706;9915422-3;Alvaro Pardo Nuñez;2026;10;5/10/26;35000;0;35000;atrasado;;;SI;cuota_impaga
5707;9915422-3;Alvaro Pardo Nuñez;2026;11;5/11/26;35000;0;35000;pagado;3/11/26;efectivo;NO;
5708;9915422-3;Alvaro Pardo Nuñez;2026;12;5/12/26;35000;0;35000;atrasado;;;SI;cuota_impaga
5709;18512802-4;Helena Lagos Nuñez;2026;1;5/1/26;35000;0;35000;atrasado;;;SI;cuota_impaga
5710;18512802-4;Helena Lagos Nuñez;2026;2;5/2/26;35000;0;35000;pagado;5/2/26;transferencia;NO;
5711;18512802-4;Helena Lagos Nuñez;2026;3;5/3/26;35000;0;35000;atrasado;;;SI;cuota_impaga
5712;18512802-4;Helena Lagos Nuñez;2026;4;5/4/26;35000;0;35000;pagado;2/4/26;tarjeta_credito;NO;
5713;18512802-4;Helena Lagos Nuñez;2026;5;5/5/26;35000;0;35000;atrasado;;;SI;cuota_impaga
5714;18512802-4;Helena Lagos Nuñez;2026;6;5/6/26;35000;0;35000;pagado;1/6/26;efectivo;NO;
5715;18512802-4;Helena Lagos Nuñez;2026;7;5/7/26;35000;0;35000;atrasado;;;SI;cuota_impaga
5716;18512802-4;Helena Lagos Nuñez;2026;8;5/8/26;35000;0;35000;pagado;3/8/26;transferencia;NO;
5717;18512802-4;Helena Lagos Nuñez;2026;9;5/9/26;35000;0;35000;atrasado;;;SI;cuota_impaga
5718;18512802-4;Helena Lagos Nuñez;2026;10;5/10/26;35000;0;35000;pagado;4/10/26;tarjeta_credito;NO;
5719;18512802-4;Helena Lagos Nuñez;2026;11;5/11/26;35000;0;35000;atrasado;;;SI;cuota_impaga
5720;18512802-4;Helena Lagos Nuñez;2026;12;5/12/26;35000;0;35000;pagado;2/12/26;efectivo;NO;
5721;22109010-5;Javiera Contreras Henriquez;2026;1;5/1/26;35000;0;35000;pagado;3/1/26;transferencia;NO;
5722;22109010-5;Javiera Contreras Henriquez;2026;2;5/2/26;35000;0;35000;atrasado;;;SI;cuota_impaga
5723;22109010-5;Javiera Contreras Henriquez;2026;3;5/3/26;35000;0;35000;pagado;5/3/26;tarjeta_credito;NO;
5724;22109010-5;Javiera Contreras Henriquez;2026;4;5/4/26;35000;0;35000;atrasado;;;SI;cuota_impaga
5725;22109010-5;Javiera Contreras Henriquez;2026;5;5/5/26;35000;0;35000;pagado;1/5/26;efectivo;NO;
5726;22109010-5;Javiera Contreras Henriquez;2026;6;5/6/26;35000;0;35000;atrasado;;;SI;cuota_impaga
5727;22109010-5;Javiera Contreras Henriquez;2026;7;5/7/26;35000;0;35000;pagado;4/7/26;transferencia;NO;
5728;22109010-5;Javiera Contreras Henriquez;2026;8;5/8/26;35000;0;35000;atrasado;;;SI;cuota_impaga
5729;22109010-5;Maria Gonzalez;2026;9;5/9/26;35000;0;35000;pagado;1/9/26;tarjeta_credito;SI;nombre_diferente
5730;22109010-5;Javiera Contreras Henriquez;2026;10;5/10/26;35000;0;35000;atrasado;;;SI;cuota_impaga
5731;22109010-5;Javiera Contreras Henriquez;2026;11;5/11/26;35000;0;35000;pagado;3/11/26;efectivo;NO;
5732;22109010-5;Javiera Contreras Henriquez;2026;12;5/12/26;35000;0;35000;atrasado;;;SI;cuota_impaga
5733;11166446-1;Ana Gonzalez;2026;1;5/1/26;35000;0;35000;atrasado;;;SI;nombre_diferente
5734;11166446-1;Oscar Galdames Lagos;2026;2;5/2/26;35000;0;35000;pagado;2/2/26;transferencia;NO;
5735;11166446-1;Oscar Galdames Lagos;2026;3;5/3/26;35000;0;35000;atrasado;;;SI;cuota_impaga
5736;11166446-1;Oscar Galdames Lagos;2026;4;5/4/26;35000;0;35000;pagado;2/4/26;tarjeta_credito;NO;
5737;11166446-1;Oscar Galdames Lagos;2026;5;5/5/26;35000;0;35000;atrasado;;;SI;cuota_impaga
5738;11166446-1;Oscar Galdames Lagos;2026;6;5/6/26;35000;0;35000;pagado;5/6/26;efectivo;NO;
5739;11166446-1;Oscar Galdames Lagos;2026;7;5/7/26;35000;0;35000;atrasado;;;SI;cuota_impaga
5740;11166446-1;Oscar Galdames Lagos;2026;8;5/8/26;35000;0;35000;pagado;4/8/26;transferencia;NO;
5741;11166446-1;Oscar Galdames Lagos;2026;9;5/9/26;35000;0;35000;atrasado;;;SI;cuota_impaga
5742;11166446-1;Oscar Galdames Lagos;2026;10;5/10/26;35000;0;35000;pagado;1/10/26;tarjeta_credito;NO;
5743;11166446-1;Oscar Galdames Lagos;2026;11;5/11/26;35000;0;35000;atrasado;;;SI;cuota_impaga
5744;11166446-1;Oscar Galdames Lagos;2026;12;5/12/26;35000;0;35000;pagado;3/12/26;efectivo;NO;
5745;23115895-2;Claudio Mendez Nuñez;2026;1;5/1/26;35000;0;35000;pagado;1/1/26;transferencia;NO;
5746;23115895-2;Claudio Mendez Nuñez;2026;2;5/2/26;35000;0;35000;atrasado;;;SI;cuota_impaga
5747;23115895-2;Claudio Mendez Nuñez;2026;3;5/3/26;35000;0;35000;pagado;3/3/26;tarjeta_credito;NO;
5748;23115895-2;Claudio Mendez Nuñez;2026;4;5/4/26;35000;0;35000;atrasado;;;SI;cuota_impaga
5749;23115895-2;Claudio Mendez Nuñez;2026;5;5/5/26;35000;0;35000;pagado;5/5/26;efectivo;NO;
5750;23115895-2;Claudio Mendez Nuñez;2026;6;5/6/26;35000;0;35000;atrasado;;;SI;cuota_impaga
5751;23115895-2;Claudio Mendez Nuñez;2026;7;5/7/26;35000;0;35000;pagado;1/7/26;transferencia;NO;
5752;23115895-2;Claudio Mendez Nuñez;2026;8;5/8/26;35000;0;35000;atrasado;;;SI;cuota_impaga
5753;23115895-2;Claudio Mendez Nuñez;2026;9;5/9/26;35000;0;35000;pagado;2/9/26;tarjeta_credito;NO;
5754;23115895-2;Claudio Mendez Nuñez;2026;10;5/10/26;35000;0;35000;atrasado;;;SI;cuota_impaga
5755;23115895-2;Diego Gonzalez;2026;11;5/11/26;35000;0;35000;pagado;4/11/26;efectivo;SI;nombre_diferente
5756;23115895-2;Claudio Mendez Nuñez;2026;12;5/12/26;35000;0;35000;atrasado;;;SI;cuota_impaga
5757;11689866-0;Ignacio Barrera Alvarez;2026;1;5/1/26;35000;0;35000;atrasado;;;SI;cuota_impaga
5758;11689866-0;Ignacio Barrera Alvarez;2026;2;5/2/26;35000;0;35000;pagado;4/2/26;transferencia;NO;
5759;11689866-0;Ignacio Barrera Alvarez;2026;3;5/3/26;35000;0;35000;atrasado;;;SI;cuota_impaga
5760;11689866-0;Ignacio Barrera Alvarez;2026;4;5/4/26;35000;0;35000;pagado;1/4/26;tarjeta_credito;NO;
5761;11689866-0;Ignacio Barrera Alvarez;2026;5;5/5/26;35000;0;35000;atrasado;;;SI;cuota_impaga
5762;11689866-0;Ignacio Barrera Alvarez;2026;6;5/6/26;35000;0;35000;pagado;2/6/26;efectivo;NO;
5763;11689866-0;Ignacio Barrera Alvarez;2026;7;5/7/26;35000;0;35000;atrasado;;;SI;cuota_impaga
5764;11689866-0;Ignacio Barrera Alvarez;2026;8;5/8/26;35000;0;35000;pagado;5/8/26;transferencia;NO;
5765;11689866-0;Ignacio Barrera Alvarez;2026;9;5/9/26;35000;0;35000;atrasado;;;SI;cuota_impaga
5766;11689866-0;Ignacio Barrera Alvarez;2026;10;5/10/26;35000;0;35000;pagado;3/10/26;tarjeta_credito;NO;
5767;11689866-0;Ignacio Barrera Alvarez;2026;11;5/11/26;35000;0;35000;atrasado;;;SI;cuota_impaga
5768;11689866-0;Ignacio Barrera Alvarez;2026;12;5/12/26;35000;0;35000;pagado;1/12/26;efectivo;NO;
5769;16809928-4;Natalia Barrera Barrera;2026;1;5/1/26;35000;0;35000;pagado;5/1/26;transferencia;NO;
5770;16809928-4;Natalia Barrera Barrera;2026;2;5/2/26;35000;0;35000;atrasado;;;SI;cuota_impaga
5771;16809928-4;Natalia Barrera Barrera;2026;3;5/3/26;35000;0;35000;pagado;2/3/26;tarjeta_credito;NO;
5772;16809928-4;Natalia Barrera Barrera;2026;4;5/4/26;35000;0;35000;atrasado;;;SI;cuota_impaga
5773;16809928-4;Natalia Barrera Barrera;2026;5;5/5/26;35000;0;35000;pagado;4/5/26;efectivo;NO;
5774;16809928-4;Natalia Barrera Barrera;2026;6;5/6/26;35000;0;35000;atrasado;;;SI;cuota_impaga
5775;16809928-4;Natalia Barrera Barrera;2026;7;5/7/26;35000;0;35000;pagado;1/7/26;transferencia;NO;
5776;16809928-4;Natalia Barrera Barrera;2026;8;5/8/26;35000;0;35000;atrasado;;;SI;cuota_impaga
5777;16809928-4;Natalia Barrera Barrera;2026;9;5/9/26;35000;0;35000;pagado;3/9/26;tarjeta_credito;NO;
5778;16809928-4;Natalia Barrera Barrera;2026;10;5/10/26;35000;0;35000;atrasado;;;SI;cuota_impaga
5779;16809928-4;Natalia Barrera Barrera;2026;11;5/11/26;35000;0;35000;pagado;1/11/26;efectivo;NO;
5780;16809928-4;Natalia Barrera Barrera;2026;12;5/12/26;35000;0;35000;atrasado;;;SI;cuota_impaga
5781;17615166-6;Ignacio Iturra Alvarez;2026;1;5/1/26;35000;0;35000;atrasado;;;SI;cuota_impaga
5782;17615166-6;Ignacio Iturra Alvarez;2026;2;5/2/26;35000;0;35000;pagado;2/2/26;transferencia;NO;
5783;17615166-6;Ignacio Iturra Alvarez;2026;3;5/3/26;35000;0;35000;atrasado;;;SI;cuota_impaga
5784;17615166-6;Ignacio Iturra Alvarez;2026;4;5/4/26;35000;0;35000;pagado;5/4/26;tarjeta_credito;NO;
5785;17615166-6;Ignacio Iturra Alvarez;2026;5;5/5/26;35000;0;35000;atrasado;;;SI;cuota_impaga
