codigo_reserva;fecha_reserva;fecha_inicio;fecha_fin;estado_reserva;run_reservante;nombre_reservante;es_socio;lugar_nombre;sucursal_nombre;monto_total;monto_pagado;medio_pago;fecha_pago;registro_incorrecto;tipo_error
;17/04/25;17/04/25;23/04/25;ejecutada;21099442-4;Luis Contreras;NO;Cabaña 14;Santa Cruz;720000;720000;transferencia;15/4/25;SI;
;19/12/25;19/12/25;26/12/25;cancelada;7812836-4;Pedro Rojas;SI;Cabaña 12;Santa Cruz;840000;0;;16/12/25;NO;
;15/5/25;15/5/25;15/5/25 14:00;reservada;20408365-7;Maria Gonzalez;SI;Restaurant 2 X;Providencia;30000;0;;14/5/25;SI;referencia/fecha
;06/12/25;06/12/25;07/12/25;reservada;9269949-8;Ana Silva;SI;Cabaña 7;Santiago Centro;120000;0;;6/12/25;NO;
;4/7/25;4/7/25 13:00;4/7/25 14:00;ejecutada;20112516-2;Luis Contreras;NO;Salon Eventos 1;Santiago Centro;100000;100000;efectivo;30/6/25;NO;
;04/06/25;15//25;09/06/25;cancelada;12809545-4;Juan Perez;NO;Cabaña 4;Santiago Centro;600000;0;;31/5/25;SI;fecha
;11/5/25;11/5/25 18:00;11/5/25 19:00;reservada;17503226-6;Juan Perez;SI;Cancha Futbolito Techada;La Florida;35000;0;;8/5/25;NO;
;20/08/25;20/08/25;22/08/25;reservada;17606228-2;Juan Perez;NO;Cabaña 2;La Florida;240000;0;;18/8/25;NO;
;10/01/25;10/01/25;19/01/25;reservada;23311403-0;Ana;NO;Cabaña 9;Providencia;1080000;0;;5/1/25;SI;nombre
;19/08/25;19/08/25;22/08/25;ejecutada;13015768-8;Pedro Rojas;NO;Cabaña 1;Santiago Centro;360000;360000;transferencia;18/8/25;NO;
;5/4/25;5/4/25 14:00;5/4/25 15:00;reservada;18154120-2;Maria Gonzalez;SI;Salon Eventos 2;La Florida;100000;0;;3/4/25;NO;
;19/3/25;19/3/25 13:00;19/3/25 14:00;ejecutada;8805000-2;Maria Gonzalez;NO;Cancha Padel Aire Libre;La Florida;25000;25000;transferencia;14/3/25;NO;
;3/3/25;3/3/25 17:00;3/3/25 18:00;ejecutada;5854603-8;Luis Contreras;SI;Salon Eventos 4;La Florida;100000;100000;tarjeta;1/3/25;NO;
;07/05/25;07/05/25;12/05/25;ejecutada;12075076-3;Juan Perez;SI;Cabaña 7;Santa Cruz;600000;600000;tarjeta;3/5/25;NO;
;12/09/25;12/09/25;19/09/25;ejecutada;21296743-2;Pedro Rojas;NO;Cabaña 16;Providencia;840000;840000;transferencia;12/9/25;SI;
;17/6/25;17/6/25 11:00;17/6/25 12:00;ejecutada;5854603-8;Luis Contreras;SI;Salon Eventos 2;Santiago Centro;100000;100000;tarjeta;14/6/25;NO;
;01/08/25;01/08/25;03/08/25;ejecutada;21349217-9;Luis Contreras;NO;Cabaña 2;Santa Cruz;240000;240000;transferencia;30/7/25;NO;
;16/06/25;16/06/25;26/06/25;ejecutada;20713143-1;Luis Contreras;NO;Cabaña 1;Providencia;1200000;1200000;transferencia;12/6/25;NO;
;04/12/25;04/12/25;10/12/25;cancelada;21099442-4;Luis Contreras;SI;Cabaña 2;Providencia;720000;0;;1/12/25;SI;
;04/02/25;04/02/25;14/02/25;reservada;6946141-7;Ana Silva;NO;Cabaña 1;Santa Cruz;1200000;0;;2/2/25;NO;
;15/3/25;15/3/25 17:00;15/3/25 18:00;cancelada;24967582-2;Maria Gonzalez;SI;Salon Eventos 3 X;Santa Cruz;100000;0;;12/3/25;SI;referencia
;4/1/25;4/1/25 22:00;4/1/25 23:00;reservada;16968310-7;Luis Contreras;NO;Piscina 1;Providencia;20000;0;;2/1/25;NO;
;13/12/25;13/12/25;21/12/25;ejecutada;21178138-6;Ana Silva;SI;Cabaña 2;La Florida;960000;960000;efectivo;13/12/25;NO;
;17/08/25;17/08/25;20/08/25;ejecutada;5643136-5;Juan Perez;NO;Cabaña 17;Providencia;360000;360000;efectivo;14/8/25;NO;
;01/12/25;01/12/25;05/12/25;reservada;18468277-K;Luis Contreras;NO;Cabaña 7;Santa Cruz;480000;0;;29/11/25;NO;
;7/7/25;7/7/25 18:00;7/7/25 19:00;ejecutada;15795747-3;Ana Silva;NO;Cancha Futbolito Aire Libre;La Florida;25000;25000;efectivo;4/7/25;NO;
;1/9/25;1/9/25 17:00;1/9/25 18:00;reservada;14582283-1;Luis Contreras;SI;Salon Eventos 1;Santa Cruz;100000;0;efectivo;30/8/25;SI;medio de pago
;14/08/25;14/08/25;24/08/25;cancelada;16479158-0;Pedro Rojas;NO;Cabaña 10;La Florida;1200000;0;;13/8/25;NO;
;19/6/25;19/6/25 19:00;19/6/25 20:00;cancelada;18053720-9;Ana Silva;SI;Cancha Basquetbol Aire Libre;Santa Cruz;25000;0;;16/6/25;SI;rut
;02/01/25;02/01/25;09/01/25;reservada;24859483-7;Luis Contreras;SI;Cabaña 16;La Florida;840000;0;;30/12/24;NO;
;11/12/25;11/12/25 22:00;11/12/25 23:00;ejecutada;19104958-6;Pedro;NO;Cancha Basquetbol Aire Libre;Santa Cruz;25000;25000;tarjeta;9/12/25;SI;nombre
;02/03/25;02/03/25;08/03/25;ejecutada;13224751-K;Luis Contreras;SI;Cabaña 4;Providencia;720000;720000;efectivo;26/2/25;NO;
;01/12/25;01/12/25;11/12/25;cancelada;16479158-0;Pedro Rojas;SI;Cabaña 18 X;La Florida;1200000;0;;26/11/25;SI;referencia
;12/05/25;12/05/25;19/05/25;reservada;7686256-7;Luis Contreras;NO;Cabaña 10;Santa Cruz;840000;0;;11/5/25;NO;
;16/6/25;16/6/25 9:00;16/6/25 10:00;ejecutada;20713143-1;Luis Contreras;NO;Salon Eventos 1;Providencia;100000;100000;transferencia;11/6/25;NO;
;12/04/25;12/04/25;21/04/25;ejecutada;17263289-0;Juan Perez;NO;Cabaña 1;Providencia;1080000;1080000;efectivo;10/4/25;NO;
;2/2/25;2/2/25 17:00;2/2/25 18:00;reservada;22156789-7;Luis;NO;Restaurant 1;Providencia;30000;0;;29/1/25;SI;nombre
;14/12/25;14/12/25;23/12/25;reservada;15838325-K;Maria Gonzalez;SI;Cabaña 6;La Florida;1080000;0;;9/12/25;NO;
;11/06/25;11/06/25;12/06/25;ejecutada;21743846-2;Pedro Rojas;SI;Cabaña 19;Santiago Centro;120000;120000;transferencia;9/6/25;NO;
;2/1/25;2/1/25 18:00;2/1/25 19:00;cancelada;14155657-6;Pedro Rojas;SI;Cancha Futbolito Aire Libre;Santiago Centro;25000;0;;2/1/25;NO;
;10/12/25;10/12/25 11:00;10/12/25 12:00;ejecutada;21947907-7;Maria Gonzalez;NO;Salon Eventos 4;Providencia;100000;100000;efectivo;8/12/25;NO;
;06/10/25;06/10/25;16/10/25;ejecutada;23498184-6;Juan Perez;SI;Cabaña 11;Providencia;1200000;1200000;tarjeta;3/10/25;NO;
;2/10/25;2/10/25 9:00;2/10/25 10:00;ejecutada;10837704-6;Pedro Rojas;SI;Cancha Padel Aire Libre;Santiago Centro;25000;25000;transferencia;1/10/25;NO;
;04/12/25;04/12/25;12/12/25;ejecutada;6807678-1;Pedro Rojas;NO;Cabaña 18;La Florida;960000;960000;efectivo;29/11/25;NO;
;13/11/25;13/11/25 15:00;13/11/25 16:00;reservada;21156024-K;Maria Gonzalez;SI;Salon Eventos 3;Santa Cruz;100000;0;;8/11/25;NO;
;14/11/25;14/11/25 10:00;14/11/25 11:00;reservada;13098747-8;Ana Silva;NO;Salon Eventos 4;La Florida;100000;0;;11/11/25;NO;
;4/7/25;4/7/25;4/7/25 23:00;reservada;9680719-0;Ana Silva;SI;Salon Eventos 2;Santiago Centro;100000;0;;2/7/25;SI;rut/fecha
;14/1/25;14/1/25 11:00;14/1/25 12:00;reservada;9381544-0;Pedro Rojas;NO;Salon Eventos 2;La Florida;100000;0;;14/1/25;SI;
;14/6/25;14/6/25 11:00;14/6/25 12:00;reservada;7781298-9;Pedro Rojas;SI;Cancha Tenis Aire Libre;Santiago Centro;25000;0;;13/6/25;NO;
;02/01/25;02/01/25;04/01/25;ejecutada;18776636-2;Pedro Rojas;NO;Cabaña 1;Santiago Centro;240000;240000;efectivo;1/1/25;NO;
;15/7/25;15/7/25 8:00;15/7/25 9:00;reservada;16276138-2;Ana Silva;SI;Cancha Padel Aire Libre;Santa Cruz;25000;0;;11/7/25;NO;
;12/6/25;12/6/25 10:00;12/6/25 11:00;reservada;19020373-5;Juan Perez;NO;Piscina 1;Santiago Centro;20000;0;;7/6/25;NO;
;13/12/25;13/12/25;13/12/25 22:00;reservada;9487250-7;Ana Silva;NO;Piscina 1;Providencia;20000;0;;11/12/25;SI;rut/fecha
;13/01/25;13/01/25;19/01/25;reservada;20928234-8;Pedro Rojas;SI;Cabaña 5;Santa Cruz;720000;0;;9/1/25;NO;
;16/2/25;16/2/25 18:00;16/2/25 19:00;cancelada;9269949-8;Ana Silva;NO;Restaurant 1;Providencia;30000;0;;13/2/25;NO;
;10/4/25;10/4/25 16:00;10/4/25 17:00;reservada;6835621-0;Luis Contreras;NO;Restaurant 2;Santiago Centro;30000;0;;7/4/25;NO;
;14/5/25;14/5/25 21:00;14/5/25 22:00;ejecutada;19727843-9;Luis Contreras;SI;Cancha Basquetbol Aire Libre;Providencia;25000;25000;tarjeta;10/5/25;NO;
;09/10/25;09/10/25;10/10/25;reservada;21454860-7;Ana Silva;NO;Cabaña 19;La Florida;120000;0;;8/10/25;NO;
;08/09/25;08/09/25;11/09/25;reservada;17647891-8;Maria Gonzalez;SI;Cabaña 2;La Florida;360000;0;;5/9/25;NO;
;8/6/25;8/6/25 20:00;8/6/25 21:00;reservada;9087517-5;Pedro Rojas;NO;Cancha Tenis Techada;Santiago Centro;35000;0;;6/6/25;NO;
;14/11/25;14/11/25;22/11/25;ejecutada;17623443-1;Maria Gonzalez;SI;Cabaña 8;Providencia;960000;960000;efectivo;11/11/25;NO;
;07/12/25;07/12/25;14/12/25;ejecutada;20112516-2;Luis Contreras;NO;Cabaña 14;Santiago Centro;840000;840000;tarjeta;2/12/25;NO;
;13/10/25;13/10/25 19:00;13/10/25 20:00;cancelada;12192627-K;Pedro Rojas;NO;Salon Eventos 1;Santa Cruz;100000;0;;12/10/25;NO;
;14/03/25;14/03/25;23/03/25;ejecutada;20328291-5;Juan Perez;SI;Cabaña 4;Santa Cruz;1080000;1080000;efectivo;9/3/25;NO;
;15//25;15/05/25;19/05/25;reservada;9381544-0;Pedro Rojas;NO;Cabaña 11;La Florida;480000;0;;14/5/25;SI;fecha
;17/7/25;17/7/25 18:00;17/7/25 19:00;cancelada;13233936-8;Maria Gonzalez;NO;Piscina 1;Santiago Centro;20000;0;;16/7/25;NO;
;11/2/25;11/2/25 8:00;11/2/25 9:00;reservada;7989270-K;Maria Gonzalez;SI;Cancha Padel Techada;La Florida;35000;0;;11/2/25;NO;
;08/05/25;08/05/25;17/05/25;reservada;8267419-5;Pedro Rojas;SI;Cabaña 9;Providencia;1080000;0;;3/5/25;NO;
;17/01/25;17/01/25;21/01/25;ejecutada;22966221-K;Maria Gonzalez;SI;Cabaña 12;Santa Cruz;480000;480000;transferencia;17/1/25;NO;
;07/12/25;07/12/25;11/12/25;reservada;5779517-4;Luis Contreras;SI;Cabaña 5;Santa Cruz;480000;0;;4/12/25;NO;
;15/06/25;15/06/25;20/06/25;reservada;11086191-5;Ana Silva;NO;Cabaña 3;Santiago Centro;600000;0;;11/6/25;NO;
;3/10/25;3/10/25 22:00;3/10/25 23:00;ejecutada;10216723-6;Juan Perez;NO;Cancha Futbolito Aire Libre;Santa Cruz;25000;25000;efectivo;2/10/25;NO;
;9/6/25;9/6/25 17:00;9/6/25 18:00;ejecutada;12592948-6;Ana Silva;SI;Cancha Futbolito Aire Libre;La Florida;25000;25000;tarjeta;6/6/25;NO;
;01/03/25;01/03/25;02/03/25;reservada;12887828-9;Maria Gonzalez;NO;Cabaña 3;Providencia;120000;0;;26/2/25;NO;
;06/01/25;06/01/25;16/01/25;ejecutada;8991172-9;Juan Perez;NO;Cabaña 5;Santiago Centro;1200000;1200000;tarjeta;3/1/25;NO;
;1/4/25;1/4/25 9:00;1/4/25 10:00;cancelada;13547030-0;Ana Silva;SI;Salon Eventos 2;La Florida;100000;0;;30/3/25;SI;rut
;8/7/25;8/7/25;8/7/25 14:00;cancelada;23046980-0;Luis Contreras;SI;Cancha Tenis Aire Libre;Providencia;25000;0;;4/7/25;SI;rut/fecha
;17/6/25;17/6/25 14:00;17/6/25 15:00;ejecutada;7500349-8;Pedro Rojas;NO;Salon Eventos 4;La Florida;100000;100000;efectivo;13/6/25;NO;
;10/07/25;10/07/25;20/07/25;cancelada;20642956-9;Ana Silva;NO;Cabaña 3;Providencia;1200000;0;;9/7/25;NO;
;06/10/25;06/10/25;15/10/25;ejecutada;20229991-1;Ana Silva;SI;Cabaña 3;Providencia;1080000;1080000;transferencia;1/10/25;NO;
;04/06/25;04/06/25;07/06/25;cancelada;22156789-7;Luis Contreras;NO;Cabaña 12;Santiago Centro;360000;0;;31/5/25;NO;
;09/11/25;09/11/25;19/11/25;cancelada;24949712-6;Luis Contreras;SI;Cabaña 10;Santa Cruz;1200000;0;transferencia;7/11/25;SI;medio de pago
;10/7/25;10/7/25 21:00;10/7/25 22:00;ejecutada;15804334-3;Luis Contreras;SI;Cancha Futbolito Techada;Providencia;35000;35000;transferencia;8/7/25;NO;
;6/6/25;6/6/25;6/6/25 9:00;ejecutada;9706683-3;Ana Silva;SI;Cancha Futbolito Techada X;Santiago Centro;35000;35000;transferencia;6/6/25;SI;referencia/fecha
;10/12/25;10/12/25;11/12/25;reservada;22156789-7;Luis Contreras;NO;Cabaña 7;Santiago Centro;120000;0;;5/12/25;NO;
;18/04/25;18/04/25;23/04/25;ejecutada;13734270-7;Luis Contreras;NO;Cabaña 13;La Florida;600000;600000;efectivo;14/4/25;NO;
;19/07/25;19/07/25;29/07/25;reservada;10645717-4;Pedro Rojas;NO;Cabaña 2;Providencia;1200000;0;;15/7/25;NO;
;09/04/25;09/04/25;12/04/25;cancelada;19443419-7;Pedro Rojas;NO;Cabaña 16;Santiago Centro;360000;0;;7/4/25;NO;
;12/11/25;12/11/25 8:00;12/11/25 9:00;ejecutada;13981951-9;Ana Silva;NO;Cancha Futbolito Techada;Santa Cruz;35000;35000;efectivo;11/11/25;NO;
;8/6/25;8/6/25 15:00;8/6/25 16:00;cancelada;9269949-8;Ana Silva;NO;Cancha Padel Aire Libre;Santa Cruz;25000;0;;4/6/25;NO;
;01/12/25;01/12/25;10/12/25;cancelada;19208091-6;Maria Gonzalez;NO;Cabaña 16;La Florida;1080000;0;;29/11/25;NO;
;12/08/25;12/08/25;16/08/25;ejecutada;19443419-7;Pedro Rojas;NO;Cabaña 18;Providencia;480000;480000;transferencia;11/8/25;NO;
;15/03/25;15/03/25;17/03/25;reservada;10216723-6;Juan Perez;NO;Cabaña 6;Santiago Centro;240000;0;;14/3/25;NO;
;14/08/25;14/08/25;16/08/25;cancelada;21351051-7;Ana Silva;NO;Cabaña 11;Santa Cruz;240000;0;;11/8/25;NO;
;01/10/25;01/10/25;03/10/25;ejecutada;15916589-2;Luis Contreras;NO;Cabaña 20;Santiago Centro;240000;240000;transferencia;30/9/25;NO;
;13/09/25;13/09/25;17/09/25;ejecutada;15499152-2;Maria Gonzalez;NO;Cabaña 8;La Florida;480000;480000;tarjeta;12/9/25;NO;
;06/01/25;06/01/25;10/01/25;cancelada;22307110-4;Luis Contreras;SI;Cabaña 2;Providencia;480000;0;;5/1/25;NO;
;11/07/25;11/07/25;15/07/25;ejecutada;20194778-2;Ana Silva;SI;Cabaña 7;Santa Cruz;480000;480000;transferencia;11/7/25;NO;
;17/9/25;17/9/25 9:00;17/9/25 10:00;reservada;9203394-5;Luis Contreras;SI;Piscina 2;Santa Cruz;20000;0;;14/9/25;NO;
;3/6/25;3/6/25;3/6/25 18:00;cancelada;11483413-0;Ana Silva;SI;Salon Eventos 4;Santa Cruz;100000;0;;2/6/25;SI;fecha
;04/05/25;04/05/25;12/05/25;cancelada;10645717-4;Pedro Rojas;SI;Cabaña 11;Santa Cruz;960000;0;;30/4/25;NO;
;07/11/25;07/11/25;08/11/25;ejecutada;16012079-7;Ana Silva;SI;Cabaña 3;Santiago Centro;120000;120000;tarjeta;2/11/25;NO;
;15/1/25;15/1/25 11:00;15/1/25 12:00;reservada;6858349-7;Luis Contreras;NO;Cancha Basquetbol Aire Libre;La Florida;25000;0;;13/1/25;NO;
;05/12/25;05/12/25;11/12/25;reservada;5983819-9;Ana Silva;NO;Cabaña 12;La Florida;720000;0;;5/12/25;NO;
;14/5/25;14/5/25 19:00;14/5/25 20:00;cancelada;5204506-1;Ana Silva;SI;Salon Eventos 3;Providencia;100000;0;;11/5/25;NO;
;15/10/25;15/10/25 17:00;15/10/25 18:00;ejecutada;8442882-5;Ana Silva;NO;Salon Eventos 3;Providencia;100000;100000;tarjeta;13/10/25;NO;
;12/12/25;12/12/25 22:00;12/12/25 23:00;cancelada;15047491-4;Ana Silva;NO;Cancha Padel Techada;Santiago Centro;35000;0;;10/12/25;NO;
;14/6/25;14/6/25 17:00;14/6/25 18:00;ejecutada;17623443-1;Maria Gonzalez;SI;Piscina 1;Santa Cruz;20000;20000;transferencia;12/6/25;NO;
;15/10/25;15/10/25 18:00;15/10/25 19:00;ejecutada;16825005-3;Ana Silva;SI;Piscina 1;Santa Cruz;20000;20000;efectivo;11/10/25;NO;
;07/11/25;07/11/25;17/11/25;cancelada;24639890-9;Luis Contreras;SI;Cabaña 15;Santiago Centro;1200000;0;;4/11/25;SI;
;01/01/25;01/01/25;08/01/25;ejecutada;12013508-2;Ana Silva;NO;Cabaña 13;Santa Cruz;840000;840000;tarjeta;28/12/24;NO;
;02/10/25;02/10/25;/05/25;cancelada;6642396-4;Maria Gonzalez;SI;Cabaña 2;Santiago Centro;840000;0;;29/9/25;SI;fecha
;2/1/25;2/1/25 20:00;2/1/25 21:00;reservada;13650113-5;Pedro Rojas;NO;Cancha Futbolito Techada;Santiago Centro;35000;0;;1/1/25;NO;
;10/10/25;10/10/25 17:00;10/10/25 18:00;ejecutada;18565989-5;Luis Contreras;NO;Cancha Basquetbol Aire Libre;Providencia;25000;25000;tarjeta;7/10/25;NO;
;7/2/25;7/2/25 12:00;7/2/25 13:00;reservada;6951223-2;Maria Gonzalez;SI;Piscina 2;La Florida;20000;0;;6/2/25;SI;
;09/07/25;09/07/25;15/07/25;ejecutada;8267419-5;Pedro Rojas;NO;Cabaña 15;Santa Cruz;720000;720000;tarjeta;9/7/25;SI;
;5/8/25;5/8/25 22:00;5/8/25 23:00;cancelada;13203913-5;Maria Gonzalez;SI;Cancha Futbolito Techada;Santiago Centro;35000;0;;31/7/25;NO;
;11/01/25;11/01/25;19/01/25;ejecutada;9087517-5;Pedro Rojas;SI;Cabaña 2;Santa Cruz;960000;960000;transferencia;6/1/25;NO;
;20/1/25;20/1/25 18:00;20/1/25 19:00;cancelada;6504014-K;Luis Contreras;SI;Cancha Tenis Techada;Santa Cruz;35000;0;;18/1/25;NO;
;9/8/25;9/8/25 17:00;9/8/25 18:00;ejecutada;13288053-0;Luis Contreras;NO;Salon Eventos 4;Santiago Centro;100000;100000;tarjeta;9/8/25;SI;
;20/4/25;20/4/25 15:00;20/4/25 16:00;cancelada;19197001-2;Ana Silva;SI;Cancha Tenis Techada;La Florida;35000;0;;15/4/25;NO;
;18/5/25;18/5/25 9:00;18/5/25 10:00;reservada;22388037-1;Luis Contreras;SI;Cancha Basquetbol Aire Libre X;Providencia;25000;0;;18/5/25;SI;referencia
;7/1/25;7/1/25 22:00;7/1/25 23:00;reservada;6126625-9;Maria Gonzalez;NO;Piscina 2;Santiago Centro;20000;0;;4/1/25;NO;
;03/10/25;03/10/25;05/10/25;reservada;5475559-7;Luis Contreras;NO;Cabaña 9;Santa Cruz;240000;0;;30/9/25;NO;
;18/8/25;18/8/25 8:00;18/8/25 9:00;cancelada;16257735-2;Maria Gonzalez;NO;Cancha Padel Aire Libre;Providencia;25000;0;;13/8/25;NO;
;5/1/25;5/1/25 22:00;5/1/25 23:00;cancelada;17049622-1;Pedro Rojas;NO;Cancha Tenis Techada;Providencia;35000;0;;31/12/24;NO;
;4/6/25;4/6/25 15:00;4/6/25 16:00;reservada;7997541-9;Ana Silva;SI;Piscina 1;Santiago Centro;20000;0;;4/6/25;SI;
;18/10/25;18/10/25;19/10/25;reservada;15600733-1;Luis Contreras;SI;Cabaña 17;Santiago Centro;120000;0;;16/10/25;NO;
;18/01/25;18/01/25;23/01/25;cancelada;17877832-3;Pedro Rojas;SI;Cabaña 19;Santa Cruz;600000;0;;18/1/25;NO;
;9/2/25;9/2/25 20:00;9/2/25 21:00;reservada;17623443-1;Maria Gonzalez;NO;Cancha Futbolito Aire Libre;Santa Cruz;25000;0;;4/2/25;NO;
;8/12/25;8/12/25 19:00;8/12/25 20:00;cancelada;21217431-9;Juan Perez;NO;Restaurant 2;Santiago Centro;30000;0;;3/12/25;NO;
;11/08/25;11/08/25;16/08/25;cancelada;15115625-8;Juan Perez;SI;Cabaña 13;Providencia;600000;0;;9/8/25;NO;
;06/06/25;06/06/25;10/06/25;reservada;9087517-5;Pedro Rojas;SI;Cabaña 8;Santiago Centro;480000;0;;4/6/25;NO;
;9/1/25;9/1/25 12:00;9/1/25 13:00;cancelada;11450455-6;Luis Contreras;SI;Salon Eventos 2;Santa Cruz;100000;0;;4/1/25;NO;
;04/05/25;04/05/25;13/05/25;ejecutada;13505604-9;Ana Silva;NO;Cabaña 5;Santiago Centro;1080000;1080000;transferencia;1/5/25;NO;
;2/10/25;2/10/25 9:00;2/10/25 10:00;reservada;6504014-K;Luis Contreras;SI;Cancha Futbolito Aire Libre;La Florida;25000;0;;28/9/25;NO;
;19/02/25;19/02/25;24/02/25;cancelada;5135966-6;Pedro Rojas;SI;Cabaña 5;Santiago Centro;600000;0;;19/2/25;NO;
;02/08/25;02/08/25;05/08/25;ejecutada;22110547-8;Maria Gonzalez;SI;Cabaña 20;Santa Cruz;360000;360000;efectivo;29/7/25;NO;
;01/03/25;01/03/25;10/03/25;cancelada;15954986-0;Maria Gonzalez;NO;Cabaña 11;Providencia;1080000;0;;26/2/25;NO;
;19/1/25;19/1/25 14:00;19/1/25 15:00;ejecutada;6085414-9;Maria Gonzalez;NO;Cancha Padel Techada;Santiago Centro;35000;35000;transferencia;18/1/25;NO;
;06/10/25;06/10/25;10/10/25;reservada;7479790-3;Luis Contreras;NO;Cabaña 12;Santiago Centro;480000;0;;4/10/25;NO;
;16/06/25;16/06/25;21/06/25;ejecutada;23939713-1;Pedro Rojas;SI;Cabaña 2 X;La Florida;600000;600000;efectivo;11/6/25;SI;referencia
;13/7/25;13/7/25 22:00;13/7/25 23:00;reservada;13914038-9;Luis Contreras;SI;Cancha Tenis Aire Libre;Santiago Centro;25000;0;;9/7/25;SI;
;09/01/25;09/01/25;11/01/25;cancelada;18754494-7;Maria Gonzalez;SI;Cabaña 8;La Florida;240000;0;;9/1/25;NO;
;16/9/25;16/9/25 14:00;16/9/25 15:00;reservada;17914991-5;Maria Gonzalez;SI;Piscina 1;Providencia;20000;0;;12/9/25;NO;
;17/09/25;17/09/25;26/09/25;cancelada;19652678-1;Juan Perez;SI;Cabaña 14;Providencia;1080000;0;;17/9/25;NO;
;31/02/25;02/03/25;08/03/25;cancelada;16825005-5;Ana Silva;NO;Cabaña 3;Santiago Centro;720000;0;;1/3/25;SI;rut/fecha
;17/12/25;17/12/25 10:00;17/12/25 11:00;cancelada;18053720-1;Ana Silva;SI;Cancha Tenis Techada;Santa Cruz;35000;0;;14/12/25;NO;
;08/11/25;08/11/25;09/11/25;cancelada;19544570-2;Maria Gonzalez;SI;Cabaña 14 X;Santiago Centro;120000;0;;7/11/25;SI;referencia
;09/11/25;09/11/25;17/11/25;cancelada;12341381-4;Luis Contreras;NO;Cabaña 6;Santa Cruz;960000;0;;4/11/25;NO;
;20/03/25;20/03/25;22/03/25;reservada;18646254-8;Pedro Rojas;NO;Cabaña 2;La Florida;240000;0;;20/3/25;NO;
;15/07/25;15/07/25;25/07/25;ejecutada;14756759-6;Juan;SI;Cabaña 3;Santa Cruz;1200000;1200000;transferencia;13/7/25;SI;nombre
;3/11/25;3/11/25 11:00;3/11/25 12:00;reservada;12875377-K;Maria Gonzalez;NO;Cancha Tenis Aire Libre;Providencia;25000;0;;3/11/25;NO;
;06/11/25;06/11/25;12/11/25;ejecutada;12922397-9;Maria Gonzalez;SI;Cabaña 10;Santa Cruz;720000;720000;tarjeta;3/11/25;NO;
;18/4/25;18/4/25 12:00;18/4/25 13:00;ejecutada;20914133-9;Juan Perez;NO;Salon Eventos 1;Santiago Centro;100000;100000;transferencia;16/4/25;SI;rut
;9/6/25;9/6/25 18:00;9/6/25 19:00;cancelada;11374837-0;Maria Gonzalez;NO;Salon Eventos 3;Providencia;100000;0;;9/6/25;NO;
;17/08/25;17/08/25;23/08/25;ejecutada;16657576-1;Luis Contreras;SI;Cabaña 16;Providencia;720000;720000;efectivo;15/8/25;NO;
;12/10/25;12/10/25 10:00;12/10/25 11:00;ejecutada;23021174-4;Maria Gonzalez;NO;Salon Eventos 1;La Florida;100000;100000;transferencia;10/10/25;NO;
;4/6/25;4/6/25 11:00;4/6/25 12:00;ejecutada;20078438-3;Ana Silva;SI;Cancha Basquetbol Techada;Santa Cruz;35000;35000;efectivo;31/5/25;NO;
;16/10/25;16/10/25 20:00;16/10/25 21:00;cancelada;6626889-6;Pedro Rojas;SI;Cancha Tenis Techada;Providencia;35000;0;;16/10/25;NO;
;19/1/25;19/1/25 14:00;19/1/25 15:00;reservada;12080481-2;Maria Gonzalez;NO;Restaurant 2;Santiago Centro;30000;0;;15/1/25;NO;
;4/6/25;4/6/25 20:00;4/6/25 21:00;ejecutada;7206185-3;Luis Contreras;SI;Piscina 2;Providencia;20000;20000;efectivo;30/5/25;NO;
;16/12/25;16/12/25;22/12/25;cancelada;21349217-9;Luis Contreras;SI;Cabaña 15;La Florida;720000;0;;12/12/25;NO;
;01/09/25;01/09/25;11/09/25;reservada;19362869-9;Luis Contreras;SI;Cabaña 9;Providencia;1200000;0;;1/9/25;NO;
;11/12/25;11/12/25;14/12/25;reservada;11738535-3;Maria Gonzalez;SI;Cabaña 12;Providencia;360000;0;;11/12/25;SI;
;16/11/25;16/11/25 10:00;16/11/25 11:00;cancelada;11247006-9;Luis Contreras;NO;Restaurant 2;Providencia;30000;0;;11/11/25;NO;
;01/09/25;01/09/25;03/09/25;ejecutada;15790934-7;Maria Gonzalez;SI;Cabaña 19;Santa Cruz;240000;240000;efectivo;27/8/25;NO;
;16/05/25;16/05/25;25/05/25;cancelada;10701917-0;Pedro Rojas;SI;Cabaña 11;Santiago Centro;1080000;0;;11/5/25;NO;
;14/4/25;14/4/25 21:00;14/4/25 22:00;reservada;17133976-6;Juan Perez;NO;Cancha Basquetbol Aire Libre;Santa Cruz;25000;0;;11/4/25;NO;
;20/2/25;20/2/25 21:00;20/2/25 22:00;cancelada;21178138-6;Ana Silva;NO;Restaurant 2;La Florida;30000;0;;15/2/25;NO;
;16/01/25;16/01/25;23/01/25;reservada;15819975-0;Pedro Rojas;SI;Cabaña 11;Santiago Centro;840000;0;;16/1/25;NO;
;11/09/25;11/09/25;12/09/25;reservada;16288155-8;Ana Silva;NO;Cabaña 7;Santa Cruz;120000;0;;9/9/25;NO;
;01/04/25;01/04/25;08/04/25;reservada;21947907-7;Maria Gonzalez;SI;Cabaña 17;Providencia;840000;0;;28/3/25;NO;
;12/03/25;12/03/25;15/03/25;cancelada;19599688-1;Juan Perez;SI;Cabaña 1;Providencia;360000;0;;7/3/25;NO;
;20/08/25;20/08/25;21/08/25;reservada;13288053-0;Luis Contreras;NO;Cabaña 14;Santiago Centro;120000;0;;15/8/25;NO;
;11/5/25;11/5/25 18:00;11/5/25 19:00;ejecutada;21934163-6;Maria Gonzalez;SI;Salon Eventos 1;La Florida;100000;100000;efectivo;11/5/25;NO;
;07/11/25;07/11/25;12/11/25;ejecutada;16953331-8;Pedro Rojas;SI;Cabaña 7;Santa Cruz;600000;600000;efectivo;2/11/25;NO;
;2/12/25;2/12/25 17:00;2/12/25 18:00;reservada;20642956-9;Ana Silva;SI;Cancha Futbolito Aire Libre;Providencia;25000;0;;1/12/25;NO;
;1/11/25;1/11/25;1/11/25 12:00;reservada;7735551-0;Ana Silva;NO;Cancha Tenis Techada X;Santiago Centro;35000;0;;28/10/25;SI;referencia/fecha
;08/07/25;08/07/25;18/07/25;reservada;7101185-2;Pedro Rojas;NO;Cabaña 4;Santiago Centro;1200000;0;;6/7/25;NO;
;4/10/25;4/10/25 13:00;4/10/25 14:00;reservada;17275270-5;Pedro Rojas;NO;Cancha Basquetbol Aire Libre;Providencia;25000;0;;30/9/25;NO;
;09/12/25;09/12/25;18/12/25;reservada;7479790-3;Luis Contreras;NO;Cabaña 5;Santiago Centro;1080000;0;;5/12/25;NO;
;06/10/25;06/10/25;16/10/25;ejecutada;21734074-8;Juan Perez;SI;Cabaña 6;Santiago Centro;1200000;1200000;efectivo;1/10/25;NO;
;10/09/25;10/09/25;15/09/25;ejecutada;15804334-3;Luis Contreras;NO;Cabaña 14;Santa Cruz;600000;600000;tarjeta;7/9/25;NO;
;04/11/25;04/11/25;14/11/25;reservada;23369020-1;Ana Silva;SI;Cabaña 13;Providencia;1200000;0;;3/11/25;NO;
;20/12/25;20/12/25;28/12/25;cancelada;18728677-8;Juan Perez;SI;Cabaña 12;Providencia;960000;0;;19/12/25;NO;
;18/4/25;18/4/25 15:00;18/4/25 16:00;ejecutada;9213225-0;Maria Gonzalez;NO;Restaurant 1;Providencia;30000;30000;efectivo;14/4/25;NO;
;19/03/25;19/03/25;24/03/25;ejecutada;6436217-8;Pedro Rojas;SI;Cabaña 20;Santa Cruz;600000;600000;transferencia;14/3/25;NO;
;20/01/25;20/01/25;29/01/25;ejecutada;10578107-5;Luis;SI;Cabaña 1;Santa Cruz;1080000;1080000;tarjeta;20/1/25;SI;nombre
;20/8/25;20/8/25;20/8/25 18:00;ejecutada;7101185-2;Pedro Rojas;NO;Salon Eventos 3;Providencia;100000;100000;transferencia;18/8/25;SI;fecha
;16/10/25;16/10/25 15:00;16/10/25 16:00;ejecutada;20184378-2;Pedro Rojas;NO;Cancha Basquetbol Techada;Santa Cruz;35000;35000;efectivo;16/10/25;NO;
;5/5/25;5/5/25 21:00;5/5/25 22:00;ejecutada;19197001-2;Ana Silva;NO;Cancha Padel Techada;Santiago Centro;35000;35000;tarjeta;4/5/25;NO;
;14/03/25;14/03/25;17/03/25;reservada;17505864-8;Maria Gonzalez;SI;Cabaña 1;La Florida;360000;0;;11/3/25;NO;
;08/02/25;08/02/25;18/02/25;reservada;22852757-9;Ana Silva;NO;Cabaña 2;Santa Cruz;1200000;0;;6/2/25;SI;rut
;15/07/25;15/07/25;16/07/25;ejecutada;13006208-3;Luis Contreras;NO;Cabaña 16;Santa Cruz;120000;120000;efectivo;14/7/25;NO;
;3/10/25;3/10/25 12:00;3/10/25 13:00;ejecutada;13897062-0;Maria Gonzalez;NO;Cancha Futbolito Techada;Santa Cruz;35000;35000;efectivo;3/10/25;NO;
;09/09/25;09/09/25;12/09/25;cancelada;17275270-5;Pedro Rojas;SI;Cabaña 15;La Florida;360000;0;;7/9/25;NO;
;1/5/25;1/5/25 16:00;1/5/25 17:00;cancelada;18965892-3;Juan Perez;SI;Salon Eventos 1;Santa Cruz;100000;0;;30/4/25;NO;
;8/1/25;8/1/25 10:00;8/1/25 11:00;cancelada;18885368-4;Maria Gonzalez;SI;Cancha Tenis Techada X;La Florida;35000;0;;3/1/25;SI;referencia
;18/11/25;18/11/25;25/11/25;reservada;20128868-1;Ana Silva;SI;Cabaña 19;Santiago Centro;840000;0;;15/11/25;NO;
;04/12/25;04/12/25;11/12/25;cancelada;5058687-1;Ana Silva;SI;Cabaña 7;Providencia;840000;0;;3/12/25;NO;
;19/04/25;19/04/25;27/04/25;reservada;9874086-4;Ana Silva;NO;Cabaña 15;Santa Cruz;960000;0;;14/4/25;NO;
;02/02/25;02/02/25;07/02/25;reservada;9487250-2;Ana Silva;SI;Cabaña 10;La Florida;600000;0;;28/1/25;NO;
;05/09/25;05/09/25;14/09/25;ejecutada;13532015-3;Luis Contreras;NO;Cabaña 5;Santiago Centro;1080000;1080000;tarjeta;2/9/25;NO;
;8/9/25;8/9/25 16:00;8/9/25 17:00;ejecutada;6512346-0;Maria Gonzalez;SI;Cancha Padel Aire Libre;Santa Cruz;25000;25000;efectivo;5/9/25;NO;
;18/11/25;18/11/25 8:00;18/11/25 9:00;cancelada;11727551-5;Maria Gonzalez;SI;Salon Eventos 3;Santa Cruz;100000;0;;17/11/25;NO;
;18/11/25;18/11/25;22/11/25;cancelada;6365576-7;Juan Perez;SI;Cabaña 9;Santiago Centro;480000;0;;14/11/25;NO;
;14/08/25;14/08/25;24/08/25;reservada;23835968-6;Juan Perez;NO;Cabaña 12;Providencia;1200000;0;;13/8/25;NO;
;15/12/25;15/12/25 13:00;15/12/25 14:00;cancelada;6504014-K;Luis Contreras;SI;Salon Eventos 1;Providencia;100000;0;;10/12/25;NO;
;14/06/25;14/06/25;21/06/25;ejecutada;22075434-0;Ana Silva;NO;Cabaña 15;Santa Cruz;840000;840000;tarjeta;14/6/25;NO;
;11/2/25;11/2/25 9:00;11/2/25 10:00;ejecutada;15819975-0;Pedro Rojas;NO;Piscina 2;La Florida;20000;20000;tarjeta;6/2/25;NO;
;19/3/25;19/3/25 22:00;19/3/25 23:00;reservada;23021174-4;Maria Gonzalez;SI;Cancha Tenis Techada;Providencia;35000;0;;18/3/25;NO;
;12/07/25;12/07/25;14/07/25;ejecutada;17553993-K;Ana Silva;NO;Cabaña 13;La Florida;240000;240000;tarjeta;11/7/25;NO;
;18/5/25;18/5/25 9:00;18/5/25 10:00;cancelada;16530236-2;Pedro Rojas;SI;Piscina 1;Santa Cruz;20000;0;;14/5/25;NO;
;08/05/25;08/05/25;18/05/25;cancelada;17820790-3;Juan Perez;NO;Cabaña 19;Santiago Centro;1200000;0;;5/5/25;NO;
;06/12/25;abc/12/25;09/12/25;ejecutada;24002475-6;Luis Contreras;NO;Cabaña 20;Santiago Centro;360000;360000;transferencia;3/12/25;SI;fecha
;16/06/25;16/06/25;25/06/25;ejecutada;16012079-7;Ana Silva;NO;Cabaña 11;Providencia;1080000;1080000;tarjeta;16/6/25;NO;
;4/3/25;4/3/25 11:00;4/3/25 12:00;reservada;22256719-K;Ana Silva;SI;Restaurant 1;Santa Cruz;30000;0;;2/3/25;NO;
;11/07/25;11/07/25;15/07/25;ejecutada;7735551-0;Ana Silva;SI;Cabaña 1;Santa Cruz;480000;480000;transferencia;10/7/25;NO;
;02/08/25;02/08/25;08/08/25;cancelada;6626889-6;Pedro Rojas;NO;Cabaña 15;Providencia;720000;0;;28/7/25;NO;
;9/12/25;9/12/25 12:00;9/12/25 13:00;cancelada;18616868-2;Luis Contreras;NO;Cancha Futbolito Aire Libre;Providencia;25000;0;;8/12/25;NO;
;14/11/25;14/11/25;19/11/25;ejecutada;13288053-0;Luis Contreras;NO;Cabaña 9;La Florida;600000;600000;transferencia;13/11/25;SI;rut
;19/03/25;19/03/25;26/03/25;cancelada;10119752-2;Juan Perez;SI;Cabaña 20;Santa Cruz;840000;0;;16/3/25;NO;
;07/11/25;07/11/25;15/11/25;ejecutada;13702711-9;Luis;NO;Cabaña 6;Santiago Centro;960000;960000;efectivo;7/11/25;SI;nombre
;12/05/25;12/05/25;16/05/25;reservada;7660832-6;Pedro Rojas;NO;Cabaña 3;Providencia;480000;0;;12/5/25;NO;
;10/6/25;10/6/25 17:00;10/6/25 18:00;reservada;17275270-5;Pedro Rojas;SI;Cancha Futbolito Aire Libre;Santiago Centro;25000;0;;8/6/25;NO;
;14/01/25;14/01/25;15//25;reservada;19937737-8;Luis Contreras;NO;Cabaña 2;Santa Cruz;1200000;0;;14/1/25;SI;rut/fecha
;08/01/25;08/01/25;16/01/25;reservada;21296743-2;Pedro Rojas;SI;Cabaña 19;La Florida;960000;0;;3/1/25;NO;
;01/08/25;01/08/25;11/08/25;reservada;5204506-1;Ana Silva;SI;Cabaña 17;La Florida;1200000;0;;30/7/25;NO;
;14/03/25;14/03/25;22/03/25;cancelada;15499152-2;Maria Gonzalez;NO;Cabaña 1;Providencia;960000;0;;9/3/25;NO;
;7/12/25;7/12/25 11:00;7/12/25 12:00;ejecutada;5590602-5;Juan Perez;NO;Restaurant 2;Providencia;30000;30000;efectivo;4/12/25;NO;
;01/09/25;01/09/25;02/09/25;reservada;17294352-7;Ana Silva;NO;Cabaña 3;Santa Cruz;120000;0;;29/8/25;NO;
;15/04/25;15/04/25;17/04/25;reservada;21349217-9;Luis Contreras;NO;Cabaña 5;Santa Cruz;240000;0;;15/4/25;NO;
;03/07/25;03/07/25;07/07/25;ejecutada;22746919-6;Maria Gonzalez;NO;Cabaña 7;La Florida;480000;480000;transferencia;1/7/25;SI;
;20/7/25;20/7/25 12:00;20/7/25 13:00;cancelada;10145466-5;Pedro Rojas;NO;Cancha Basquetbol Aire Libre;Santiago Centro;25000;0;;19/7/25;NO;
;14/11/25;14/11/25;16/11/25;cancelada;17647891-8;Maria Gonzalez;NO;Cabaña 2;La Florida;240000;0;;13/11/25;NO;
;11/11/25;11/11/25 17:00;11/11/25 18:00;cancelada;18242406-4;Ana Silva;NO;Piscina 1;Santiago Centro;20000;0;;8/11/25;NO;
;11/09/25;11/09/25;14/09/25;ejecutada;10216723-6;Juan Perez;NO;Cabaña 13;Santa Cruz;360000;360000;efectivo;8/9/25;NO;
;12/2/25;12/2/25 14:00;12/2/25 15:00;cancelada;5938386-8;Ana Silva;SI;Piscina 2;La Florida;20000;0;;7/2/25;NO;
;5/3/25;5/3/25;5/3/25 12:00;reservada;18147916-7;Maria Gonzalez;SI;Restaurant 2;La Florida;30000;0;;28/2/25;SI;rut/fecha
;11/7/25;11/7/25;11/7/25 13:00;reservada;10272070-9;Pedro Rojas;SI;Cancha Tenis Aire Libre X;Santiago Centro;25000;0;;7/7/25;SI;referencia/fecha
;11/03/25;11/03/25;16/03/25;reservada;7997541-9;Ana Silva;NO;Cabaña 13;La Florida;600000;0;;10/3/25;NO;
;12/8/25;12/8/25 9:00;12/8/25 10:00;ejecutada;15447012-3;Pedro Rojas;NO;Restaurant 1;Santiago Centro;30000;30000;tarjeta;9/8/25;NO;
;11/03/25;11/03/25;19/03/25;cancelada;20394775-3;Pedro Rojas;SI;Cabaña 14;Santa Cruz;960000;0;;10/3/25;SI;rut
;08/08/25;08/08/25;13/08/25;ejecutada;11727551-5;Maria Gonzalez;SI;Cabaña 15;Santiago Centro;600000;600000;efectivo;7/8/25;NO;
;18/1/25;18/1/25 19:00;18/1/25 20:00;ejecutada;23684083-2;Pedro Rojas;NO;Salon Eventos 4;Providencia;100000;100000;transferencia;14/1/25;NO;
;15/04/25;15/04/25;17/04/25;reservada;17963425-2;Luis Contreras;SI;Cabaña 1;Providencia;240000;0;;10/4/25;NO;
;4/7/25;4/7/25 13:00;4/7/25 14:00;reservada;13203913-5;Maria Gonzalez;SI;Cancha Futbolito Techada;Santiago Centro;35000;0;;30/6/25;NO;
;18/02/25;18/02/25;26/02/25;cancelada;12922397-9;Maria Gonzalez;NO;Cabaña 13;La Florida;960000;0;;18/2/25;NO;
;20/8/25;20/8/25 22:00;20/8/25 23:00;cancelada;6835621-0;Luis Contreras;SI;Restaurant 2;La Florida;30000;0;;15/8/25;NO;
;06/09/25;06/09/25;14/09/25;cancelada;16094679-2;Ana Silva;NO;Cabaña 16;Providencia;960000;0;;3/9/25;NO;
;07/01/25;07/01/25;12/01/25;cancelada;7130867-7;Luis Contreras;SI;Cabaña 3;Providencia;600000;0;;3/1/25;NO;
;19/11/25;19/11/25 17:00;19/11/25 18:00;ejecutada;11616558-9;Maria Gonzalez;SI;Cancha Padel Aire Libre;La Florida;25000;25000;tarjeta;16/11/25;NO;
;3/3/25;3/3/25 16:00;3/3/25 17:00;reservada;15826885-K;Juan Perez;SI;Salon Eventos 1;Santiago Centro;100000;0;;28/2/25;NO;
;20/12/25;20/12/25;27/12/25;reservada;24402541-2;Luis Contreras;NO;Cabaña 10;Santa Cruz;840000;0;;15/12/25;NO;
;12/08/25;12/08/25;15/08/25;ejecutada;5327894-9;Maria Gonzalez;SI;Cabaña 15;La Florida;360000;360000;transferencia;12/8/25;NO;
;18/7/25;18/7/25 19:00;18/7/25 20:00;cancelada;9487250-2;Ana Silva;NO;Restaurant 1;La Florida;30000;0;;18/7/25;NO;
;06/04/25;06/04/25;11/04/25;ejecutada;22746919-6;Maria Gonzalez;NO;Cabaña 7;Providencia;600000;600000;tarjeta;5/4/25;NO;
;07/07/25;07/07/25;15/07/25;cancelada;18568061-4;Ana Silva;SI;Cabaña 16;Santiago Centro;960000;0;;4/7/25;NO;
;06/04/25;06/04/25;12/04/25;reservada;17820790-3;Juan Perez;SI;Cabaña 1;Santiago Centro;720000;0;;5/4/25;NO;
;10/06/25;10/06/25;16/06/25;reservada;18147916-7;Maria Gonzalez;SI;Cabaña 14;Santiago Centro;720000;0;;9/6/25;NO;
;1/10/25;1/10/25 21:00;1/10/25 22:00;ejecutada;16987649-5;Maria Gonzalez;SI;Cancha Tenis Techada;La Florida;35000;35000;efectivo;1/10/25;NO;
;5/1/25;5/1/25 13:00;5/1/25 14:00;reservada;14584200-K;Pedro Rojas;NO;Salon Eventos 4;Santa Cruz;100000;0;;5/1/25;NO;
;06/12/25;06/12/25;11/12/25;cancelada;8309406-0;Luis Contreras;NO;Cabaña 13 X;Santiago Centro;600000;0;;6/12/25;SI;referencia
;01/01/25;01/01/25;09/01/25;reservada;16214968-7;Luis Contreras;SI;Cabaña 15 X;Santa Cruz;960000;0;;29/12/24;SI;referencia
;05/03/25;05/03/25;12/03/25;cancelada;24427724-1;Maria Gonzalez;NO;Cabaña 2;Santa Cruz;840000;0;;1/3/25;NO;
;5/8/25;5/8/25 19:00;5/8/25 20:00;cancelada;10289799-4;Maria Gonzalez;SI;Cancha Basquetbol Techada X;Santa Cruz;35000;0;;1/8/25;SI;referencia
;6/4/25;6/4/25 9:00;6/4/25 10:00;cancelada;14861266-8;Ana Silva;NO;Salon Eventos 3;Santa Cruz;100000;0;;1/4/25;NO;
;02/07/25;02/07/25;07/07/25;reservada;15121060-0;Ana Silva;SI;Cabaña 7;La Florida;600000;0;;1/7/25;NO;
;06/11/25;06/11/25;07/11/25;ejecutada;18910856-7;Maria Gonzalez;SI;Cabaña 2;Santa Cruz;120000;120000;transferencia;5/11/25;NO;
;16/3/25;16/3/25 22:00;16/3/25 23:00;cancelada;10145466-5;Pedro Rojas;NO;Cancha Padel Aire Libre;Providencia;25000;0;;12/3/25;NO;
;10/8/25;10/8/25 8:00;10/8/25 9:00;reservada;13224751-K;Luis Contreras;NO;Cancha Basquetbol Techada;La Florida;35000;0;;6/8/25;NO;
;13/05/25;13/05/25;19/05/25;reservada;11374837-0;Maria Gonzalez;NO;Cabaña 8;Providencia;720000;0;;8/5/25;NO;
;abc/12/25;09/02/25;16/02/25;reservada;17786278-9;Juan Perez;SI;Cabaña 3 X;Santa Cruz;840000;0;;9/2/25;SI;referencia/fecha
;6/11/25;6/11/25 12:00;6/11/25 13:00;cancelada;18881160-4;Pedro Rojas;SI;Cancha Tenis Aire Libre;La Florida;25000;0;;4/11/25;NO;
;16/12/25;16/12/25;22/12/25;reservada;18154120-2;Maria Gonzalez;NO;Cabaña 10;Santiago Centro;720000;0;;11/12/25;NO;
;16/01/25;16/01/25;22/01/25;ejecutada;19430435-8;Maria Gonzalez;NO;Cabaña 20;Santa Cruz;720000;720000;transferencia;11/1/25;NO;
;02/03/25;02/03/25;11/03/25;cancelada;20128868-5;Ana Silva;SI;Cabaña 12;La Florida;1080000;0;;1/3/25;SI;rut
;20/02/25;20/02/25;28/02/25;reservada;6440714-7;Ana Silva;NO;Cabaña 8;Providencia;960000;0;;20/2/25;NO;
;19/05/25;19/05/25;28/05/25;cancelada;19211618-K;Luis Contreras;NO;Cabaña 12;Santa Cruz;1080000;0;;16/5/25;NO;
;08/10/25;08/10/25;18/10/25;ejecutada;19576306-2;Luis Contreras;SI;Cabaña 8;Santa Cruz;1200000;1200000;tarjeta;3/10/25;NO;
;14/08/25;14/08/25;16/08/25;reservada;9179703-8;Maria Gonzalez;NO;Cabaña 11;Providencia;240000;0;;10/8/25;NO;
;16/3/25;16/3/25 12:00;16/3/25 13:00;ejecutada;9978267-6;Pedro Rojas;NO;Cancha Futbolito Aire Libre;Santa Cruz;25000;25000;efectivo;14/3/25;NO;
;12/6/25;12/6/25 19:00;12/6/25 20:00;reservada;24139677-0;Ana Silva;SI;Piscina 1;La Florida;20000;0;;11/6/25;NO;
;11/07/25;11/07/25;15/07/25;cancelada;22863706-8;Luis Contreras;SI;Cabaña 4;Santa Cruz;480000;0;;7/7/25;NO;
;13/10/25;13/10/25;15/10/25;ejecutada;5149595-0;Maria Gonzalez;NO;Cabaña 20;Santiago Centro;240000;240000;efectivo;10/10/25;NO;
;11/07/25;11/07/25;15/07/25;reservada;5757659-6;Pedro Rojas;SI;Cabaña 3;Santa Cruz;480000;0;;11/7/25;NO;
;13/12/25;13/12/25 9:00;13/12/25 10:00;reservada;11219981-0;Pedro Rojas;SI;Piscina 1;La Florida;20000;0;;12/12/25;NO;
;17/08/25;17/08/25;18/08/25;cancelada;8309406-0;Luis Contreras;SI;Cabaña 8;Santa Cruz;120000;0;;14/8/25;NO;
;07/05/25;07/05/25;15/05/25;ejecutada;10905503-4;Pedro Rojas;NO;Cabaña 10;La Florida;960000;960000;transferencia;3/5/25;NO;
;14/02/25;14/02/25;22/02/25;ejecutada;16741119-3;Luis Contreras;NO;Cabaña 4;Santa Cruz;960000;960000;efectivo;13/2/25;SI;
;abc/12/25;17/02/25;19/02/25;reservada;17911506-9;Pedro Rojas;SI;Cabaña 14;Providencia;240000;0;;16/2/25;SI;fecha
;13/8/25;13/8/25 17:00;13/8/25 18:00;reservada;12925543-9;Maria Gonzalez;NO;Cancha Padel Techada;Providencia;35000;0;;13/8/25;NO;
;01/05/25;01/05/25;02/05/25;reservada;11086191-5;Ana Silva;SI;Cabaña 6;Providencia;120000;0;;30/4/25;NO;
;11/2/25;11/2/25 15:00;11/2/25 16:00;cancelada;13397853-4;Juan Perez;NO;Cancha Basquetbol Techada;Santiago Centro;35000;0;;8/2/25;NO;
;02/10/25;02/10/25;04/10/25;reservada;24139677-0;Ana Silva;NO;Cabaña 11;Providencia;240000;0;;1/10/25;NO;
;12/5/25;12/5/25;12/5/25 11:00;ejecutada;21162735-2;Juan Perez;NO;Cancha Tenis Aire Libre;La Florida;25000;25000;transferencia;9/5/25;SI;fecha
;19/09/25;19/09/25;23/09/25;cancelada;15562742-5;Maria Gonzalez;NO;Cabaña 6;Santiago Centro;480000;0;;14/9/25;NO;
;19/04/25;19/04/25;23/04/25;cancelada;6389986-0;Luis Contreras;NO;Cabaña 4;Santa Cruz;480000;0;;14/4/25;NO;
;01/07/25;01/07/25;03/07/25;ejecutada;15120266-7;Juan Perez;NO;Cabaña 19;Providencia;240000;240000;transferencia;29/6/25;NO;
;7/8/25;7/8/25 13:00;7/8/25 14:00;cancelada;10289799-2;Maria Gonzalez;NO;Piscina 1;Santa Cruz;20000;0;;4/8/25;SI;rut
;20/1/25;20/1/25 8:00;20/1/25 9:00;reservada;23835968-6;Juan Perez;SI;Salon Eventos 4;Santiago Centro;100000;0;;19/1/25;NO;
;16/10/25;16/10/25 10:00;16/10/25 11:00;cancelada;15600733-1;Luis Contreras;SI;Piscina 1;Santa Cruz;20000;0;;12/10/25;NO;
;10/03/25;10/03/25;14/03/25;ejecutada;13519552-9;Juan Perez;NO;Cabaña 5;La Florida;480000;480000;efectivo;10/3/25;NO;
;11/07/25;abc/12/25;18/07/25;ejecutada;19195488-2;Pedro Rojas;NO;Cabaña 18;La Florida;840000;840000;tarjeta;10/7/25;SI;fecha
;11/12/25;11/12/25;13/12/25;reservada;9298423-0;Maria Gonzalez;SI;Cabaña 10;Providencia;240000;0;;9/12/25;NO;
;01/12/25;01/12/25;03/12/25;ejecutada;10701917-0;Pedro Rojas;NO;Cabaña 18;Providencia;240000;240000;transferencia;29/11/25;NO;
;11/6/25;11/6/25 21:00;11/6/25 22:00;reservada;17914991-5;Maria Gonzalez;NO;Cancha Futbolito Aire Libre;Santa Cruz;25000;0;;8/6/25;NO;
;19/11/25;19/11/25;28/11/25;cancelada;15804334-3;Luis Contreras;NO;Cabaña 17;Santa Cruz;1080000;0;;14/11/25;NO;
;08/06/25;08/06/25;09/06/25;cancelada;22329198-8;Luis Contreras;SI;Cabaña 8;Santiago Centro;120000;0;;4/6/25;NO;
;1/8/25;1/8/25 9:00;1/8/25 10:00;ejecutada;15035367-K;Maria Gonzalez;NO;Restaurant 2;Providencia;30000;30000;transferencia;29/7/25;NO;
;9/11/25;9/11/25 19:00;9/11/25 20:00;reservada;20672079-4;Juan Perez;NO;Cancha Basquetbol Aire Libre;Santa Cruz;25000;0;;7/11/25;NO;
;9/9/25;9/9/25 8:00;9/9/25 9:00;cancelada;12913560-3;Ana Silva;SI;Cancha Padel Techada;Santiago Centro;35000;0;;8/9/25;NO;
;16/09/25;16/09/25;19/09/25;reservada;23451242-0;Juan Perez;SI;Cabaña 8 X;La Florida;360000;0;;16/9/25;SI;referencia
;10/10/25;10/10/25;17/10/25;reservada;16054257-8;Luis;SI;Cabaña 3;Santiago Centro;840000;0;;8/10/25;SI;nombre
;02/07/25;02/07/25;06/07/25;reservada;11218435-K;Luis Contreras;SI;Cabaña 4;Santiago Centro;480000;0;;29/6/25;NO;
;20/2/25;20/2/25 8:00;20/2/25 9:00;reservada;13554594-5;Pedro Rojas;NO;Salon Eventos 3;La Florida;100000;0;;19/2/25;NO;
;13/01/25;13/01/25;20/01/25;reservada;16460920-0;Maria Gonzalez;SI;Cabaña 11;Santiago Centro;840000;0;;12/1/25;NO;
;12/7/25;12/7/25 22:00;12/7/25 23:00;ejecutada;11616558-9;Maria Gonzalez;NO;Cancha Futbolito Aire Libre;Santa Cruz;25000;25000;transferencia;12/7/25;NO;
;05/10/25;05/10/25;09/10/25;cancelada;10698937-0;Pedro Rojas;SI;Cabaña 12;Santiago Centro;480000;0;;4/10/25;NO;
;06/06/25;06/06/25;10/06/25;cancelada;10778324-5;Luis Contreras;NO;Cabaña 16;La Florida;480000;0;;1/6/25;NO;
;6/11/25;6/11/25 9:00;6/11/25 10:00;reservada;11218435-K;Luis Contreras;SI;Restaurant 2;Santa Cruz;30000;0;;6/11/25;NO;
;14/11/25;14/11/25;16/11/25;cancelada;9259413-0;Luis Contreras;SI;Cabaña 11;Santa Cruz;240000;0;;11/11/25;NO;
;18/11/25;18/11/25 14:00;18/11/25 15:00;cancelada;10289799-4;Maria Gonzalez;SI;Restaurant 2;Providencia;30000;0;;15/11/25;NO;
;18/4/25;18/4/25 8:00;18/4/25 9:00;cancelada;13224751-K;Luis Contreras;SI;Salon Eventos 3;La Florida;100000;0;;14/4/25;NO;
;4/1/25;4/1/25 9:00;4/1/25 10:00;reservada;7686256-7;Luis Contreras;SI;Cancha Basquetbol Techada;Santiago Centro;35000;0;;30/12/24;NO;
;3/3/25;3/3/25 20:00;3/3/25 21:00;reservada;16304937-6;Juan Perez;SI;Restaurant 1;Santa Cruz;30000;0;;1/3/25;NO;
;20/08/25;20/08/25;29/08/25;cancelada;16759872-2;Ana Silva;NO;Cabaña 12;Providencia;1080000;0;;18/8/25;NO;
;09/01/25;09/01/25;14/01/25;cancelada;23835968-6;Juan Perez;SI;Cabaña 4;Santiago Centro;600000;0;;8/1/25;NO;
;17/7/25;17/7/25 8:00;17/7/25 9:00;cancelada;19576306-2;Luis Contreras;NO;Piscina 1;Providencia;20000;0;;17/7/25;NO;
;19/2/25;19/2/25 21:00;19/2/25 22:00;ejecutada;17911506-9;Pedro Rojas;NO;Piscina 2;Santiago Centro;20000;20000;efectivo;15/2/25;NO;
;12/09/25;12/09/25;16/09/25;reservada;20408365-7;Maria Gonzalez;SI;Cabaña 13;Providencia;480000;0;;9/9/25;NO;
;01/03/25;01/03/25;07/03/25;cancelada;24427724-1;Maria Gonzalez;NO;Cabaña 3;La Florida;720000;0;;27/2/25;NO;
;4/3/25;4/3/25 17:00;4/3/25 18:00;cancelada;16214968-7;Luis Contreras;SI;Salon Eventos 4;Santiago Centro;100000;0;;4/3/25;NO;
;09/01/25;/05/25;19/01/25;cancelada;7479790-3;Luis Contreras;SI;Cabaña 15;Santa Cruz;1200000;0;;4/1/25;SI;fecha
;12/10/25;12/10/25;17/10/25;cancelada;10645717-4;Pedro Rojas;NO;Cabaña 16;Providencia;600000;0;;11/10/25;NO;
;05/02/25;05/02/25;13/02/25;reservada;16107528-0;Juan Perez;SI;Cabaña 5;La Florida;960000;0;;3/2/25;NO;
;03/05/25;03/05/25;04/05/25;reservada;16054257-8;Luis Contreras;NO;Cabaña 19;Santiago Centro;120000;0;;30/4/25;NO;
;13/02/25;13/02/25;18/02/25;ejecutada;21912374-4;Pedro;SI;Cabaña 6;La Florida;600000;600000;transferencia;9/2/25;SI;nombre
;11/1/25;11/1/25 13:00;11/1/25 14:00;ejecutada;6807678-1;Pedro Rojas;NO;Restaurant 1;Santa Cruz;30000;30000;efectivo;6/1/25;NO;
;15/9/25;15/9/25 15:00;15/9/25 16:00;ejecutada;8409701-2;Pedro Rojas;SI;Cancha Futbolito Aire Libre;Santiago Centro;25000;25000;tarjeta;11/9/25;NO;
;08/03/25;08/03/25;16/03/25;ejecutada;5137322-7;Juan Perez;SI;Cabaña 14;Santa Cruz;960000;960000;transferencia;4/3/25;NO;
;15/06/25;15/06/25;21/06/25;reservada;20086756-4;Maria Gonzalez;SI;Cabaña 17;Santiago Centro;720000;0;;12/6/25;NO;
;13/11/25;13/11/25 12:00;13/11/25 13:00;cancelada;18602114-2;Juan Perez;NO;Salon Eventos 1;Providencia;100000;0;;11/11/25;NO;
;10/01/25;10/01/25;14/01/25;ejecutada;6365576-7;Juan Perez;SI;Cabaña 15;Santa Cruz;480000;480000;tarjeta;8/1/25;NO;
;14/07/25;14/07/25;22/07/25;ejecutada;17263289-0;Juan Perez;NO;Cabaña 14;Santiago Centro;960000;960000;efectivo;11/7/25;NO;
;14/07/25;14/07/25;23/07/25;reservada;12592948-6;Ana Silva;NO;Cabaña 14;La Florida;1080000;0;;14/7/25;NO;
;17/11/25;17/11/25;25/11/25;reservada;19727843-9;Luis Contreras;NO;Cabaña 15;Santiago Centro;960000;0;;17/11/25;NO;
;09/05/25;09/05/25;16/05/25;cancelada;7261443-7;Ana Silva;SI;Cabaña 11;La Florida;840000;0;;7/5/25;NO;
;03/06/25;03/06/25;06/06/25;ejecutada;24740663-8;Luis Contreras;NO;Cabaña 16;Santa Cruz;360000;360000;transferencia;29/5/25;NO;
;8/3/25;8/3/25 10:00;8/3/25 11:00;ejecutada;8223654-6;Ana Silva;SI;Salon Eventos 3;Santiago Centro;100000;100000;tarjeta;6/3/25;SI;
;11/12/25;11/12/25;21/12/25;reservada;20914133-7;Juan Perez;SI;Cabaña 15;Santiago Centro;1200000;0;;10/12/25;NO;
;09/07/25;09/07/25;17/07/25;cancelada;13604604-5;Juan Perez;SI;Cabaña 14;La Florida;960000;0;;7/7/25;SI;rut
;20/01/25;20/01/25;23/01/25;reservada;5395622-K;Pedro Rojas;NO;Cabaña 3;Providencia;360000;0;;15/1/25;NO;
;3/4/25;3/4/25 18:00;3/4/25 19:00;reservada;13224751-K;Luis Contreras;NO;Piscina 1;Santa Cruz;20000;0;;29/3/25;NO;
;9/1/25;9/1/25 15:00;9/1/25 16:00;ejecutada;8084042-K;Maria Gonzalez;NO;Piscina 1;La Florida;20000;20000;transferencia;6/1/25;NO;
;05/03/25;05/03/25;13/03/25;reservada;17470694-8;Pedro Rojas;SI;Cabaña 17 X;La Florida;960000;0;;3/3/25;SI;referencia
;02/10/25;02/10/25;06/10/25;cancelada;18467664-8;Pedro Rojas;SI;Cabaña 3;La Florida;480000;0;;1/10/25;NO;
;15/02/25;15/02/25;17/02/25;cancelada;7997541-5;Ana Silva;NO;Cabaña 1;Santa Cruz;240000;0;;12/2/25;SI;rut
;19/3/25;19/3/25 12:00;19/3/25 13:00;ejecutada;21947907-7;Maria Gonzalez;NO;Cancha Basquetbol Aire Libre;Providencia;25000;25000;efectivo;14/3/25;NO;
;13/11/25;13/11/25;21/11/25;reservada;14843634-7;Juan Perez;NO;Cabaña 2;Santiago Centro;960000;0;;8/11/25;NO;
;09/10/25;09/10/25;14/10/25;ejecutada;9813420-4;Maria Gonzalez;SI;Cabaña 5;Santiago Centro;600000;600000;transferencia;8/10/25;NO;
;01/01/25;01/01/25;03/01/25;reservada;23876696-6;Luis Contreras;NO;Cabaña 3;Santiago Centro;240000;0;;1/1/25;NO;
;02/07/25;02/07/25;03/07/25;reservada;13792450-1;Juan Perez;NO;Cabaña 19;La Florida;120000;0;;1/7/25;NO;
;4/11/25;4/11/25 21:00;4/11/25 22:00;reservada;15115625-8;Juan Perez;SI;Cancha Basquetbol Techada;Santiago Centro;35000;0;;2/11/25;NO;
;19/2/25;19/2/25 10:00;19/2/25 11:00;cancelada;11627877-4;Pedro Rojas;NO;Salon Eventos 2;Providencia;100000;0;;14/2/25;NO;
;09/01/25;09/01/25;10/01/25;ejecutada;7500349-8;Pedro Rojas;SI;Cabaña 3;Santiago Centro;120000;120000;tarjeta;9/1/25;NO;
;14/11/25;14/11/25 18:00;14/11/25 19:00;cancelada;17096666-K;Juan Perez;SI;Cancha Futbolito Aire Libre;Santa Cruz;25000;0;;14/11/25;NO;
;06/05/25;06/05/25;14/05/25;reservada;16214968-7;Luis Contreras;NO;Cabaña 16;La Florida;960000;0;;5/5/25;NO;
;13/8/25;13/8/25 16:00;13/8/25 17:00;ejecutada;7500349-8;Pedro Rojas;NO;Salon Eventos 3;Santa Cruz;100000;100000;efectivo;9/8/25;NO;
;10/03/25;10/03/25;13/03/25;reservada;24027614-3;Luis Contreras;NO;Cabaña 20;Santa Cruz;360000;0;;8/3/25;NO;
;6/1/25;6/1/25 9:00;6/1/25 10:00;cancelada;24447412-8;Juan Perez;SI;Piscina 2;Providencia;20000;0;;3/1/25;SI;
;17/10/25;17/10/25 13:00;17/10/25 14:00;reservada;20727566-2;Juan Perez;NO;Cancha Tenis Techada;Providencia;35000;0;;15/10/25;NO;
;5/7/25;5/7/25 15:00;5/7/25 16:00;cancelada;20666104-6;Juan Perez;SI;Cancha Padel Aire Libre;Santa Cruz;25000;0;;3/7/25;NO;
;4/5/25;4/5/25 15:00;4/5/25 16:00;cancelada;14394380-1;Pedro Rojas;SI;Salon Eventos 3;Santiago Centro;100000;0;;29/4/25;NO;
;04/03/25;04/03/25;10/03/25;reservada;7607462-3;Pedro Rojas;SI;Cabaña 16;Santiago Centro;720000;0;;1/3/25;NO;
;01/10/25;01/10/25;09/10/25;cancelada;19161282-5;Luis Contreras;NO;Cabaña 8;Providencia;960000;0;;29/9/25;NO;
;12/3/25;12/3/25 13:00;12/3/25 14:00;cancelada;7206185-3;Luis Contreras;NO;Cancha Futbolito Techada;Providencia;35000;0;;10/3/25;NO;
;19/2/25;19/2/25 22:00;19/2/25 23:00;ejecutada;5633053-4;Maria Gonzalez;SI;Salon Eventos 1;Providencia;100000;100000;efectivo;15/2/25;NO;
;12/08/25;12/08/25;20/08/25;reservada;9259413-0;Luis Contreras;SI;Cabaña 15;Santa Cruz;960000;0;;7/8/25;NO;
;02/09/25;02/09/25;07/09/25;ejecutada;13554594-5;Pedro Rojas;NO;Cabaña 12;Providencia;600000;600000;efectivo;2/9/25;NO;
;18/4/25;18/4/25 10:00;18/4/25 11:00;reservada;24619463-7;Ana Silva;SI;Salon Eventos 2;La Florida;100000;0;;15/4/25;NO;
;17/12/25;17/12/25;19/12/25;reservada;17786278-9;Juan Perez;SI;Cabaña 11;Providencia;240000;0;;16/12/25;NO;
;20/10/25;20/10/25;22/10/25;cancelada;19544570-2;Maria Gonzalez;SI;Cabaña 10;La Florida;240000;0;;16/10/25;NO;
;08/03/25;08/03/25;10/03/25;ejecutada;11616558-9;Maria Gonzalez;SI;Cabaña 18 X;Providencia;240000;240000;transferencia;4/3/25;SI;referencia
;14/7/25;14/7/25 14:00;14/7/25 15:00;ejecutada;7613535-5;Ana Silva;SI;Cancha Tenis Techada;Santa Cruz;35000;35000;tarjeta;11/7/25;NO;
;10/11/25;10/11/25;10/11/25 21:00;ejecutada;24949712-6;Luis Contreras;NO;Salon Eventos 1;La Florida;100000;100000;efectivo;7/11/25;SI;fecha
;17/10/25;17/10/25 10:00;17/10/25 11:00;ejecutada;17914991-5;Maria Gonzalez;NO;Salon Eventos 2;Santiago Centro;100000;100000;efectivo;16/10/25;SI;
;17/4/25;17/4/25 11:00;17/4/25 12:00;reservada;24447412-8;Juan Perez;SI;Salon Eventos 4;Providencia;100000;0;;17/4/25;NO;
;14/06/25;14/06/25;23/06/25;cancelada;12192627-K;Pedro Rojas;NO;Cabaña 15;Santa Cruz;1080000;0;;12/6/25;NO;
;6/2/25;6/2/25 12:00;6/2/25 13:00;reservada;21454860-7;Ana Silva;SI;Cancha Futbolito Aire Libre;Providencia;25000;0;;2/2/25;NO;
;17/8/25;17/8/25 17:00;17/8/25 18:00;cancelada;19104958-6;Pedro Rojas;NO;Cancha Padel Techada;Providencia;35000;0;;14/8/25;NO;
;13/10/25;13/10/25 20:00;13/10/25 21:00;ejecutada;8482497-6;Ana Silva;SI;Salon Eventos 3;Providencia;100000;100000;efectivo;11/10/25;NO;
;12/12/25;12/12/25 9:00;12/12/25 10:00;ejecutada;17230874-0;Juan Perez;NO;Salon Eventos 3;Santa Cruz;100000;100000;tarjeta;7/12/25;NO;
;06/11/25;06/11/25;13/11/25;reservada;24765561-7;Juan Perez;NO;Cabaña 2;Santa Cruz;840000;0;;6/11/25;SI;rut
;13/2/25;13/2/25 10:00;13/2/25 11:00;cancelada;22074928-2;Juan Perez;NO;Cancha Futbolito Aire Libre;La Florida;25000;0;;9/2/25;NO;
;04/02/25;04/02/25;08/02/25;ejecutada;6614380-5;Luis Contreras;SI;Cabaña 16;Providencia;480000;480000;efectivo;1/2/25;NO;
;18/03/25;18/03/25;21/03/25;reservada;20394775-5;Pedro Rojas;SI;Cabaña 12;Santiago Centro;360000;0;;15/3/25;NO;
;1/9/25;1/9/25 19:00;1/9/25 20:00;cancelada;13288053-0;Luis Contreras;NO;Cancha Futbolito Aire Libre;Santa Cruz;25000;0;;29/8/25;NO;
;9/3/25;9/3/25 13:00;9/3/25 14:00;cancelada;14155657-6;Pedro Rojas;NO;Cancha Basquetbol Techada;Santiago Centro;35000;0;;7/3/25;NO;
;2/6/25;2/6/25 8:00;2/6/25 9:00;cancelada;13014055-0;Maria Gonzalez;NO;Cancha Basquetbol Aire Libre;Santa Cruz;25000;0;;1/6/25;SI;rut
;09/07/25;09/07/25;10/07/25;reservada;24876542-9;Maria Gonzalez;SI;Cabaña 17;Providencia;120000;0;;4/7/25;NO;
;07/03/25;07/03/25;10/03/25;reservada;6491083-3;Pedro Rojas;SI;Cabaña 4;Santa Cruz;360000;0;;2/3/25;NO;
;03/11/25;03/11/25;04/11/25;reservada;11247006-9;Luis Contreras;SI;Cabaña 11;La Florida;120000;0;;31/10/25;NO;
;11/11/25;11/11/25;17/11/25;cancelada;6504014-K;Luis Contreras;SI;Cabaña 13;Santa Cruz;720000;0;;11/11/25;NO;
;05/03/25;05/03/25;09/03/25;cancelada;6559917-1;Maria Gonzalez;NO;Cabaña 11;Santa Cruz;480000;0;;4/3/25;NO;
;2/4/25;2/4/25;2/4/25 22:00;cancelada;6614380-5;Luis Contreras;NO;Cancha Padel Techada X;La Florida;35000;0;;28/3/25;SI;referencia/fecha
;14/2/25;14/2/25 12:00;14/2/25 13:00;ejecutada;22002174-2;Luis Contreras;SI;Cancha Basquetbol Techada;La Florida;35000;35000;efectivo;14/2/25;NO;
;14/05/25;14/05/25;20/05/25;reservada;20720307-6;Luis Contreras;NO;Cabaña 18;Santiago Centro;720000;0;;9/5/25;NO;
;20/12/25;20/12/25;22/12/25;cancelada;13505604-9;Ana Silva;SI;Cabaña 4;Santiago Centro;240000;0;;19/12/25;NO;
;15/02/25;15/02/25;24/02/25;ejecutada;12568147-6;Ana Silva;SI;Cabaña 6;La Florida;1080000;1080000;tarjeta;10/2/25;NO;
;1/9/25;1/9/25 11:00;1/9/25 12:00;reservada;23731597-9;Juan Perez;SI;Cancha Tenis Aire Libre;Providencia;25000;0;;1/9/25;NO;
;02/04/25;02/04/25;12/04/25;ejecutada;17275270-5;Pedro Rojas;SI;Cabaña 7;Santiago Centro;1200000;1200000;efectivo;1/4/25;NO;
;17/9/25;17/9/25 9:00;17/9/25 10:00;reservada;12770855-K;Luis Contreras;NO;Cancha Basquetbol Aire Libre;Santa Cruz;25000;0;;16/9/25;NO;
;09/03/25;09/03/25;19/03/25;reservada;7962885-9;Juan Perez;NO;Cabaña 9;La Florida;1200000;0;;6/3/25;NO;
;9/11/25;9/11/25 20:00;9/11/25 21:00;cancelada;13397853-4;Juan Perez;SI;Salon Eventos 4;Providencia;100000;0;;6/11/25;NO;
;17/12/25;17/12/25 12:00;17/12/25 13:00;reservada;14427366-4;Luis Contreras;SI;Salon Eventos 4;Santiago Centro;100000;0;;16/12/25;NO;
;18/06/25;18/06/25;28/06/25;ejecutada;14504614-9;Juan;SI;Cabaña 8;La Florida;1200000;1200000;transferencia;14/6/25;SI;nombre
;13/03/25;13/03/25;23/03/25;cancelada;7715981-9;Luis Contreras;NO;Cabaña 10;Santa Cruz;1200000;0;;10/3/25;NO;
;17/5/25;17/5/25 19:00;17/5/25 20:00;reservada;18965892-3;Juan Perez;SI;Piscina 1;Santiago Centro;20000;0;;12/5/25;NO;
;9/10/25;9/10/25 17:00;9/10/25 18:00;cancelada;12455581-7;Ana Silva;NO;Cancha Padel Aire Libre;Santa Cruz;25000;0;;6/10/25;SI;
;1/6/25;1/6/25 16:00;1/6/25 17:00;cancelada;22074928-2;Juan Perez;SI;Salon Eventos 2;La Florida;100000;0;;1/6/25;NO;
;08/03/25;08/03/25;17/03/25;ejecutada;7781298-9;Pedro Rojas;NO;Cabaña 13;La Florida;1080000;1080000;transferencia;6/3/25;NO;
;01/01/25;01/01/25;06/01/25;cancelada;21554696-9;Maria Gonzalez;NO;Cabaña 2;La Florida;600000;0;;28/12/24;NO;
;17/11/25;17/11/25 11:00;17/11/25 12:00;reservada;14292034-4;Luis Contreras;NO;Cancha Tenis Aire Libre;Santa Cruz;25000;0;;15/11/25;NO;
;03/08/25;03/08/25;12/08/25;ejecutada;23811418-7;Maria Gonzalez;NO;Cabaña 10;Santiago Centro;1080000;1080000;efectivo;3/8/25;NO;
;8/11/25;8/11/25 8:00;8/11/25 9:00;ejecutada;22885927-3;Luis Contreras;SI;Salon Eventos 4;Santa Cruz;100000;100000;tarjeta;4/11/25;NO;
;19/05/25;19/05/25;21/05/25;ejecutada;9108775-8;Ana Silva;NO;Cabaña 18;Providencia;240000;240000;tarjeta;16/5/25;NO;
;14/05/25;14/05/25;19/05/25;reservada;8482497-6;Ana Silva;SI;Cabaña 9;Providencia;600000;0;;9/5/25;NO;
;11/9/25;11/9/25 16:00;11/9/25 17:00;reservada;13534305-6;Juan Perez;SI;Cancha Tenis Techada;Santiago Centro;35000;0;;9/9/25;NO;
;20/08/25;20/08/25;21/08/25;cancelada;22746919-6;Maria Gonzalez;NO;Cabaña 14;Santa Cruz;120000;0;;15/8/25;NO;
;09/02/25;09/02/25;17/02/25;reservada;20284960-5;Juan Perez;SI;Cabaña 6;La Florida;960000;0;;8/2/25;SI;rut
;03/11/25;03/11/25;04/11/25;ejecutada;18843742-7;Pedro Rojas;NO;Cabaña 11;Providencia;120000;120000;transferencia;3/11/25;NO;
;18/10/25;18/10/25;18/10/25 20:00;reservada;15790934-7;Maria Gonzalez;SI;Cancha Padel Techada;Providencia;35000;0;;18/10/25;SI;fecha
;9/7/25;9/7/25 10:00;9/7/25 11:00;cancelada;24949712-6;Luis Contreras;SI;Salon Eventos 4;Providencia;100000;0;;5/7/25;NO;
;19/02/25;19/02/25;28/02/25;reservada;20194778-2;Ana Silva;SI;Cabaña 3;Santiago Centro;1080000;0;;19/2/25;NO;
;6/11/25;6/11/25 10:00;6/11/25 11:00;cancelada;7997541-9;Ana Silva;NO;Cancha Basquetbol Techada;Providencia;35000;0;;2/11/25;NO;
;13/05/25;13/05/25;16/05/25;ejecutada;13505604-9;Ana Silva;SI;Cabaña 6;Santiago Centro;360000;360000;tarjeta;11/5/25;NO;
;06/09/25;06/09/25;09/09/25;ejecutada;14254375-3;Pedro Rojas;NO;Cabaña 4;Santa Cruz;360000;360000;tarjeta;4/9/25;NO;
;07/11/25;07/11/25;15/11/25;cancelada;5149595-0;Maria Gonzalez;NO;Cabaña 2;Santiago Centro;960000;0;;7/11/25;NO;
;6/6/25;6/6/25 14:00;6/6/25 15:00;cancelada;17820790-3;Juan Perez;NO;Piscina 2;Santiago Centro;20000;0;;5/6/25;NO;
;06/09/25;06/09/25;12/09/25;ejecutada;9016221-7;Pedro Rojas;SI;Cabaña 11;Providencia;720000;720000;tarjeta;1/9/25;NO;
;05/07/25;05/07/25;08/07/25;ejecutada;24402541-2;Luis Contreras;SI;Cabaña 14;La Florida;360000;360000;tarjeta;3/7/25;NO;
;01/10/25;01/10/25;06/10/25;reservada;10234889-3;Pedro Rojas;SI;Cabaña 7;Providencia;600000;0;;1/10/25;NO;
;17/08/25;31/02/25;24/08/25;cancelada;12313678-5;Juan Perez;SI;Cabaña 13;Providencia;840000;0;;13/8/25;SI;rut/fecha
;01/05/25;01/05/25;07/05/25;ejecutada;20727566-2;Juan Perez;SI;Cabaña 4;Providencia;720000;720000;transferencia;1/5/25;NO;
;05/09/25;05/09/25;06/09/25;cancelada;15941454-K;Pedro Rojas;NO;Cabaña 6;Santa Cruz;120000;0;;31/8/25;NO;
;4/10/25;4/10/25 18:00;4/10/25 19:00;reservada;16460920-0;Maria Gonzalez;NO;Cancha Padel Aire Libre;Santa Cruz;25000;0;;2/10/25;NO;
;15/11/25;15/11/25;17/11/25;ejecutada;15040048-1;Juan Perez;NO;Cabaña 1;La Florida;240000;240000;tarjeta;14/11/25;NO;
;20/06/25;20/06/25;30/06/25;cancelada;19430435-8;Maria Gonzalez;NO;Cabaña 16;Providencia;1200000;0;;15/6/25;NO;
;04/04/25;04/04/25;13/04/25;reservada;9874086-4;Ana Silva;SI;Cabaña 17;Santiago Centro;1080000;0;;2/4/25;NO;
;11/12/25;11/12/25 20:00;11/12/25 21:00;cancelada;20997181-K;Juan Perez;SI;Salon Eventos 3;La Florida;100000;0;;7/12/25;NO;
;05/08/25;05/08/25;13/08/25;reservada;16949644-7;Pedro Rojas;SI;Cabaña 15;Providencia;960000;0;;2/8/25;NO;
;15/8/25;15/8/25 13:00;15/8/25 14:00;reservada;23434952-K;Pedro Rojas;SI;Salon Eventos 1;Santa Cruz;100000;0;;15/8/25;NO;
;01/11/25;01/11/25;10/11/25;cancelada;22307110-4;Luis Contreras;SI;Cabaña 6;Providencia;1080000;0;;28/10/25;NO;
;10/05/25;10/05/25;11/05/25;cancelada;10578107-5;Luis Contreras;SI;Cabaña 18;Santiago Centro;120000;0;;10/5/25;NO;
;6/1/25;6/1/25 21:00;6/1/25 22:00;reservada;24002475-6;Luis Contreras;NO;Restaurant 2;La Florida;30000;0;;1/1/25;NO;
;02/03/25;02/03/25;04/03/25;ejecutada;5633053-4;Maria Gonzalez;NO;Cabaña 18;Providencia;240000;240000;tarjeta;1/3/25;NO;
;7/11/25;7/11/25 19:00;7/11/25 20:00;reservada;18647741-3;Ana Silva;SI;Piscina 2;Santa Cruz;20000;0;;3/11/25;NO;
;13/02/25;13/02/25;19/02/25;ejecutada;16336276-7;Pedro Rojas;SI;Cabaña 13;Santa Cruz;720000;720000;transferencia;9/2/25;NO;
;15/01/25;15/01/25;24/01/25;ejecutada;13532015-3;Luis Contreras;NO;Cabaña 16 X;Santiago Centro;1080000;1080000;tarjeta;13/1/25;SI;referencia
;13/4/25;13/4/25 8:00;13/4/25 9:00;reservada;21162735-2;Juan Perez;SI;Salon Eventos 2;Providencia;100000;0;;10/4/25;NO;
;10/07/25;10/07/25;19/07/25;cancelada;20086756-4;Maria Gonzalez;SI;Cabaña 11;Santiago Centro;1080000;0;;6/7/25;NO;
;03/09/25;03/09/25;04/09/25;cancelada;15819975-0;Pedro Rojas;SI;Cabaña 4;Santiago Centro;120000;0;;29/8/25;NO;
;08/12/25;08/12/25;17/12/25;reservada;19652678-1;Juan Perez;NO;Cabaña 18 X;Santa Cruz;1080000;0;;4/12/25;SI;referencia
;15//25;20/05/25;28/05/25;cancelada;18876546-7;Juan Perez;SI;Cabaña 2;Santa Cruz;960000;0;;18/5/25;SI;fecha
;20/11/25;20/11/25;24/11/25;reservada;11414686-2;Maria Gonzalez;NO;Cabaña 19;Santiago Centro;480000;0;;18/11/25;NO;
;05/09/25;05/09/25;11/09/25;reservada;16741872-8;Maria Gonzalez;NO;Cabaña 20;Santiago Centro;720000;0;;5/9/25;SI;rut
;01/07/25;01/07/25;03/07/25;reservada;12013508-2;Ana Silva;NO;Cabaña 3;La Florida;240000;0;;30/6/25;NO;
;6/3/25;6/3/25 17:00;6/3/25 18:00;ejecutada;6085414-9;Maria Gonzalez;SI;Cancha Futbolito Techada;Santa Cruz;35000;35000;tarjeta;6/3/25;NO;
;06/10/25;06/10/25;11/10/25;ejecutada;5643136-5;Juan Perez;SI;Cabaña 15;Santiago Centro;600000;600000;efectivo;4/10/25;NO;
;9/5/25;9/5/25 12:00;9/5/25 13:00;cancelada;16460920-0;Maria Gonzalez;SI;Cancha Tenis Aire Libre;Santa Cruz;25000;0;;4/5/25;NO;
;1/1/25;1/1/25 19:00;1/1/25 20:00;ejecutada;15878471-8;Maria Gonzalez;NO;Cancha Basquetbol Aire Libre;Santa Cruz;25000;25000;transferencia;29/12/24;NO;
;05/07/25;05/07/25;14/07/25;reservada;21861927-4;Pedro Rojas;SI;Cabaña 6;La Florida;1080000;0;;3/7/25;NO;
;4/8/25;4/8/25 15:00;4/8/25 16:00;cancelada;13547030-9;Ana Silva;SI;Salon Eventos 4;La Florida;100000;0;;2/8/25;NO;
;19/9/25;19/9/25 12:00;19/9/25 13:00;cancelada;7415624-K;Juan Perez;NO;Cancha Padel Aire Libre;Santiago Centro;25000;0;;14/9/25;NO;
;10/4/25;10/4/25 14:00;10/4/25 15:00;cancelada;9183641-6;Maria Gonzalez;SI;Salon Eventos 3;Santa Cruz;100000;0;;7/4/25;NO;
;13/11/25;13/11/25;13/11/25 16:00;cancelada;24639890-9;Luis Contreras;NO;Cancha Basquetbol Aire Libre X;Santa Cruz;25000;0;;9/11/25;SI;referencia/fecha
;01/01/25;01/01/25;03/01/25;reservada;14294949-0;Ana Silva;SI;Cabaña 20;Santa Cruz;240000;0;;30/12/24;NO;
;08/07/25;08/07/25;18/07/25;cancelada;24831420-6;Luis Contreras;SI;Cabaña 11;Santiago Centro;1200000;0;;3/7/25;NO;
;2/12/25;2/12/25 19:00;2/12/25 20:00;ejecutada;13792450-1;Juan Perez;NO;Cancha Padel Aire Libre;Providencia;25000;25000;transferencia;27/11/25;NO;
;07/04/25;07/04/25;11/04/25;cancelada;18053720-1;Ana Silva;SI;Cabaña 17;Providencia;480000;0;;4/4/25;NO;
;1/6/25;1/6/25 16:00;1/6/25 17:00;ejecutada;5058687-1;Ana Silva;NO;Cancha Basquetbol Aire Libre;La Florida;25000;25000;tarjeta;30/5/25;NO;
;19/8/25;19/8/25 14:00;19/8/25 15:00;reservada;21773123-2;Luis Contreras;SI;Cancha Padel Aire Libre;Santa Cruz;25000;0;;17/8/25;NO;
;16/06/25;16/06/25;21/06/25;ejecutada;14292034-4;Luis Contreras;SI;Cabaña 15;Providencia;600000;600000;efectivo;14/6/25;NO;
;19/4/25;19/4/25 10:00;19/4/25 11:00;ejecutada;17623443-1;Maria Gonzalez;NO;Salon Eventos 4;Santiago Centro;100000;100000;tarjeta;17/4/25;NO;
;17/12/25;17/12/25 14:00;17/12/25 15:00;ejecutada;5137322-7;Juan Perez;SI;Restaurant 1;Santiago Centro;30000;30000;transferencia;13/12/25;NO;
;15/2/25;15/2/25;15/2/25 22:00;reservada;6365576-1;Juan Perez;NO;Cancha Basquetbol Techada;Santa Cruz;35000;0;;11/2/25;SI;rut/fecha
;08/11/25;08/11/25;12/11/25;ejecutada;11218435-K;Luis Contreras;NO;Cabaña 5;Santiago Centro;480000;480000;efectivo;5/11/25;NO;
;01/12/25;01/12/25;09/12/25;reservada;20666104-6;Juan Perez;SI;Cabaña 8 X;Providencia;960000;0;;27/11/25;SI;referencia
;10/01/25;10/01/25;13/01/25;ejecutada;6126593-7;Juan Perez;SI;Cabaña 7;Providencia;360000;360000;tarjeta;10/1/25;NO;
;7/12/25;7/12/25 11:00;7/12/25 12:00;cancelada;20928234-8;Pedro Rojas;NO;Salon Eventos 3;Providencia;100000;0;;2/12/25;NO;
;01/07/25;01/07/25;07/07/25;reservada;9108775-8;Ana Silva;SI;Cabaña 10;Santiago Centro;720000;0;;29/6/25;NO;
;7/2/25;7/2/25;7/2/25 16:00;ejecutada;9269949-8;Ana Silva;SI;Cancha Futbolito Techada X;Providencia;35000;35000;transferencia;5/2/25;SI;referencia/fecha
;05/12/25;05/12/25;11/12/25;cancelada;10949220-5;Maria Gonzalez;NO;Cabaña 3;Santa Cruz;720000;0;;5/12/25;NO;
;12/3/25;12/3/25 21:00;12/3/25 22:00;cancelada;16304937-6;Juan Perez;NO;Restaurant 1;La Florida;30000;0;;10/3/25;NO;
;10/4/25;10/4/25 12:00;10/4/25 13:00;cancelada;12774842-K;Ana Silva;SI;Cancha Tenis Aire Libre;Santa Cruz;25000;0;;8/4/25;NO;
;02/08/25;02/08/25;12/08/25;ejecutada;7613535-5;Ana Silva;NO;Cabaña 4;Providencia;1200000;1200000;efectivo;31/7/25;NO;
;12/04/25;12/04/25;21/04/25;ejecutada;5149595-0;Maria Gonzalez;SI;Cabaña 6;Santiago Centro;1080000;1080000;tarjeta;12/4/25;NO;
;15/12/25;15/12/25 9:00;15/12/25 10:00;reservada;6126593-7;Juan Perez;NO;Cancha Basquetbol Techada;La Florida;35000;0;;10/12/25;NO;
;10/1/25;10/1/25 16:00;10/1/25 17:00;cancelada;15440317-5;Ana Silva;SI;Salon Eventos 2;La Florida;100000;0;;6/1/25;NO;
;18/7/25;18/7/25 19:00;18/7/25 20:00;reservada;24619463-7;Ana Silva;SI;Salon Eventos 3;Providencia;100000;0;;18/7/25;NO;
;11/08/25;11/08/25;/05/25;cancelada;20394775-1;Pedro Rojas;SI;Cabaña 4;Santiago Centro;840000;0;;7/8/25;SI;rut/fecha
;18/6/25;18/6/25 11:00;18/6/25 12:00;cancelada;18728677-8;Juan Perez;SI;Cancha Padel Techada;Santa Cruz;35000;0;;13/6/25;NO;
;16/5/25;16/5/25 20:00;16/5/25 21:00;cancelada;8223654-6;Ana Silva;SI;Piscina 2;Santiago Centro;20000;0;;14/5/25;NO;
;5/12/25;5/12/25 12:00;5/12/25 13:00;cancelada;15838325-K;Maria Gonzalez;SI;Piscina 2;Providencia;20000;0;;2/12/25;NO;
;03/09/25;03/09/25;08/09/25;reservada;17133976-6;Juan Perez;NO;Cabaña 6;Santa Cruz;600000;0;;2/9/25;NO;
;14/9/25;14/9/25 13:00;14/9/25 14:00;cancelada;15878471-8;Maria Gonzalez;NO;Piscina 1;Santiago Centro;20000;0;;9/9/25;NO;
;19/01/25;19/01/25;23/01/25;reservada;14379507-1;Juan Perez;NO;Cabaña 9;La Florida;480000;0;;15/1/25;NO;
;16/5/25;16/5/25 15:00;16/5/25 16:00;ejecutada;16657576-1;Luis Contreras;NO;Cancha Futbolito Aire Libre;La Florida;25000;25000;efectivo;16/5/25;NO;
;16/4/25;16/4/25 15:00;16/4/25 16:00;cancelada;24402541-2;Luis Contreras;SI;Piscina 1;Providencia;20000;0;;15/4/25;NO;
;15/09/25;15/09/25;17/09/25;cancelada;22287381-9;Ana Silva;NO;Cabaña 8;La Florida;240000;0;;12/9/25;NO;
;3/8/25;3/8/25 22:00;3/8/25 23:00;cancelada;14861266-8;Ana Silva;SI;Cancha Basquetbol Techada;La Florida;35000;0;;29/7/25;NO;
;02/05/25;02/05/25;03/05/25;reservada;18396692-8;Juan Perez;NO;Cabaña 13;Providencia;120000;0;;28/4/25;NO;
;08/05/25;08/05/25;18/05/25;ejecutada;22746919-6;Maria Gonzalez;NO;Cabaña 9;Santiago Centro;1200000;1200000;transferencia;5/5/25;NO;
;08/04/25;08/04/25;10/04/25;reservada;7826282-6;Maria Gonzalez;SI;Cabaña 1;Providencia;240000;0;;6/4/25;NO;
;10/9/25;10/9/25 21:00;10/9/25 22:00;reservada;14843634-7;Juan Perez;NO;Piscina 2;Providencia;20000;0;;6/9/25;NO;
;05/04/25;05/04/25;08/04/25;ejecutada;17049622-1;Pedro Rojas;SI;Cabaña 13;Providencia;360000;360000;tarjeta;2/4/25;NO;
;13/01/25;13/01/25;14/01/25;reservada;22381571-5;Juan Perez;NO;Cabaña 15;Santa Cruz;120000;0;;12/1/25;NO;
;17/11/25;17/11/25;19/11/25;cancelada;24090729-1;Pedro Rojas;SI;Cabaña 4;Providencia;240000;0;;17/11/25;NO;
;01/08/25;01/08/25;10/08/25;ejecutada;21934163-6;Maria Gonzalez;NO;Cabaña 4;Santa Cruz;1080000;1080000;transferencia;1/8/25;NO;
;15/09/25;15/09/25;17/09/25;reservada;21454860-7;Ana Silva;SI;Cabaña 10;Santiago Centro;240000;0;;15/9/25;NO;
;02/06/25;02/06/25;08/06/25;ejecutada;7206185-3;Luis Contreras;NO;Cabaña 18;Santiago Centro;720000;720000;efectivo;2/6/25;NO;
;05/06/25;05/06/25;09/06/25;cancelada;18616868-2;Luis Contreras;NO;Cabaña 15;Santa Cruz;480000;0;;2/6/25;NO;
;14/06/25;14/06/25;20/06/25;cancelada;11627877-8;Pedro Rojas;NO;Cabaña 4;La Florida;720000;0;;13/6/25;SI;rut
;7/12/25;7/12/25 20:00;7/12/25 21:00;ejecutada;19197001-2;Ana Silva;NO;Cancha Tenis Aire Libre X;Santiago Centro;25000;25000;efectivo;7/12/25;SI;referencia
;01/04/25;01/04/25;02/04/25;ejecutada;10698937-0;Pedro Rojas;NO;Cabaña 14;La Florida;120000;120000;transferencia;28/3/25;NO;
;3/4/25;3/4/25 10:00;3/4/25 11:00;cancelada;15035367-K;Maria Gonzalez;NO;Cancha Tenis Techada;La Florida;35000;0;;29/3/25;NO;
;02/11/25;02/11/25;09/11/25;cancelada;24536401-6;Luis Contreras;SI;Cabaña 13;Santa Cruz;840000;0;;31/10/25;NO;
;12/03/25;12/03/25;21/03/25;reservada;22075434-0;Ana Silva;SI;Cabaña 14;La Florida;1080000;0;;11/3/25;NO;
;13/08/25;13/08/25;17/08/25;ejecutada;16564154-K;Juan Perez;NO;Cabaña 20;Providencia;480000;480000;transferencia;13/8/25;NO;
;17/10/25;17/10/25;18/10/25;reservada;17505864-8;Maria Gonzalez;NO;Cabaña 8;Santa Cruz;120000;0;;16/10/25;NO;
;4/4/25;4/4/25 16:00;4/4/25 17:00;cancelada;15148285-6;Luis Contreras;NO;Cancha Padel Techada;La Florida;35000;0;;30/3/25;NO;
;13/04/25;13/04/25;21/04/25;cancelada;23498184-6;Juan Perez;SI;Cabaña 16;Santa Cruz;960000;0;;12/4/25;NO;
;13/11/25;13/11/25 10:00;13/11/25 11:00;reservada;9203394-5;Luis Contreras;NO;Salon Eventos 3;Santa Cruz;100000;0;;13/11/25;NO;
;6/7/25;6/7/25 15:00;6/7/25 16:00;ejecutada;8223654-6;Ana Silva;NO;Cancha Futbolito Techada;Santiago Centro;35000;35000;tarjeta;5/7/25;NO;
;05/10/25;05/10/25;09/10/25;reservada;24505775-K;Maria Gonzalez;NO;Cabaña 17;La Florida;480000;0;;1/10/25;NO;
;17/05/25;17/05/25;18/05/25;reservada;12892449-3;Pedro Rojas;SI;Cabaña 12;La Florida;120000;0;;17/5/25;SI;
;19/2/25;19/2/25 22:00;19/2/25 23:00;cancelada;15838325-K;Maria Gonzalez;NO;Cancha Tenis Techada;Providencia;35000;0;;17/2/25;NO;
;14/2/25;14/2/25 22:00;14/2/25 23:00;reservada;14843634-7;Juan Perez;SI;Cancha Padel Aire Libre;Santiago Centro;25000;0;;10/2/25;NO;
;2/6/25;2/6/25 13:00;2/6/25 14:00;reservada;19576306-2;Luis Contreras;NO;Cancha Padel Techada;Santiago Centro;35000;0;;28/5/25;SI;
;2/6/25;2/6/25 17:00;2/6/25 18:00;ejecutada;17553993-K;Ana Silva;SI;Salon Eventos 4;Providencia;100000;100000;tarjeta;2/6/25;NO;
;18/4/25;18/4/25 9:00;18/4/25 10:00;cancelada;24002475-6;Luis Contreras;SI;Cancha Futbolito Techada;Santa Cruz;35000;0;;15/4/25;NO;
;8/7/25;8/7/25 16:00;8/7/25 17:00;reservada;23457711-5;Luis Contreras;NO;Restaurant 2;Santa Cruz;30000;0;;4/7/25;NO;
;06/10/25;06/10/25;15/10/25;cancelada;18933016-2;Juan Perez;SI;Cabaña 10;La Florida;1080000;0;;2/10/25;NO;
;17/3/25;17/3/25 21:00;17/3/25 22:00;ejecutada;13006129-K;Pedro Rojas;SI;Salon Eventos 1;Providencia;100000;100000;tarjeta;16/3/25;NO;
;15/2/25;15/2/25;15/2/25 14:00;ejecutada;18467664-2;Pedro Rojas;SI;Restaurant 1;Santiago Centro;30000;30000;tarjeta;14/2/25;SI;rut/fecha
;4/5/25;4/5/25 9:00;4/5/25 10:00;cancelada;18646254-8;Pedro Rojas;SI;Salon Eventos 2;Santa Cruz;100000;0;;29/4/25;NO;
;20/8/25;20/8/25 13:00;20/8/25 14:00;reservada;23491307-7;Maria Gonzalez;SI;Cancha Basquetbol Aire Libre;Santiago Centro;25000;0;;16/8/25;NO;
;12/1/25;12/1/25;12/1/25 16:00;cancelada;6973970-9;Pedro Rojas;NO;Salon Eventos 2;La Florida;100000;0;;9/1/25;SI;fecha
;13/3/25;13/3/25 22:00;13/3/25 23:00;reservada;10478754-1;Pedro Rojas;SI;Cancha Futbolito Aire Libre;La Florida;25000;0;;9/3/25;NO;
;16/02/25;16/02/25;20/02/25;reservada;15594513-3;Pedro Rojas;NO;Cabaña 19;Santiago Centro;480000;0;;11/2/25;NO;
;19/10/25;19/10/25;21/10/25;cancelada;23939824-3;Juan Perez;NO;Cabaña 16;Santa Cruz;240000;0;;19/10/25;NO;
;15/06/25;15/06/25;20/06/25;ejecutada;19443419-7;Pedro Rojas;SI;Cabaña 6;Providencia;600000;600000;tarjeta;11/6/25;NO;
;10/03/25;10/03/25;14/03/25;ejecutada;16094679-2;Ana Silva;NO;Cabaña 1;Santa Cruz;480000;480000;efectivo;5/3/25;NO;
;15/12/25;15/12/25 22:00;15/12/25 23:00;reservada;21162735-2;Juan Perez;NO;Cancha Tenis Techada;La Florida;35000;0;;12/12/25;NO;
;11/4/25;11/4/25 19:00;11/4/25 20:00;cancelada;20328291-5;Juan Perez;NO;Restaurant 2;Providencia;30000;0;;7/4/25;NO;
;2/2/25;2/2/25 14:00;2/2/25 15:00;ejecutada;21863652-7;Luis Contreras;NO;Cancha Futbolito Aire Libre;Santiago Centro;25000;25000;transferencia;1/2/25;NO;
;09/08/25;09/08/25;12/08/25;cancelada;19652678-1;Juan Perez;NO;Cabaña 20;Santiago Centro;360000;0;;9/8/25;NO;
;20/11/25;20/11/25 10:00;20/11/25 11:00;reservada;6951223-2;Maria Gonzalez;SI;Cancha Tenis Techada;Santa Cruz;35000;0;;18/11/25;NO;
;12/11/25;12/11/25;14/11/25;reservada;19715915-4;Luis Contreras;SI;Cabaña 15;Santiago Centro;240000;0;;9/11/25;NO;
;4/5/25;4/5/25 13:00;4/5/25 14:00;ejecutada;19048151-4;Ana Silva;NO;Cancha Tenis Techada;Providencia;35000;35000;transferencia;2/5/25;NO;
;16/03/25;16/03/25;19/03/25;ejecutada;6126593-7;Juan Perez;NO;Cabaña 12;La Florida;360000;360000;transferencia;16/3/25;NO;
;12/09/25;12/09/25;13/09/25;reservada;22812135-5;Ana Silva;NO;Cabaña 19;La Florida;120000;0;;11/9/25;NO;
;7/9/25;7/9/25 20:00;7/9/25 21:00;ejecutada;9354610-5;Luis Contreras;SI;Cancha Basquetbol Aire Libre;La Florida;25000;25000;tarjeta;7/9/25;NO;
;13/05/25;13/05/25;19/05/25;cancelada;21793681-0;Juan Perez;SI;Cabaña 14;Santiago Centro;720000;0;;8/5/25;NO;
;10/02/25;10/02/25;19/02/25;reservada;24981138-6;Juan Perez;NO;Cabaña 4;Santiago Centro;1080000;0;;10/2/25;NO;
;19/6/25;19/6/25 21:00;19/6/25 22:00;ejecutada;18616868-2;Luis Contreras;NO;Restaurant 1;La Florida;30000;30000;tarjeta;16/6/25;SI;
;20/02/25;abc/12/25;27/02/25;cancelada;15878471-8;Maria Gonzalez;NO;Cabaña 3;Santa Cruz;840000;0;;16/2/25;SI;fecha
;11/02/25;11/02/25;19/02/25;ejecutada;10645717-4;Pedro Rojas;SI;Cabaña 14;Santa Cruz;960000;960000;transferencia;10/2/25;NO;
;2/9/25;2/9/25;2/9/25 12:00;ejecutada;22746919-6;Maria Gonzalez;NO;Cancha Futbolito Aire Libre;La Florida;25000;25000;tarjeta;30/8/25;SI;fecha
;13/10/25;13/10/25 14:00;13/10/25 15:00;reservada;23250659-8;Maria Gonzalez;SI;Cancha Basquetbol Techada;Santiago Centro;35000;0;;10/10/25;NO;
;09/01/25;09/01/25;15/01/25;reservada;16530236-2;Pedro Rojas;NO;Cabaña 13;Providencia;720000;0;;4/1/25;NO;
;1/6/25;1/6/25 9:00;1/6/25 10:00;reservada;10949220-5;Maria Gonzalez;NO;Salon Eventos 1;Santiago Centro;100000;0;;31/5/25;NO;
;18/8/25;18/8/25 10:00;18/8/25 11:00;reservada;15499152-2;Maria Gonzalez;SI;Cancha Basquetbol Aire Libre;Santiago Centro;25000;0;;17/8/25;NO;
;1/8/25;1/8/25 9:00;1/8/25 10:00;ejecutada;24427724-1;Maria Gonzalez;NO;Cancha Basquetbol Techada;La Florida;35000;35000;transferencia;27/7/25;NO;
;19/8/25;19/8/25 12:00;19/8/25 13:00;reservada;23369020-1;Ana Silva;NO;Salon Eventos 2;Providencia;100000;0;;17/8/25;NO;
;12/8/25;12/8/25 22:00;12/8/25 23:00;reservada;14756759-6;Juan Perez;SI;Cancha Basquetbol Techada;La Florida;35000;0;;7/8/25;NO;
;18/9/25;18/9/25 19:00;18/9/25 20:00;reservada;17911506-9;Pedro Rojas;NO;Salon Eventos 1;Santa Cruz;100000;0;;16/9/25;NO;
;9/1/25;9/1/25 10:00;9/1/25 11:00;ejecutada;24949712-6;Luis Contreras;SI;Salon Eventos 3;Santa Cruz;100000;100000;tarjeta;9/1/25;NO;
;18/2/25;18/2/25 10:00;18/2/25 11:00;reservada;21156024-K;Maria Gonzalez;NO;Cancha Tenis Aire Libre;Santiago Centro;25000;0;;17/2/25;SI;
;03/04/25;03/04/25;08/04/25;reservada;9354610-5;Luis Contreras;SI;Cabaña 3;Santiago Centro;600000;0;;3/4/25;NO;
;14/11/25;14/11/25 16:00;14/11/25 17:00;ejecutada;7130867-7;Luis Contreras;NO;Cancha Basquetbol Aire Libre;Santiago Centro;25000;25000;tarjeta;9/11/25;NO;
;01/02/25;01/02/25;05/02/25;cancelada;15148285-6;Luis Contreras;SI;Cabaña 15;La Florida;480000;0;;29/1/25;NO;
;03/10/25;03/10/25;06/10/25;reservada;21156024-6;Maria Gonzalez;NO;Cabaña 17;Santa Cruz;360000;0;;2/10/25;SI;rut
;3/2/25;3/2/25 8:00;3/2/25 9:00;reservada;22852757-2;Ana Silva;SI;Cancha Tenis Aire Libre;Santa Cruz;25000;0;;30/1/25;NO;
;15/5/25;15/5/25 18:00;15/5/25 19:00;cancelada;5475559-7;Luis Contreras;SI;Salon Eventos 4;La Florida;100000;0;;12/5/25;NO;
;5/11/25;5/11/25 17:00;5/11/25 18:00;ejecutada;10119752-2;Juan Perez;SI;Cancha Padel Aire Libre;Santiago Centro;25000;25000;efectivo;31/10/25;NO;
;10/12/25;10/12/25;12/12/25;cancelada;13397853-4;Juan Perez;NO;Cabaña 9;Santa Cruz;240000;0;;6/12/25;NO;
;3/1/25;3/1/25 17:00;3/1/25 18:00;reservada;11414686-2;Maria Gonzalez;NO;Piscina 2;Providencia;20000;0;;30/12/24;NO;
;01/02/25;01/02/25;02/02/25;reservada;23250659-8;Maria Gonzalez;NO;Cabaña 20;La Florida;120000;0;;27/1/25;NO;
;01/06/25;01/06/25;10/06/25;reservada;16451339-4;Pedro Rojas;NO;Cabaña 14;Santiago Centro;1080000;0;;30/5/25;SI;
;04/07/25;04/07/25;09/07/25;cancelada;8309406-0;Luis Contreras;NO;Cabaña 8;Santiago Centro;600000;0;;29/6/25;NO;
;09/10/25;09/10/25;10/10/25;reservada;5149595-0;Maria Gonzalez;SI;Cabaña 16;Santa Cruz;120000;0;;7/10/25;NO;
;20/05/25;20/05/25;30/05/25;reservada;13534305-6;Juan Perez;NO;Cabaña 11;La Florida;1200000;0;;19/5/25;SI;rut
;2/10/25;2/10/25 19:00;2/10/25 20:00;ejecutada;22110547-8;Maria Gonzalez;SI;Salon Eventos 2;Santiago Centro;100000;100000;efectivo;2/10/25;NO;
;20/06/25;20/06/25;28/06/25;reservada;11862631-1;Ana Silva;NO;Cabaña 20;Santa Cruz;960000;0;;15/6/25;NO;
;2/2/25;2/2/25 21:00;2/2/25 22:00;cancelada;13233936-8;Maria Gonzalez;NO;Salon Eventos 2;Santa Cruz;100000;0;;1/2/25;NO;
;6/4/25;6/4/25 15:00;6/4/25 16:00;ejecutada;10679568-1;Luis Contreras;NO;Salon Eventos 2;Providencia;100000;100000;tarjeta;6/4/25;NO;
;02/03/25;02/03/25;06/03/25;ejecutada;9226402-5;Ana Silva;NO;Cabaña 20;Santa Cruz;480000;480000;transferencia;28/2/25;NO;
;13/7/25;13/7/25 19:00;13/7/25 20:00;cancelada;15047491-4;Ana Silva;SI;Piscina 2;Providencia;20000;0;;13/7/25;NO;
;09/02/25;09/02/25;15/02/25;ejecutada;14756759-6;Juan Perez;NO;Cabaña 9;Providencia;720000;720000;transferencia;9/2/25;NO;
;03/09/25;03/09/25;13/09/25;ejecutada;12756727-1;Luis Contreras;SI;Cabaña 14;Providencia;1200000;1200000;transferencia;2/9/25;NO;
;10/12/25;10/12/25 9:00;10/12/25 10:00;reservada;20812193-6;Pedro Rojas;SI;Cancha Tenis Aire Libre;La Florida;25000;0;;8/12/25;NO;
;16/3/25;16/3/25 18:00;16/3/25 19:00;cancelada;17506787-6;Pedro Rojas;SI;Piscina 1;Providencia;20000;0;;16/3/25;NO;
;04/06/25;04/06/25;07/06/25;ejecutada;6085414-9;Maria Gonzalez;SI;Cabaña 15;Santa Cruz;360000;360000;tarjeta;3/6/25;NO;
;18/10/25;18/10/25;27/10/25;reservada;19576306-2;Luis Contreras;SI;Cabaña 18;Providencia;1080000;0;;13/10/25;NO;
;02/07/25;02/07/25;07/07/25;reservada;15338995-0;Ana Silva;SI;Cabaña 10;Providencia;600000;0;;30/6/25;NO;
;1/4/25;1/4/25;1/4/25 20:00;reservada;19430435-8;Maria Gonzalez;NO;Salon Eventos 1;La Florida;100000;0;;30/3/25;SI;fecha
;13/8/25;13/8/25 19:00;13/8/25 20:00;ejecutada;6204457-8;Luis Contreras;SI;Cancha Basquetbol Aire Libre;Providencia;25000;25000;tarjeta;9/8/25;NO;
;5/4/25;5/4/25 22:00;5/4/25 23:00;reservada;15121060-0;Ana Silva;NO;Cancha Futbolito Aire Libre;Santiago Centro;25000;0;;3/4/25;NO;
;12/04/25;12/04/25;13/04/25;ejecutada;9843733-9;Maria Gonzalez;SI;Cabaña 6;Santa Cruz;120000;120000;tarjeta;8/4/25;NO;
;20/03/25;20/03/25;25/03/25;reservada;22703981-7;Juan Perez;NO;Cabaña 10;Providencia;600000;0;;16/3/25;NO;
;18/12/25;18/12/25;21/12/25;reservada;16257735-2;Maria Gonzalez;SI;Cabaña 5;Santa Cruz;360000;0;;14/12/25;SI;
;16/06/25;16/06/25;20/06/25;ejecutada;10776000-8;Luis Contreras;SI;Cabaña 12;Santiago Centro;480000;480000;transferencia;15/6/25;NO;
;11/6/25;11/6/25 12:00;11/6/25 13:00;reservada;15594513-3;Pedro Rojas;SI;Salon Eventos 1;Santiago Centro;100000;0;;7/6/25;NO;
;08/11/25;08/11/25;09/11/25;reservada;5854603-8;Luis Contreras;SI;Cabaña 8;Providencia;120000;0;;8/11/25;NO;
;16/8/25;16/8/25 22:00;16/8/25 23:00;cancelada;23457711-5;Luis Contreras;SI;Cancha Futbolito Techada;La Florida;35000;0;;11/8/25;NO;
;19/10/25;19/10/25;10/10/;cancelada;7613535-5;Ana Silva;SI;Cabaña 19 X;La Florida;960000;0;;16/10/25;SI;referencia/fecha
;10/05/25;10/05/25;12/05/25;cancelada;20859114-2;Luis Contreras;NO;Cabaña 11;Santa Cruz;240000;0;;8/5/25;NO;
;02/10/25;02/10/25;06/10/25;ejecutada;21162735-2;Juan Perez;NO;Cabaña 16;Santiago Centro;480000;480000;efectivo;29/9/25;NO;
;17/09/25;17/09/25;20/09/25;ejecutada;18086493-8;Maria Gonzalez;SI;Cabaña 15;Providencia;360000;360000;efectivo;16/9/25;NO;
;20/08/25;20/08/25;25/08/25;reservada;5373421-9;Luis Contreras;SI;Cabaña 1;La Florida;600000;0;;18/8/25;NO;
;8/4/25;8/4/25 19:00;8/4/25 20:00;reservada;22367120-9;Pedro;NO;Cancha Basquetbol Techada;Providencia;35000;0;;3/4/25;SI;nombre
;12/10/25;12/10/25 17:00;12/10/25 18:00;cancelada;18154120-2;Maria Gonzalez;NO;Restaurant 2;La Florida;30000;0;;10/10/25;NO;
;14/08/25;14/08/25;19/08/25;ejecutada;13775714-1;Luis Contreras;SI;Cabaña 13;La Florida;600000;600000;efectivo;10/8/25;NO;
;3/6/25;3/6/25 11:00;3/6/25 12:00;ejecutada;14584200-K;Pedro Rojas;SI;Restaurant 1;La Florida;30000;30000;efectivo;29/5/25;NO;
;15/1/25;15/1/25 19:00;15/1/25 20:00;cancelada;21454860-7;Ana Silva;SI;Salon Eventos 1;Santiago Centro;100000;0;;10/1/25;NO;
;15/07/25;15/07/25;18/07/25;ejecutada;20086756-4;Maria Gonzalez;SI;Cabaña 3;La Florida;360000;360000;efectivo;11/7/25;NO;
;20/06/25;20/06/25;30/06/25;cancelada;24138079-3;Juan Perez;NO;Cabaña 3;Santiago Centro;1200000;0;;17/6/25;NO;
;2/4/25;2/4/25 14:00;2/4/25 15:00;reservada;6807678-1;Pedro Rojas;SI;Restaurant 1;La Florida;30000;0;;2/4/25;NO;
;14/7/25;14/7/25;14/7/25 21:00;cancelada;17820790-3;Juan Perez;NO;Cancha Basquetbol Techada;Santiago Centro;35000;0;;12/7/25;SI;fecha
;17/1/25;17/1/25 21:00;17/1/25 22:00;reservada;10120385-9;Maria Gonzalez;SI;Salon Eventos 4;Santiago Centro;100000;0;;12/1/25;NO;
;9/9/25;9/9/25 13:00;9/9/25 14:00;cancelada;18933016-2;Juan Perez;SI;Piscina 1;La Florida;20000;0;;8/9/25;NO;
;10/5/25;10/5/25 10:00;10/5/25 11:00;ejecutada;9843733-9;Maria Gonzalez;NO;Cancha Futbolito Aire Libre;Santa Cruz;25000;25000;efectivo;6/5/25;NO;
;17/09/25;17/09/25;26/09/25;reservada;8954537-4;Luis Contreras;SI;Cabaña 3;La Florida;1080000;0;;12/9/25;NO;
;07/08/25;07/08/25;11/08/25;ejecutada;11885348-2;Pedro Rojas;SI;Cabaña 12;Providencia;480000;480000;transferencia;7/8/25;NO;
;16/11/25;16/11/25 13:00;16/11/25 14:00;cancelada;12027524-0;Juan Perez;SI;Cancha Futbolito Aire Libre;Santiago Centro;25000;0;;16/11/25;NO;
;13/06/25;13/06/25;20/06/25;ejecutada;21863652-7;Luis Contreras;NO;Cabaña 7;Providencia;840000;840000;transferencia;10/6/25;NO;
;04/01/25;04/01/25;13/01/25;reservada;9564786-3;Ana Silva;NO;Cabaña 16;Providencia;1080000;0;;2/1/25;NO;
;10/10/;13/03/25;19/03/25;cancelada;17623443-1;Maria Gonzalez;NO;Cabaña 14 X;La Florida;720000;0;;9/3/25;SI;referencia/fecha
;12/10/25;12/10/25 19:00;12/10/25 20:00;reservada;16460920-0;Maria Gonzalez;NO;Salon Eventos 2;Santa Cruz;100000;0;;11/10/25;NO;
;14/11/25;14/11/25;20/11/25;cancelada;21452115-6;Pedro Rojas;SI;Cabaña 3;La Florida;720000;0;;12/11/25;NO;
;15/09/25;15/09/25;16/09/25;ejecutada;5395622-K;Pedro Rojas;NO;Cabaña 7;Santiago Centro;120000;120000;efectivo;10/9/25;NO;
;19/04/25;19/04/25;23/04/25;ejecutada;5427877-2;Juan Perez;NO;Cabaña 7;Providencia;480000;480000;transferencia;14/4/25;NO;
;16/06/25;16/06/25;25/06/25;cancelada;11521745-3;Ana Silva;NO;Cabaña 3;Providencia;1080000;0;;13/6/25;NO;
;08/08/25;08/08/25;13/08/25;reservada;19052661-5;Maria Gonzalez;SI;Cabaña 7;La Florida;600000;0;;4/8/25;NO;
;12/11/25;12/11/25;17/11/25;ejecutada;8442882-5;Ana Silva;NO;Cabaña 7;Santa Cruz;600000;600000;efectivo;12/11/25;NO;
;10/1/25;10/1/25 12:00;10/1/25 13:00;cancelada;15795747-3;Ana Silva;NO;Cancha Padel Aire Libre;Santa Cruz;25000;0;;7/1/25;NO;
;10/02/25;10/02/25;17/02/25;cancelada;5854603-8;Luis Contreras;SI;Cabaña 15;Santiago Centro;840000;0;;5/2/25;NO;
;11/9/25;11/9/25 15:00;11/9/25 16:00;reservada;9486514-K;Luis Contreras;SI;Cancha Padel Aire Libre;Santa Cruz;25000;0;;8/9/25;NO;
;04/12/25;04/12/25;08/12/25;cancelada;16214968-7;Luis Contreras;NO;Cabaña 13;Santiago Centro;480000;0;;1/12/25;NO;
;1/7/25;1/7/25 20:00;1/7/25 21:00;ejecutada;21162735-2;Juan;NO;Cancha Padel Aire Libre;La Florida;25000;25000;efectivo;30/6/25;SI;nombre
;04/10/25;04/10/25;13/10/25;cancelada;23835968-6;Juan Perez;SI;Cabaña 5;Providencia;1080000;0;;2/10/25;NO;
;07/02/25;07/02/25;13/02/25;ejecutada;9354610-5;Luis Contreras;SI;Cabaña 8;La Florida;720000;720000;efectivo;6/2/25;NO;
;16/8/25;16/8/25;16/8/25 20:00;reservada;14586066-0;Ana Silva;NO;Restaurant 2 X;La Florida;30000;0;;14/8/25;SI;referencia/fecha
;13/2/25;13/2/25 14:00;13/2/25 15:00;cancelada;17263289-0;Juan Perez;SI;Cancha Basquetbol Aire Libre;Santiago Centro;25000;0;;13/2/25;NO;
;08/11/25;08/11/25;14/11/25;reservada;7777224-3;Maria Gonzalez;SI;Cabaña 9;Santa Cruz;720000;0;;6/11/25;NO;
;19/07/25;19/07/25;25/07/25;cancelada;19599688-1;Juan Perez;NO;Cabaña 9;Santiago Centro;720000;0;;16/7/25;NO;
;02/09/25;02/09/25;09/09/25;cancelada;23046980-6;Luis Contreras;SI;Cabaña 6;Santiago Centro;840000;0;;1/9/25;NO;
;4/5/25;4/5/25 10:00;4/5/25 11:00;ejecutada;18776636-2;Pedro Rojas;NO;Cancha Padel Aire Libre;La Florida;25000;25000;efectivo;1/5/25;NO;
;03/10/25;03/10/25;04/10/25;cancelada;19443419-7;Pedro Rojas;SI;Cabaña 6;Santiago Centro;120000;0;;3/10/25;NO;
;13/10/25;13/10/25;20/10/25;reservada;15088563-9;Pedro Rojas;SI;Cabaña 5;Santa Cruz;840000;0;;11/10/25;NO;
;5/6/25;5/6/25 20:00;5/6/25 21:00;ejecutada;24090729-1;Pedro Rojas;SI;Salon Eventos 1;Santiago Centro;100000;100000;efectivo;1/6/25;NO;
;6/3/25;6/3/25 11:00;6/3/25 12:00;reservada;16304937-6;Juan Perez;SI;Cancha Futbolito Aire Libre;La Florida;25000;0;;5/3/25;NO;
;04/11/25;04/11/25;13/11/25;ejecutada;24090729-1;Pedro Rojas;NO;Cabaña 3;Santa Cruz;1080000;1080000;transferencia;30/10/25;NO;
;18/5/25;18/5/25 12:00;18/5/25 13:00;reservada;6761777-0;Luis Contreras;SI;Cancha Basquetbol Techada;Santa Cruz;35000;0;;15/5/25;NO;
;12/10/25;12/10/25;22/10/25;reservada;14861266-8;Ana Silva;NO;Cabaña 9;Providencia;1200000;0;;11/10/25;NO;
;01/03/25;01/03/25;04/03/25;cancelada;9430073-8;Ana Silva;SI;Cabaña 15;Santa Cruz;360000;0;;27/2/25;NO;
;20/6/25;20/6/25 9:00;20/6/25 10:00;ejecutada;16479158-0;Pedro Rojas;SI;Restaurant 1;La Florida;30000;30000;tarjeta;16/6/25;NO;
;13/2/25;13/2/25 9:00;13/2/25 10:00;cancelada;15677425-1;Luis Contreras;SI;Cancha Basquetbol Techada;Santiago Centro;35000;0;;11/2/25;NO;
;6/5/25;6/5/25 12:00;6/5/25 13:00;reservada;23498184-6;Juan Perez;SI;Cancha Tenis Aire Libre;Providencia;25000;0;;2/5/25;NO;
;2/7/25;2/7/25 18:00;2/7/25 19:00;cancelada;19048151-4;Ana Silva;NO;Cancha Padel Techada;La Florida;35000;0;;27/6/25;NO;
;07/12/25;07/12/25;16/12/25;ejecutada;5137322-7;Juan Perez;NO;Cabaña 20;Providencia;1080000;1080000;efectivo;6/12/25;NO;
;16/09/25;16/09/25;22/09/25;cancelada;9706683-3;Ana Silva;NO;Cabaña 18;Santa Cruz;720000;0;;11/9/25;NO;
;10/12/25;10/12/25;11/12/25;cancelada;5757659-6;Pedro Rojas;SI;Cabaña 6;La Florida;120000;0;;9/12/25;NO;
;07/10/25;07/10/25;09/10/25;cancelada;17263289-0;Juan Perez;SI;Cabaña 8;Providencia;240000;0;;7/10/25;SI;
;10/10/25;10/10/25 9:00;10/10/25 10:00;cancelada;6807678-1;Pedro Rojas;NO;Cancha Tenis Aire Libre;La Florida;25000;0;;10/10/25;NO;
;14/12/25;14/12/25 12:00;14/12/25 13:00;reservada;22367120-9;Pedro Rojas;NO;Salon Eventos 3;La Florida;100000;0;;9/12/25;NO;
;06/01/25;06/01/25;13/01/25;cancelada;16054257-8;Luis Contreras;NO;Cabaña 16;Santiago Centro;840000;0;;5/1/25;NO;
;18/06/25;18/06/25;20/06/25;ejecutada;6858349-7;Luis Contreras;SI;Cabaña 20;Santiago Centro;240000;240000;efectivo;14/6/25;NO;
;8/7/25;8/7/25 9:00;8/7/25 10:00;cancelada;17647891-8;Maria Gonzalez;NO;Salon Eventos 3;Santa Cruz;100000;0;;5/7/25;NO;
;20/2/25;20/2/25 15:00;20/2/25 16:00;reservada;20194778-2;Ana Silva;NO;Restaurant 1;Santiago Centro;30000;0;;20/2/25;NO;
;17/3/25;17/3/25 22:00;17/3/25 23:00;reservada;5135966-6;Pedro Rojas;NO;Cancha Padel Techada;La Florida;35000;0;;16/3/25;NO;
;11/05/25;11/05/25;17/05/25;reservada;8356612-4;Pedro Rojas;NO;Cabaña 18;Providencia;720000;0;;6/5/25;NO;
;1/10/25;1/10/25 19:00;1/10/25 20:00;ejecutada;22852757-2;Ana Silva;NO;Piscina 2;Santiago Centro;20000;20000;transferencia;28/9/25;NO;
;17/05/25;17/05/25;23/05/25;reservada;18086493-8;Maria Gonzalez;NO;Cabaña 3;Santiago Centro;720000;0;;15/5/25;NO;
;12/06/25;12/06/25;17/06/25;reservada;6884770-2;Luis Contreras;SI;Cabaña 5;Santiago Centro;600000;0;;9/6/25;NO;
;1/4/25;1/4/25 12:00;1/4/25 13:00;reservada;19195488-2;Pedro Rojas;NO;Piscina 1;Santiago Centro;20000;0;;31/3/25;NO;
;07/12/25;07/12/25;11/12/25;reservada;16887747-1;Luis Contreras;NO;Cabaña 13;La Florida;480000;0;;6/12/25;NO;
;04/11/25;04/11/25;09/11/25;ejecutada;7781298-9;Pedro Rojas;SI;Cabaña 13;Santa Cruz;600000;600000;efectivo;3/11/25;NO;
;15/10/25;15/10/25;22/10/25;reservada;18602114-2;Juan Perez;NO;Cabaña 18;Providencia;840000;0;;15/10/25;NO;
;15/05/25;15/05/25;16/05/25;cancelada;18910856-7;Maria Gonzalez;NO;Cabaña 2;La Florida;120000;0;;14/5/25;SI;
;18/01/25;18/01/25;25/01/25;cancelada;19895777-1;Juan Perez;SI;Cabaña 6;Santiago Centro;840000;0;;17/1/25;NO;
;16/11/25;16/11/25 22:00;16/11/25 23:00;cancelada;19332680-3;Ana Silva;NO;Salon Eventos 3;Providencia;100000;0;;16/11/25;NO;
;10/6/25;10/6/25 18:00;10/6/25 19:00;cancelada;14254375-3;Pedro Rojas;SI;Cancha Padel Aire Libre;Santiago Centro;25000;0;;6/6/25;NO;
;19/09/25;19/09/25;20/09/25;reservada;16990297-6;Ana Silva;NO;Cabaña 18;Santiago Centro;120000;0;;15/9/25;NO;
;18/08/25;18/08/25;27/08/25;reservada;21351051-7;Ana Silva;SI;Cabaña 8;Santa Cruz;1080000;0;;16/8/25;NO;
;19/09/25;19/09/25;22/09/25;reservada;15088563-9;Pedro Rojas;SI;Cabaña 5;Santiago Centro;360000;0;;19/9/25;NO;
;18/04/25;18/04/25;24/04/25;ejecutada;8805000-2;Maria Gonzalez;NO;Cabaña 13;Santiago Centro;720000;720000;tarjeta;17/4/25;NO;
;03/02/25;03/02/25;06/02/25;cancelada;21783745-6;Maria Gonzalez;SI;Cabaña 14;La Florida;360000;0;;29/1/25;NO;
;19/07/25;19/07/25;26/07/25;ejecutada;22512308-K;Pedro Rojas;SI;Cabaña 9;Santiago Centro;840000;840000;transferencia;19/7/25;NO;
;14/02/25;14/02/25;15/02/25;reservada;19599688-1;Juan Perez;SI;Cabaña 20;Providencia;120000;0;;9/2/25;NO;
;15//25;04/07/25;07/07/25;ejecutada;19727843-0;Luis Contreras;NO;Cabaña 14;Santa Cruz;360000;360000;tarjeta;2/7/25;SI;rut/fecha
;17/11/25;17/11/25 9:00;17/11/25 10:00;cancelada;8409701-2;Pedro Rojas;NO;Piscina 2;Santa Cruz;20000;0;;16/11/25;NO;
;14/02/25;14/02/25;17/02/25;cancelada;6973970-9;Pedro Rojas;NO;Cabaña 19;Providencia;360000;0;;10/2/25;NO;
;19/7/25;19/7/25 10:00;19/7/25 11:00;reservada;18971062-3;Juan Perez;SI;Cancha Tenis Techada;Santiago Centro;35000;0;;18/7/25;NO;
;07/06/25;07/06/25;17/06/25;ejecutada;11219981-0;Pedro Rojas;NO;Cabaña 10;Santiago Centro;1200000;1200000;tarjeta;3/6/25;NO;
;10/4/25;10/4/25 16:00;10/4/25 17:00;ejecutada;11727551-5;Maria Gonzalez;NO;Salon Eventos 3;Santiago Centro;100000;100000;efectivo;7/4/25;NO;
;14/8/25;14/8/25 22:00;14/8/25 23:00;reservada;5983819-9;Ana Silva;NO;Cancha Tenis Aire Libre;Providencia;25000;0;;11/8/25;NO;
;18/09/25;18/09/25;19/09/25;reservada;21861927-4;Pedro Rojas;SI;Cabaña 12;Providencia;120000;0;;17/9/25;NO;
;07/12/25;07/12/25;14/12/25;reservada;18568061-4;Ana Silva;SI;Cabaña 20;Santa Cruz;840000;0;;5/12/25;NO;
;15/01/25;15/01/25;20/01/25;cancelada;19332680-3;Ana Silva;NO;Cabaña 12;La Florida;600000;0;;12/1/25;NO;
;3/9/25;3/9/25 22:00;3/9/25 23:00;reservada;10272070-9;Pedro Rojas;NO;Piscina 1;Santa Cruz;20000;0;;3/9/25;NO;
;17/12/25;17/12/25;24/12/25;reservada;8356612-4;Pedro Rojas;NO;Cabaña 13;La Florida;840000;0;;12/12/25;NO;
;17/10/25;17/10/25 14:00;17/10/25 15:00;ejecutada;11086191-7;Ana Silva;SI;Cancha Tenis Aire Libre;Santa Cruz;25000;25000;transferencia;12/10/25;SI;rut
;4/11/25;4/11/25 21:00;4/11/25 22:00;cancelada;6738781-3;Maria Gonzalez;NO;Salon Eventos 3;Providencia;100000;0;;2/11/25;NO;
;10/11/25;10/11/25 14:00;10/11/25 15:00;cancelada;18329134-3;Pedro Rojas;NO;Piscina 1;Santa Cruz;20000;0;;7/11/25;NO;
;3/5/25;3/5/25 14:00;3/5/25 15:00;reservada;17647891-8;Maria Gonzalez;SI;Piscina 2;Santa Cruz;20000;0;;28/4/25;NO;
;1/1/25;1/1/25 16:00;1/1/25 17:00;ejecutada;13532015-3;Luis Contreras;NO;Salon Eventos 1;Santa Cruz;100000;100000;tarjeta;30/12/24;NO;
;06/03/25;06/03/25;14/03/25;ejecutada;16984924-2;Pedro Rojas;SI;Cabaña 7;Santiago Centro;960000;960000;efectivo;2/3/25;NO;
;16/1/25;16/1/25 13:00;16/1/25 14:00;reservada;15115625-8;Juan Perez;NO;Piscina 2;Santiago Centro;20000;0;;12/1/25;NO;
;01/04/25;01/04/25;10/10/;reservada;21773123-5;Luis Contreras;NO;Cabaña 15;Providencia;720000;0;;30/3/25;SI;rut/fecha
;3/9/25;3/9/25 22:00;3/9/25 23:00;ejecutada;6884770-2;Luis Contreras;SI;Salon Eventos 1;La Florida;100000;100000;efectivo;31/8/25;NO;
;7/3/25;7/3/25 15:00;7/3/25 16:00;reservada;21287925-8;Ana Silva;SI;Salon Eventos 2;Santa Cruz;100000;0;;5/3/25;NO;
;5/9/25;5/9/25 15:00;5/9/25 16:00;reservada;19599688-1;Juan Perez;NO;Cancha Padel Techada;La Florida;35000;0;;2/9/25;NO;
;17/4/25;17/4/25 11:00;17/4/25 12:00;cancelada;11521745-3;Ana Silva;SI;Piscina 2;Santa Cruz;20000;0;;15/4/25;NO;
;15/02/25;15/02/25;16/02/25;reservada;14565689-3;Pedro Rojas;SI;Cabaña 18;Santa Cruz;120000;0;;14/2/25;NO;
;15/03/25;15/03/25;19/03/25;reservada;24693299-9;Pedro Rojas;SI;Cabaña 1;Providencia;480000;0;;13/3/25;NO;
;16/09/25;16/09/25;19/09/25;reservada;9813420-4;Maria Gonzalez;SI;Cabaña 4;La Florida;360000;0;;12/9/25;NO;
;10/11/25;10/11/25;16/11/25;cancelada;16848416-5;Ana Silva;NO;Cabaña 5;Providencia;720000;0;;9/11/25;SI;rut
;07/10/25;07/10/25;17/10/25;cancelada;9680719-8;Ana Silva;SI;Cabaña 17;Providencia;1200000;0;;7/10/25;NO;
;16/1/25;16/1/25 20:00;16/1/25 21:00;cancelada;9213225-0;Maria Gonzalez;SI;Cancha Padel Techada;Providencia;35000;0;;13/1/25;NO;
;18/10/25;18/10/25;18/10/25 21:00;reservada;5135966-6;Pedro Rojas;NO;Cancha Tenis Techada X;La Florida;35000;0;;15/10/25;SI;referencia/fecha
;20/12/25;20/12/25;23/12/25;ejecutada;22812135-5;Ana Silva;NO;Cabaña 11;Providencia;360000;360000;efectivo;15/12/25;NO;
;6/1/25;6/1/25 14:00;6/1/25 15:00;reservada;17674128-7;Pedro Rojas;SI;Restaurant 1;Santiago Centro;30000;0;;5/1/25;NO;
;10/10/;06/03/25;10/03/25;reservada;9487250-2;Ana Silva;SI;Cabaña 20 X;Santiago Centro;480000;0;;5/3/25;SI;referencia/fecha
;05/08/25;05/08/25;09/08/25;reservada;24402541-2;Luis Contreras;SI;Cabaña 15;Santiago Centro;480000;0;;3/8/25;NO;
;14/07/25;14/07/25;20/07/25;reservada;20713143-1;Luis Contreras;NO;Cabaña 15;La Florida;720000;0;;11/7/25;NO;
;1/11/25;1/11/25;1/11/25 20:00;cancelada;16408231-8;Juan Perez;SI;Restaurant 1 X;Providencia;30000;0;;27/10/25;SI;referencia/fecha
;02/08/25;02/08/25;12/08/25;cancelada;19048151-4;Ana Silva;SI;Cabaña 13;Santiago Centro;1200000;0;;2/8/25;NO;
;17/12/25;17/12/25 16:00;17/12/25 17:00;reservada;9194484-7;Ana Silva;NO;Cancha Futbolito Techada;La Florida;35000;0;;14/12/25;NO;
;15/08/25;15/08/25;20/08/25;cancelada;10778324-5;Luis Contreras;NO;Cabaña 5;La Florida;600000;0;;14/8/25;NO;
;13/07/25;13/07/25;19/07/25;ejecutada;13397853-4;Juan Perez;NO;Cabaña 13;Santa Cruz;720000;720000;transferencia;8/7/25;NO;
;2/9/25;2/9/25 11:00;2/9/25 12:00;cancelada;22378728-2;Maria Gonzalez;SI;Cancha Tenis Aire Libre;Santiago Centro;25000;0;;28/8/25;NO;
;04/01/25;04/01/25;05/01/25;ejecutada;22885927-3;Luis Contreras;SI;Cabaña 12;Santa Cruz;120000;120000;tarjeta;4/1/25;NO;
;8/11/25;8/11/25 16:00;8/11/25 17:00;cancelada;18881160-4;Pedro Rojas;SI;Restaurant 2;Santiago Centro;30000;0;;4/11/25;NO;
;13/2/25;13/2/25 8:00;13/2/25 9:00;ejecutada;11450455-6;Luis Contreras;NO;Cancha Basquetbol Techada;Santiago Centro;35000;35000;efectivo;13/2/25;NO;
;13/10/25;13/10/25;17/10/25;cancelada;13650113-5;Pedro Rojas;NO;Cabaña 14 X;La Florida;480000;0;;8/10/25;SI;referencia
;03/02/25;15//25;04/02/25;reservada;23503123-K;Ana Silva;SI;Cabaña 11 X;La Florida;120000;0;;30/1/25;SI;referencia/fecha
;7/5/25;7/5/25 11:00;7/5/25 12:00;ejecutada;6261507-9;Luis Contreras;SI;Piscina 2;Santa Cruz;20000;20000;transferencia;7/5/25;NO;
;15/08/25;15/08/25;24/08/25;reservada;15148285-6;Luis Contreras;SI;Cabaña 2;La Florida;1080000;0;;15/8/25;NO;
;5/5/25;5/5/25 8:00;5/5/25 9:00;cancelada;18065705-3;Maria Gonzalez;NO;Cancha Padel Aire Libre;Santiago Centro;25000;0;;5/5/25;NO;
;13/09/25;13/09/25;18/09/25;ejecutada;19895777-1;Juan Perez;NO;Cabaña 19;Santiago Centro;600000;600000;transferencia;12/9/25;NO;
;1/5/25;1/5/25 13:00;1/5/25 14:00;ejecutada;15338995-0;Ana Silva;NO;Salon Eventos 2;Santiago Centro;100000;100000;transferencia;27/4/25;NO;
;01/06/25;01/06/25;02/06/25;ejecutada;5983819-9;Ana Silva;SI;Cabaña 16;Santa Cruz;120000;120000;tarjeta;30/5/25;NO;
;5/3/25;5/3/25 10:00;5/3/25 11:00;ejecutada;21099442-4;Luis Contreras;NO;Cancha Basquetbol Techada;Providencia;35000;35000;transferencia;2/3/25;SI;
;11/6/25;11/6/25 16:00;11/6/25 17:00;cancelada;9564786-3;Ana Silva;SI;Restaurant 1;Providencia;30000;0;;7/6/25;NO;
;03/06/25;03/06/25;05/06/25;cancelada;23503123-K;Ana Silva;SI;Cabaña 16;Providencia;240000;0;;29/5/25;NO;
;15/3/25;15/3/25 16:00;15/3/25 17:00;cancelada;6858349-7;Luis Contreras;SI;Salon Eventos 1;Providencia;100000;0;;14/3/25;NO;
;1/7/25;1/7/25 13:00;1/7/25 14:00;reservada;15148285-6;Luis Contreras;NO;Cancha Tenis Aire Libre;Santiago Centro;25000;0;;27/6/25;SI;
;18/12/25;18/12/25;24/12/25;cancelada;17786278-9;Juan Perez;NO;Cabaña 4;Santa Cruz;720000;0;;16/12/25;NO;
;01/10/25;01/10/25;02/10/25;cancelada;17674128-7;Pedro Rojas;NO;Cabaña 5;Santa Cruz;120000;0;;30/9/25;NO;
;08/12/25;08/12/25;09/12/25;ejecutada;9571085-9;Juan Perez;NO;Cabaña 15;La Florida;120000;120000;transferencia;7/12/25;NO;
;20/4/25;20/4/25 18:00;20/4/25 19:00;cancelada;16012079-7;Ana Silva;NO;Restaurant 1;Providencia;30000;0;;16/4/25;NO;
;13/6/25;13/6/25 13:00;13/6/25 14:00;cancelada;10698937-0;Pedro Rojas;SI;Salon Eventos 1;Santiago Centro;100000;0;;11/6/25;NO;
;17/11/25;17/11/25;25/11/25;reservada;23433621-5;Maria Gonzalez;SI;Cabaña 2 X;Providencia;960000;0;;17/11/25;SI;referencia
;05/11/25;05/11/25;11/11/25;ejecutada;7544276-9;Maria Gonzalez;SI;Cabaña 3;Santiago Centro;720000;720000;efectivo;1/11/25;NO;
;06/09/25;06/09/25;07/09/25;ejecutada;12809545-4;Juan Perez;SI;Cabaña 1;Santiago Centro;120000;120000;tarjeta;1/9/25;NO;
;3/3/25;3/3/25 18:00;3/3/25 19:00;cancelada;14292034-4;Luis Contreras;SI;Restaurant 1;La Florida;30000;0;;27/2/25;NO;
;15//25;13/04/25;16/04/25;reservada;24132013-8;Pedro Rojas;SI;Cabaña 5;La Florida;360000;0;;13/4/25;SI;fecha
;20/5/25;20/5/25 15:00;20/5/25 16:00;reservada;17096666-K;Juan Perez;SI;Salon Eventos 2;Santiago Centro;100000;0;;19/5/25;NO;
;20/09/25;20/09/25;23/09/25;cancelada;21351051-7;Ana Silva;SI;Cabaña 5;Providencia;360000;0;;16/9/25;NO;
;7/10/25;7/10/25 10:00;7/10/25 11:00;ejecutada;23434952-K;Pedro Rojas;NO;Piscina 1;Santa Cruz;20000;20000;transferencia;4/10/25;NO;
;09/07/25;09/07/25;19/07/25;ejecutada;20727566-2;Juan Perez;NO;Cabaña 6;La Florida;1200000;1200000;transferencia;6/7/25;NO;
;12/11/25;12/11/25;18/11/25;reservada;12913560-3;Ana Silva;SI;Cabaña 13;La Florida;720000;0;;7/11/25;NO;
;2/3/25;2/3/25 8:00;2/3/25 9:00;cancelada;13147810-0;Pedro Rojas;SI;Cancha Basquetbol Techada;Providencia;35000;0;;25/2/25;NO;
;01/12/25;01/12/25;06/12/25;cancelada;10615277-2;Juan;SI;Cabaña 8;La Florida;600000;0;;27/11/25;SI;nombre
;10/5/25;10/5/25;10/5/25 17:00;cancelada;15345989-4;Pedro Rojas;SI;Cancha Futbolito Techada;Santiago Centro;35000;0;;5/5/25;SI;fecha
;05/03/25;10/10/;14/03/25;cancelada;16887747-1;Luis Contreras;SI;Cabaña 16 X;Providencia;1080000;0;;3/3/25;SI;referencia/fecha
;02/12/25;15//25;10/12/25;reservada;7415624-0;Juan Perez;NO;Cabaña 7;La Florida;960000;0;;28/11/25;SI;rut/fecha
;17/03/25;17/03/25;25/03/25;ejecutada;15826885-K;Juan Perez;SI;Cabaña 2;Providencia;960000;960000;tarjeta;16/3/25;NO;
;18/10/25;18/10/25;27/10/25;cancelada;19937737-K;Luis Contreras;SI;Cabaña 1;Santa Cruz;1080000;0;;15/10/25;NO;
;06/11/25;06/11/25;14/11/25;reservada;15293763-6;Luis Contreras;NO;Cabaña 16;Providencia;960000;0;;4/11/25;NO;
;03/10/25;03/10/25;11/10/25;cancelada;18646254-8;Pedro Rojas;SI;Cabaña 5;Providencia;960000;0;;29/9/25;NO;
;14/10/25;14/10/25 21:00;14/10/25 22:00;ejecutada;7544276-9;Maria Gonzalez;SI;Piscina 1;Santa Cruz;20000;20000;tarjeta;14/10/25;NO;
;09/10/25;09/10/25;15/10/25;ejecutada;13604604-7;Juan Perez;NO;Cabaña 12;Santa Cruz;720000;720000;tarjeta;5/10/25;NO;
;08/02/25;08/02/25;15/02/25;ejecutada;19195488-2;Pedro Rojas;NO;Cabaña 13;Santa Cruz;840000;840000;transferencia;4/2/25;NO;
;10/11/25;10/11/25 16:00;10/11/25 17:00;ejecutada;21947907-7;Maria Gonzalez;NO;Salon Eventos 3;Providencia;100000;100000;efectivo;9/11/25;NO;
;6/3/25;6/3/25 19:00;6/3/25 20:00;cancelada;13505604-9;Ana Silva;SI;Piscina 2 X;La Florida;20000;0;;1/3/25;SI;referencia
;3/1/25;3/1/25 13:00;3/1/25 14:00;reservada;8223654-6;Ana Silva;SI;Cancha Tenis Aire Libre;Providencia;25000;0;;31/12/24;NO;
;11/6/25;11/6/25 13:00;11/6/25 14:00;cancelada;19544570-2;Maria Gonzalez;NO;Piscina 1;La Florida;20000;0;;10/6/25;NO;
;1/11/25;1/11/25 14:00;1/11/25 15:00;ejecutada;13532015-3;Luis Contreras;NO;Cancha Tenis Aire Libre;Santiago Centro;25000;25000;transferencia;31/10/25;NO;
;16/11/25;16/11/25;17/11/25;ejecutada;21296743-2;Pedro Rojas;SI;Cabaña 19;Providencia;120000;120000;transferencia;13/11/25;NO;
;11/02/25;11/02/25;19/02/25;cancelada;16107528-0;Juan Perez;NO;Cabaña 13 X;La Florida;960000;0;;6/2/25;SI;referencia
;14/03/25;14/03/25;18/03/25;reservada;9712455-8;Pedro Rojas;SI;Cabaña 11;Providencia;480000;0;;9/3/25;NO;
;11/10/25;11/10/25;19/10/25;reservada;11414686-2;Maria Gonzalez;NO;Cabaña 6;Santiago Centro;960000;0;;10/10/25;NO;
;07/02/25;07/02/25;16/02/25;cancelada;13734270-7;Luis Contreras;NO;Cabaña 5;Santa Cruz;1080000;0;;7/2/25;NO;
;6/4/25;6/4/25 22:00;6/4/25 23:00;ejecutada;21287925-8;Ana Silva;SI;Cancha Basquetbol Techada;Providencia;35000;35000;transferencia;6/4/25;NO;
;18/4/25;18/4/25 22:00;18/4/25 23:00;cancelada;21454415-6;Maria Gonzalez;SI;Restaurant 1;Santiago Centro;30000;0;;18/4/25;NO;
;15/12/25;15/12/25 18:00;15/12/25 19:00;reservada;22287381-9;Ana Silva;NO;Cancha Basquetbol Techada;La Florida;35000;0;;10/12/25;NO;
;10/5/25;10/5/25 16:00;10/5/25 17:00;ejecutada;23433621-5;Maria Gonzalez;NO;Cancha Basquetbol Techada;Santa Cruz;35000;35000;tarjeta;6/5/25;NO;
;13/07/25;13/07/25;17/07/25;reservada;13897062-0;Maria Gonzalez;NO;Cabaña 18;Santiago Centro;480000;0;;9/7/25;NO;
;20/10/25;20/10/25;26/10/25;reservada;9486514-K;Luis Contreras;NO;Cabaña 6;Santiago Centro;720000;0;;18/10/25;NO;
;19/03/25;19/03/25;28/03/25;ejecutada;21162735-2;Juan Perez;SI;Cabaña 15;Providencia;1080000;1080000;tarjeta;18/3/25;NO;
;10/6/25;10/6/25 14:00;10/6/25 15:00;reservada;11727551-5;Maria Gonzalez;SI;Piscina 1;Providencia;20000;0;;5/6/25;NO;
;11/2/25;11/2/25 21:00;11/2/25 22:00;reservada;15088563-9;Pedro;NO;Piscina 1;Providencia;20000;0;;11/2/25;SI;nombre
;16/06/25;16/06/25;19/06/25;ejecutada;11711378-7;Maria Gonzalez;SI;Cabaña 4;Providencia;360000;360000;tarjeta;14/6/25;NO;
;17/12/25;17/12/25;19/12/25;ejecutada;21351051-7;Ana Silva;NO;Cabaña 19;Santa Cruz;240000;240000;tarjeta;17/12/25;NO;
;07/05/25;07/05/25;12/05/25;ejecutada;14294949-0;Ana Silva;NO;Cabaña 1;Providencia;600000;600000;tarjeta;2/5/25;NO;
;10/01/25;10/01/25;18/01/25;ejecutada;15838325-K;Maria Gonzalez;SI;Cabaña 20;Providencia;960000;960000;efectivo;5/1/25;NO;
;04/07/25;04/07/25;abc/12/25;reservada;16214968-7;Luis Contreras;NO;Cabaña 5;Santa Cruz;720000;0;;4/7/25;SI;fecha
;19/06/25;19/06/25;27/06/25;reservada;8722237-3;Juan Perez;NO;Cabaña 3;Santiago Centro;960000;0;;19/6/25;NO;
;14/07/25;14/07/25;23/07/25;reservada;19104958-6;Pedro Rojas;SI;Cabaña 16;Santa Cruz;1080000;0;;10/7/25;NO;
;15/7/25;15/7/25 14:00;15/7/25 15:00;cancelada;11228399-4;Pedro Rojas;NO;Restaurant 2;Santiago Centro;30000;0;;14/7/25;NO;
;16/10/25;16/10/25;17/10/25;ejecutada;12075076-3;Juan Perez;SI;Cabaña 1;Santa Cruz;120000;120000;tarjeta;14/10/25;NO;
;19/07/25;19/07/25;20/07/25;reservada;6807678-1;Pedro Rojas;SI;Cabaña 11;Santa Cruz;120000;0;;16/7/25;NO;
;08/01/25;08/01/25;16/01/25;cancelada;9016221-7;Pedro Rojas;NO;Cabaña 9;Providencia;960000;0;;5/1/25;NO;
;19/3/25;19/3/25 13:00;19/3/25 14:00;ejecutada;24831420-6;Luis Contreras;SI;Restaurant 2;La Florida;30000;30000;transferencia;17/3/25;NO;
;12/8/25;12/8/25 17:00;12/8/25 18:00;reservada;17213598-6;Pedro;SI;Cancha Padel Techada;Santiago Centro;35000;0;;10/8/25;SI;nombre
;01/03/25;01/03/25;07/03/25;ejecutada;21554696-9;Maria Gonzalez;NO;Cabaña 19;Santiago Centro;720000;720000;tarjeta;25/2/25;NO;
;11/02/25;11/02/25;13/02/25;cancelada;24447412-8;Juan Perez;NO;Cabaña 2;La Florida;240000;0;;7/2/25;NO;
;16/9/25;16/9/25 19:00;16/9/25 20:00;reservada;20470612-3;Ana Silva;SI;Salon Eventos 3;Santa Cruz;100000;0;;15/9/25;NO;
;8/7/25;8/7/25 22:00;8/7/25 23:00;cancelada;19195488-2;Pedro Rojas;SI;Salon Eventos 1;Santiago Centro;100000;0;;4/7/25;NO;
;14/10/25;14/10/25;16/10/25;reservada;9978267-6;Pedro Rojas;NO;Cabaña 15;Santiago Centro;240000;0;;9/10/25;NO;
;17/06/25;17/06/25;26/06/25;ejecutada;5938386-8;Ana Silva;SI;Cabaña 20;Providencia;1080000;1080000;tarjeta;12/6/25;NO;
;14/06/25;14/06/25;20/06/25;reservada;7261443-7;Ana Silva;NO;Cabaña 5;Santa Cruz;720000;0;;10/6/25;NO;
;03/05/25;03/05/25;08/05/25;cancelada;15293763-6;Luis Contreras;NO;Cabaña 3;Santiago Centro;600000;0;;3/5/25;NO;
;20/01/25;20/01/25;26/01/25;cancelada;5757659-6;Pedro Rojas;SI;Cabaña 14;Santa Cruz;720000;0;;19/1/25;NO;
;02/11/25;02/11/25;06/11/25;ejecutada;14292034-4;Luis Contreras;SI;Cabaña 13;La Florida;480000;480000;transferencia;31/10/25;NO;
;02/07/25;02/07/25;08/07/25;ejecutada;10427547-2;Ana Silva;NO;Cabaña 1;Providencia;720000;720000;transferencia;1/7/25;SI;rut
;09/08/25;09/08/25;15/08/25;ejecutada;19362869-9;Luis Contreras;NO;Cabaña 7 X;Providencia;720000;720000;efectivo;4/8/25;SI;referencia
;8/1/25;8/1/25 20:00;8/1/25 21:00;cancelada;17503226-6;Juan Perez;NO;Salon Eventos 2;La Florida;100000;0;;5/1/25;NO;
;13/3/25;13/3/25 22:00;13/3/25 23:00;ejecutada;11277963-9;Juan Perez;NO;Cancha Basquetbol Techada X;Providencia;35000;35000;transferencia;12/3/25;SI;referencia
;03/06/25;10/10/;08/06/25;reservada;16741872-4;Maria Gonzalez;SI;Cabaña 4;Santa Cruz;600000;0;;30/5/25;SI;fecha
;04/11/25;04/11/25;11/11/25;reservada;17911506-9;Pedro Rojas;SI;Cabaña 2;Santa Cruz;840000;0;;30/10/25;SI;
;06/08/25;06/08/25;15/08/25;cancelada;7997541-9;Ana Silva;NO;Cabaña 5;Santa Cruz;1080000;0;;1/8/25;NO;
;9/2/25;9/2/25 10:00;9/2/25 11:00;reservada;16012079-7;Ana Silva;SI;Cancha Basquetbol Techada;La Florida;35000;0;;7/2/25;NO;
;14/03/25;14/03/25;19/03/25;cancelada;17963425-2;Luis Contreras;SI;Cabaña 11;La Florida;600000;0;;10/3/25;NO;
;13/1/25;13/1/25 20:00;13/1/25 21:00;cancelada;19407837-4;Ana Silva;SI;Cancha Tenis Aire Libre;Santiago Centro;25000;0;;10/1/25;NO;
;03/04/25;03/04/25;04/04/25;cancelada;24505775-K;Maria Gonzalez;SI;Cabaña 4;Santiago Centro;120000;0;;3/4/25;NO;
;03/02/25;03/02/25;12/02/25;reservada;19727843-9;Luis Contreras;SI;Cabaña 17;Providencia;1080000;0;;3/2/25;SI;
;2/8/25;2/8/25;2/8/25 9:00;ejecutada;13914038-8;Luis Contreras;SI;Cancha Basquetbol Aire Libre;Santiago Centro;25000;25000;transferencia;29/7/25;SI;rut/fecha
;19/5/25;19/5/25 9:00;19/5/25 10:00;cancelada;5116250-1;Pedro Rojas;NO;Salon Eventos 4;Santiago Centro;100000;0;;14/5/25;NO;
;03/06/25;03/06/25;08/06/25;ejecutada;19208091-6;Maria Gonzalez;NO;Cabaña 7;Providencia;600000;600000;efectivo;3/6/25;NO;
;1/10/25;1/10/25 16:00;1/10/25 17:00;ejecutada;15941454-K;Pedro Rojas;NO;Cancha Basquetbol Aire Libre;Santiago Centro;25000;25000;efectivo;30/9/25;NO;
;20/08/25;20/08/25;27/08/25;reservada;8442882-5;Ana Silva;NO;Cabaña 8;La Florida;840000;0;;19/8/25;NO;
;09/10/25;09/10/25;12/10/25;cancelada;6389986-0;Luis Contreras;SI;Cabaña 19;Providencia;360000;0;;5/10/25;NO;
;07/02/25;07/02/25;17/02/25;cancelada;14150365-0;Juan Perez;SI;Cabaña 16;Santiago Centro;1200000;0;;7/2/25;NO;
;19/09/25;19/09/25;22/09/25;reservada;12353825-0;Ana Silva;NO;Cabaña 7;Santiago Centro;360000;0;;17/9/25;NO;
;3/4/25;3/4/25 20:00;3/4/25 21:00;cancelada;11263892-K;Luis Contreras;NO;Salon Eventos 4;Santa Cruz;100000;0;;3/4/25;NO;
;06/10/25;06/10/25;08/10/25;cancelada;8482497-6;Ana Silva;SI;Cabaña 9;Providencia;240000;0;;5/10/25;NO;
;08/12/25;08/12/25;18/12/25;cancelada;21821683-8;Maria Gonzalez;NO;Cabaña 10;La Florida;1200000;0;;7/12/25;NO;
;12/6/25;12/6/25 10:00;12/6/25 11:00;ejecutada;24693299-9;Pedro Rojas;NO;Cancha Tenis Aire Libre;Santiago Centro;25000;25000;efectivo;7/6/25;NO;
;11/06/25;11/06/25;14/06/25;cancelada;18885368-4;Maria Gonzalez;SI;Cabaña 5;Providencia;360000;0;;10/6/25;NO;
;20/6/25;20/6/25;20/6/25 15:00;cancelada;12075076-3;Juan Perez;NO;Cancha Padel Techada X;Santiago Centro;35000;0;;17/6/25;SI;referencia/fecha
;15/03/25;15/03/25;23/03/25;reservada;20666104-6;Juan Perez;NO;Cabaña 6;Santa Cruz;960000;0;;14/3/25;NO;
;20/02/25;20/02/25;01/03/25;reservada;12651989-3;Luis Contreras;SI;Cabaña 2;Santa Cruz;1080000;0;;18/2/25;NO;
;12/06/25;12/06/25;13/06/25;ejecutada;13083215-6;Pedro Rojas;SI;Cabaña 2;Santiago Centro;120000;120000;tarjeta;11/6/25;NO;
;9/12/25;9/12/25 9:00;9/12/25 10:00;reservada;19195488-2;Pedro Rojas;NO;Cancha Padel Techada;Providencia;35000;0;;5/12/25;NO;
;03/07/25;03/07/25;12/07/25;reservada;13479779-7;Pedro Rojas;NO;Cabaña 7;Santiago Centro;1080000;0;;28/6/25;NO;
;02/01/25;31/02/25;03/01/25;cancelada;9179703-8;Maria Gonzalez;NO;Cabaña 7 X;La Florida;120000;0;;28/12/24;SI;referencia/fecha
;09/10/25;09/10/25;11/10/25;reservada;12592948-6;Ana;NO;Cabaña 19;Santiago Centro;240000;0;;8/10/25;SI;nombre
;11/11/25;11/11/25 8:00;11/11/25 9:00;ejecutada;24139677-0;Ana Silva;NO;Cancha Basquetbol Aire Libre;Providencia;25000;25000;transferencia;11/11/25;NO;
;4/12/25;4/12/25 21:00;4/12/25 22:00;cancelada;7826282-6;Maria Gonzalez;NO;Restaurant 2;Santa Cruz;30000;0;;4/12/25;NO;
;06/05/25;06/05/25;16/05/25;reservada;7962885-9;Juan Perez;SI;Cabaña 7;La Florida;1200000;0;;6/5/25;NO;
;6/3/25;6/3/25;6/3/25 16:00;ejecutada;24967582-2;Maria Gonzalez;NO;Salon Eventos 3;Providencia;100000;100000;transferencia;5/3/25;SI;fecha
;18/8/25;18/8/25 13:00;18/8/25 14:00;reservada;12651989-3;Luis Contreras;SI;Piscina 2;La Florida;20000;0;;14/8/25;NO;
;18/4/25;18/4/25 12:00;18/4/25 13:00;ejecutada;20713143-1;Luis Contreras;SI;Cancha Tenis Techada;Santa Cruz;35000;35000;transferencia;15/4/25;NO;
;12/11/25;12/11/25;20/11/25;cancelada;8805000-2;Maria Gonzalez;SI;Cabaña 6;La Florida;960000;0;;11/11/25;NO;
;9/9/25;9/9/25 15:00;9/9/25 16:00;reservada;24402541-2;Luis Contreras;SI;Cancha Tenis Aire Libre;Santiago Centro;25000;0;;9/9/25;NO;
;17/11/25;17/11/25 9:00;17/11/25 10:00;ejecutada;23435811-1;Pedro Rojas;NO;Salon Eventos 1;Santa Cruz;100000;100000;efectivo;12/11/25;SI;
;17/08/25;17/08/25;24/08/25;cancelada;9122138-7;Juan Perez;SI;Cabaña 20;La Florida;840000;0;;14/8/25;SI;rut
;10/10/;10/05/25;15/05/25;ejecutada;11263892-9;Luis Contreras;NO;Cabaña 19;Providencia;600000;600000;efectivo;6/5/25;SI;rut/fecha
;01/10/25;01/10/25;06/10/25;ejecutada;7415624-K;Juan Perez;SI;Cabaña 9;Santa Cruz;600000;600000;efectivo;28/9/25;NO;
;04/05/25;04/05/25;07/05/25;cancelada;18843742-7;Pedro Rojas;SI;Cabaña 20;Providencia;360000;0;;30/4/25;NO;
;05/03/25;05/03/25;15/03/25;cancelada;9381544-0;Pedro Rojas;NO;Cabaña 3;Santiago Centro;1200000;0;;5/3/25;NO;
;02/09/25;02/09/25;09/09/25;ejecutada;12770855-K;Luis Contreras;NO;Cabaña 1;Santiago Centro;840000;840000;transferencia;2/9/25;NO;
;6/1/25;6/1/25 20:00;6/1/25 21:00;ejecutada;14379495-4;Luis Contreras;NO;Cancha Tenis Aire Libre;La Florida;25000;25000;transferencia;2/1/25;NO;
;02/02/25;/05/25;07/02/25;ejecutada;6442121-2;Pedro Rojas;NO;Cabaña 20 X;La Florida;600000;600000;efectivo;2/2/25;SI;referencia/fecha
;03/12/25;03/12/25;07/12/25;ejecutada;23498184-6;Juan Perez;NO;Cabaña 15;Santa Cruz;480000;480000;efectivo;3/12/25;NO;
;08/06/25;08/06/25;09/06/25;ejecutada;23303043-0;Juan Perez;SI;Cabaña 12;Santa Cruz;120000;120000;transferencia;6/6/25;NO;
;2/7/25;2/7/25 16:00;2/7/25 17:00;ejecutada;10701066-1;Maria Gonzalez;NO;Salon Eventos 2;La Florida;100000;100000;tarjeta;28/6/25;NO;
;10/1/25;10/1/25 8:00;10/1/25 9:00;cancelada;18728677-8;Juan Perez;NO;Cancha Padel Techada;Santa Cruz;35000;0;;5/1/25;NO;
;10/12/25;10/12/25 22:00;10/12/25 23:00;reservada;23835968-6;Juan Perez;NO;Cancha Basquetbol Aire Libre;Santiago Centro;25000;0;;7/12/25;NO;
;13/2/25;13/2/25 16:00;13/2/25 17:00;cancelada;20470612-3;Ana Silva;SI;Cancha Padel Techada;Santa Cruz;35000;0;;9/2/25;NO;
;17/4/25;17/4/25 19:00;17/4/25 20:00;ejecutada;8223654-6;Ana Silva;NO;Salon Eventos 3;Providencia;100000;100000;tarjeta;16/4/25;NO;
;18/6/25;18/6/25 9:00;18/6/25 10:00;cancelada;17049622-1;Pedro Rojas;NO;Cancha Futbolito Aire Libre;La Florida;25000;0;;13/6/25;NO;
;18/2/25;18/2/25 14:00;18/2/25 15:00;cancelada;23046980-6;Luis Contreras;NO;Salon Eventos 1;Providencia;100000;0;;17/2/25;NO;
;19/12/25;19/12/25;20/12/25;ejecutada;20078438-3;Ana Silva;NO;Cabaña 14;Providencia;120000;120000;transferencia;18/12/25;NO;
;9/3/25;9/3/25 9:00;9/3/25 10:00;cancelada;13554594-2;Pedro Rojas;NO;Cancha Basquetbol Aire Libre;Providencia;25000;0;;8/3/25;SI;rut
;08/06/25;08/06/25;18/06/25;ejecutada;5033421-K;Maria Gonzalez;SI;Cabaña 17;Santiago Centro;1200000;1200000;efectivo;8/6/25;NO;
;15/4/25;15/4/25 12:00;15/4/25 13:00;cancelada;18754494-7;Maria Gonzalez;NO;Restaurant 1;La Florida;30000;0;;13/4/25;NO;
;20/2/25;20/2/25 15:00;20/2/25 16:00;ejecutada;20470612-3;Ana Silva;NO;Cancha Basquetbol Aire Libre;Providencia;25000;25000;efectivo;16/2/25;NO;
;01/07/25;01/07/25;05/07/25;reservada;20284960-1;Juan Perez;SI;Cabaña 2;Santiago Centro;480000;0;;26/6/25;NO;
;18/5/25;18/5/25 13:00;18/5/25 14:00;reservada;17654518-6;Luis Contreras;NO;Cancha Futbolito Techada;Providencia;35000;0;;14/5/25;NO;
;14/10/25;14/10/25 14:00;14/10/25 15:00;ejecutada;9381544-0;Pedro Rojas;SI;Cancha Tenis Techada;La Florida;35000;35000;efectivo;11/10/25;NO;
;19/12/25;19/12/25;24/12/25;reservada;10701066-1;Maria Gonzalez;NO;Cabaña 10;Providencia;600000;0;;15/12/25;NO;
;4/1/25;4/1/25 9:00;4/1/25 10:00;ejecutada;14843634-7;Juan Perez;SI;Salon Eventos 4;Santa Cruz;100000;100000;efectivo;30/12/24;NO;
;17/07/25;17/07/25;24/07/25;reservada;11711378-7;Maria Gonzalez;SI;Cabaña 20;Santiago Centro;840000;0;;12/7/25;NO;
;7/5/25;7/5/25 13:00;7/5/25 14:00;cancelada;19652678-1;Juan Perez;SI;Cancha Futbolito Aire Libre;Providencia;25000;0;;2/5/25;NO;
;16/12/25;16/12/25;21/12/25;ejecutada;12730200-6;Maria Gonzalez;NO;Cabaña 2;Santiago Centro;600000;600000;transferencia;12/12/25;NO;
;02/09/25;02/09/25;11/09/25;reservada;12469531-7;Pedro Rojas;NO;Cabaña 11;La Florida;1080000;0;;2/9/25;NO;
;07/01/25;07/01/25;10/01/25;ejecutada;20812193-6;Pedro Rojas;SI;Cabaña 10;La Florida;360000;360000;transferencia;5/1/25;NO;
;1/10/25;1/10/25 19:00;1/10/25 20:00;cancelada;18885368-4;Maria Gonzalez;NO;Cancha Tenis Techada;La Florida;35000;0;;27/9/25;SI;
;06/06/25;10/10/;12/06/25;reservada;24795565-5;Luis Contreras;SI;Cabaña 10;La Florida;720000;0;;2/6/25;SI;rut/fecha
;12/11/25;12/11/25;19/11/25;cancelada;11374837-0;Maria Gonzalez;NO;Cabaña 11;Santa Cruz;840000;0;;8/11/25;NO;
;08/04/25;08/04/25;11/04/25;ejecutada;15954986-0;Maria Gonzalez;SI;Cabaña 9;Santiago Centro;360000;360000;transferencia;4/4/25;NO;
;03/06/25;/05/25;13/06/25;cancelada;15348004-4;Ana Silva;NO;Cabaña 16 X;Providencia;1200000;0;;30/5/25;SI;referencia/fecha
;09/09/25;09/09/25;12/09/25;reservada;9039992-6;Ana Silva;SI;Cabaña 6;Santa Cruz;360000;0;;9/9/25;NO;
;16/06/25;16/06/25;26/06/25;ejecutada;8086449-3;Ana Silva;SI;Cabaña 4;Santiago Centro;1200000;1200000;tarjeta;14/6/25;NO;
;19/3/25;19/3/25 21:00;19/3/25 22:00;ejecutada;10464361-2;Luis Contreras;SI;Cancha Futbolito Techada;Providencia;35000;35000;tarjeta;17/3/25;NO;
;6/3/25;6/3/25 17:00;6/3/25 18:00;reservada;17678051-7;Juan Perez;SI;Cancha Basquetbol Techada;La Florida;35000;0;;6/3/25;NO;
;7/8/25;7/8/25 11:00;7/8/25 12:00;ejecutada;6261507-9;Luis Contreras;NO;Salon Eventos 2;Santiago Centro;100000;100000;transferencia;6/8/25;NO;
;20/10/25;20/10/25;23/10/25;ejecutada;11121655-K;Juan Perez;NO;Cabaña 10;Santa Cruz;360000;360000;transferencia;15/10/25;NO;
;10/1/25;10/1/25 20:00;10/1/25 21:00;reservada;20997181-K;Juan Perez;NO;Cancha Tenis Aire Libre;La Florida;25000;0;;5/1/25;NO;
;18/03/25;18/03/25;27/03/25;reservada;18568061-9;Ana Silva;NO;Cabaña 2;Santa Cruz;1080000;0;;13/3/25;SI;rut
;03/11/25;03/11/25;13/11/25;cancelada;12465454-8;Pedro Rojas;NO;Cabaña 19;Providencia;1200000;0;;2/11/25;NO;
;19/09/25;19/09/25;25/09/25;ejecutada;8309406-0;Luis Contreras;SI;Cabaña 5;Providencia;720000;720000;transferencia;19/9/25;NO;
;20/07/25;20/07/25;27/07/25;ejecutada;20727566-2;Juan Perez;SI;Cabaña 11;Santiago Centro;840000;840000;tarjeta;20/7/25;NO;
;9/12/25;9/12/25 13:00;9/12/25 14:00;ejecutada;5938386-8;Ana Silva;SI;Restaurant 2;Providencia;30000;30000;tarjeta;4/12/25;NO;
;14/2/25;14/2/25 15:00;14/2/25 16:00;cancelada;19104958-6;Pedro Rojas;NO;Salon Eventos 1;Santiago Centro;100000;0;;13/2/25;NO;
;07/04/25;07/04/25;14/04/25;reservada;22855579-7;Luis Contreras;SI;Cabaña 6;Santiago Centro;840000;0;;5/4/25;NO;
;02/04/25;02/04/25;10/04/25;reservada;13065663-3;Luis Contreras;NO;Cabaña 4;Santiago Centro;960000;0;;29/3/25;NO;
;19/10/25;19/10/25;22/10/25;reservada;14861266-8;Ana Silva;NO;Cabaña 6;Santa Cruz;360000;0;;16/10/25;NO;
;14/11/25;14/11/25 17:00;14/11/25 18:00;ejecutada;14941850-4;Luis Contreras;SI;Cancha Futbolito Aire Libre;Providencia;25000;25000;transferencia;12/11/25;NO;
;07/05/25;07/05/25;14/05/25;ejecutada;17647891-8;Maria Gonzalez;NO;Cabaña 18;Santa Cruz;840000;840000;tarjeta;5/5/25;NO;
;3/6/25;3/6/25 16:00;3/6/25 17:00;ejecutada;21351051-7;Ana Silva;SI;Piscina 1;Santiago Centro;20000;20000;tarjeta;2/6/25;NO;
;2/1/25;2/1/25 14:00;2/1/25 15:00;reservada;5645014-9;Pedro Rojas;SI;Cancha Tenis Techada;La Florida;35000;0;;30/12/24;NO;
;10/10/25;10/10/25 17:00;10/10/25 18:00;ejecutada;22287381-9;Ana Silva;NO;Cancha Futbolito Techada;Santiago Centro;35000;35000;transferencia;10/10/25;NO;
;18/5/25;18/5/25 21:00;18/5/25 22:00;cancelada;10238227-7;Ana Silva;SI;Piscina 1;Santa Cruz;20000;0;;13/5/25;NO;
;13/11/25;13/11/25 11:00;13/11/25 12:00;cancelada;13775714-1;Luis Contreras;SI;Cancha Futbolito Aire Libre;Santa Cruz;25000;0;;12/11/25;NO;
;18/08/25;18/08/25;27/08/25;reservada;11247006-9;Luis Contreras;NO;Cabaña 15;Santa Cruz;1080000;0;;16/8/25;SI;
;04/12/25;04/12/25;11/12/25;cancelada;21773123-2;Luis Contreras;SI;Cabaña 11;Santiago Centro;840000;0;;2/12/25;NO;
;18/12/25;18/12/25;18/12/25 12:00;cancelada;12927748-3;Juan Perez;SI;Cancha Futbolito Aire Libre;Santiago Centro;25000;0;;14/12/25;SI;rut/fecha
;10/10/;05/10/25;13/10/25;ejecutada;18154120-2;Maria Gonzalez;NO;Cabaña 3 X;La Florida;960000;960000;efectivo;2/10/25;SI;referencia/fecha
;9/12/25;9/12/25 20:00;9/12/25 21:00;ejecutada;19211618-K;Luis Contreras;NO;Salon Eventos 4;Santiago Centro;100000;100000;efectivo;6/12/25;NO;
;20/11/25;20/11/25;30/11/25;ejecutada;9108775-8;Ana Silva;NO;Cabaña 9;Santiago Centro;1200000;1200000;efectivo;17/11/25;NO;
;16/10/25;16/10/25;18/10/25;cancelada;16564154-K;Juan Perez;SI;Cabaña 4;Providencia;240000;0;;16/10/25;NO;
;2/9/25;2/9/25 13:00;2/9/25 14:00;ejecutada;6436217-8;Pedro Rojas;NO;Cancha Padel Aire Libre;Santiago Centro;25000;25000;efectivo;29/8/25;NO;
;19/4/25;19/4/25 21:00;19/4/25 22:00;cancelada;16170965-4;Luis;SI;Piscina 2;Providencia;20000;0;;15/4/25;SI;nombre
;17/11/25;17/11/25;18/11/25;ejecutada;15040048-1;Juan Perez;NO;Cabaña 18 X;Providencia;120000;120000;tarjeta;13/11/25;SI;referencia
;16/11/25;16/11/25 14:00;16/11/25 15:00;cancelada;5137322-7;Juan Perez;NO;Salon Eventos 2;La Florida;100000;0;;16/11/25;NO;
;18/10/25;18/10/25 16:00;18/10/25 17:00;cancelada;17470694-8;Pedro Rojas;SI;Cancha Tenis Aire Libre;Santiago Centro;25000;0;;15/10/25;NO;
;5/2/25;5/2/25 9:00;5/2/25 10:00;reservada;11086191-5;Ana Silva;NO;Cancha Basquetbol Aire Libre;La Florida;25000;0;;5/2/25;NO;
;14/02/25;14/02/25;23/02/25;reservada;22078734-6;Pedro Rojas;NO;Cabaña 8;Santa Cruz;1080000;0;;11/2/25;NO;
;18/03/25;18/03/25;22/03/25;reservada;18647741-3;Ana Silva;NO;Cabaña 18;Santiago Centro;480000;0;;16/3/25;NO;
;19/12/25;19/12/25;23/12/25;ejecutada;20928234-8;Pedro;SI;Cabaña 2;La Florida;480000;480000;efectivo;18/12/25;SI;nombre
;16/05/25;16/05/25;18/05/25;cancelada;9842967-0;Luis Contreras;NO;Cabaña 12;Santa Cruz;240000;0;;11/5/25;NO;
;03/05/25;03/05/25;abc/12/25;cancelada;20672079-4;Juan Perez;NO;Cabaña 20;Providencia;600000;0;;3/5/25;SI;fecha
;05/05/25;05/05/25;10/05/25;ejecutada;13015768-8;Pedro Rojas;NO;Cabaña 16;Santa Cruz;600000;600000;efectivo;5/5/25;NO;
;07/04/25;07/04/25;31/02/25;cancelada;17133976-6;Juan Perez;SI;Cabaña 6;Santa Cruz;840000;0;;5/4/25;SI;fecha
;1/7/25;1/7/25 20:00;1/7/25 21:00;ejecutada;14379507-1;Juan Perez;SI;Cancha Padel Aire Libre;Santa Cruz;25000;25000;transferencia;30/6/25;NO;
;18/04/25;18/04/25;20/04/25;cancelada;5938386-8;Ana Silva;NO;Cabaña 7;La Florida;240000;0;;15/4/25;NO;
;7/1/25;7/1/25 12:00;7/1/25 13:00;ejecutada;23731597-9;Juan Perez;SI;Restaurant 2;La Florida;30000;30000;tarjeta;3/1/25;NO;
;12/01/25;12/01/25;22/01/25;cancelada;20826590-3;Pedro Rojas;NO;Cabaña 4;Providencia;1200000;0;;9/1/25;NO;
;08/10/25;08/10/25;15/10/25;ejecutada;9795239-6;Maria Gonzalez;NO;Cabaña 16;Santiago Centro;840000;840000;tarjeta;5/10/25;NO;
;03/08/25;03/08/25;08/08/25;ejecutada;23876696-6;Luis Contreras;SI;Cabaña 19;Santa Cruz;600000;600000;tarjeta;29/7/25;NO;
;15/8/25;15/8/25 10:00;15/8/25 11:00;cancelada;6626889-6;Pedro Rojas;NO;Restaurant 2;Santiago Centro;30000;0;;13/8/25;NO;
;12/08/25;12/08/25;15/08/25;ejecutada;6835621-0;Luis Contreras;SI;Cabaña 19;Providencia;360000;360000;transferencia;10/8/25;NO;
;5/12/25;5/12/25 10:00;5/12/25 11:00;cancelada;23491307-7;Maria Gonzalez;NO;Cancha Futbolito Techada;Santiago Centro;35000;0;;1/12/25;NO;
;3/9/25;3/9/25 14:00;3/9/25 15:00;cancelada;14155657-6;Pedro Rojas;SI;Piscina 2;Santiago Centro;20000;0;;30/8/25;NO;
;9/7/25;9/7/25 16:00;9/7/25 17:00;reservada;22287381-9;Ana Silva;NO;Cancha Futbolito Techada;Providencia;35000;0;;7/7/25;NO;
;20/03/25;20/03/25;24/03/25;cancelada;19727843-9;Luis Contreras;SI;Cabaña 20;Santa Cruz;480000;0;;18/3/25;NO;
;14/1/25;14/1/25 15:00;14/1/25 16:00;cancelada;15338995-0;Ana Silva;SI;Restaurant 2;Santiago Centro;30000;0;;14/1/25;NO;
;19/04/25;19/04/25;22/04/25;cancelada;18329134-3;Pedro Rojas;SI;Cabaña 3;Santa Cruz;360000;0;;17/4/25;NO;
;7/12/25;7/12/25 18:00;7/12/25 19:00;ejecutada;23250659-8;Maria Gonzalez;NO;Cancha Futbolito Techada;La Florida;35000;35000;tarjeta;4/12/25;NO;
;15/3/25;15/3/25 17:00;15/3/25 18:00;cancelada;6642396-4;Maria Gonzalez;SI;Cancha Tenis Aire Libre;Santa Cruz;25000;0;;10/3/25;NO;
;12/11/25;12/11/25 19:00;12/11/25 20:00;ejecutada;24027614-3;Luis Contreras;SI;Piscina 2;La Florida;20000;20000;tarjeta;12/11/25;NO;
;17/07/25;17/07/25;26/07/25;cancelada;6126625-9;Maria Gonzalez;SI;Cabaña 10;Santa Cruz;1080000;0;;13/7/25;NO;
;16/12/25;16/12/25;17/12/25;cancelada;18242406-4;Ana Silva;SI;Cabaña 1;Providencia;120000;0;;13/12/25;NO;
;04/07/25;04/07/25;13/07/25;cancelada;24945636-5;Ana Silva;NO;Cabaña 2;La Florida;1080000;0;;3/7/25;NO;
;02/09/25;02/09/25;10/09/25;cancelada;6988936-0;Maria Gonzalez;SI;Cabaña 7;Santa Cruz;960000;0;;31/8/25;NO;
;05/02/25;05/02/25;09/02/25;cancelada;20112516-2;Luis Contreras;SI;Cabaña 12;Providencia;480000;0;;1/2/25;NO;
;17/7/25;17/7/25 17:00;17/7/25 18:00;reservada;24002475-6;Luis Contreras;SI;Restaurant 2;Santa Cruz;30000;0;;16/7/25;NO;
;16/04/25;16/04/25;26/04/25;cancelada;7989270-K;Maria Gonzalez;SI;Cabaña 15;Providencia;1200000;0;;13/4/25;NO;
;01/07/25;01/07/25;02/07/25;ejecutada;9087517-5;Pedro Rojas;NO;Cabaña 15;Providencia;120000;120000;transferencia;29/6/25;NO;
;01/05/25;01/05/25;04/05/25;ejecutada;15807009-K;Luis Contreras;NO;Cabaña 20;La Florida;360000;360000;transferencia;26/4/25;NO;
;05/03/25;05/03/25;09/03/25;reservada;20408365-7;Maria Gonzalez;SI;Cabaña 6;Santa Cruz;480000;0;;3/3/25;NO;
;07/03/25;07/03/25;11/03/25;ejecutada;11316654-1;Luis Contreras;NO;Cabaña 19;Santiago Centro;480000;480000;tarjeta;2/3/25;NO;
;12/7/25;12/7/25 12:00;12/7/25 13:00;cancelada;17505864-8;Maria Gonzalez;NO;Cancha Basquetbol Techada;La Florida;35000;0;;12/7/25;NO;
;13/4/25;13/4/25 13:00;13/4/25 14:00;ejecutada;9203394-5;Luis Contreras;SI;Cancha Basquetbol Aire Libre;Santiago Centro;25000;25000;transferencia;9/4/25;NO;
;9/2/25;9/2/25 8:00;9/2/25 9:00;ejecutada;22075434-0;Ana Silva;NO;Cancha Padel Aire Libre;La Florida;25000;25000;efectivo;9/2/25;NO;
;10/02/25;10/02/25;10/10/;cancelada;19048151-4;Ana Silva;NO;Cabaña 11 X;Providencia;840000;0;;10/2/25;SI;referencia/fecha
;06/04/25;06/04/25;12/04/25;cancelada;19052661-5;Maria Gonzalez;SI;Cabaña 4;La Florida;720000;0;;6/4/25;NO;
;03/12/25;03/12/25;13/12/25;cancelada;17213598-6;Pedro Rojas;SI;Cabaña 17;Providencia;1200000;0;;3/12/25;NO;
;06/01/25;06/01/25;15/01/25;cancelada;22746919-6;Maria Gonzalez;NO;Cabaña 18;Santiago Centro;1080000;0;;3/1/25;NO;
;4/6/25;4/6/25 10:00;4/6/25 11:00;cancelada;19727843-9;Luis Contreras;NO;Cancha Tenis Techada;La Florida;35000;0;;4/6/25;NO;
;17/4/25;17/4/25;17/4/25 13:00;reservada;7130867-7;Luis Contreras;SI;Cancha Padel Aire Libre;Santiago Centro;25000;0;;15/4/25;SI;fecha
;13/12/25;13/12/25 17:00;13/12/25 18:00;reservada;11228399-4;Pedro Rojas;SI;Salon Eventos 2;Santiago Centro;100000;0;;8/12/25;NO;
;05/05/25;05/05/25;09/05/25;cancelada;15120266-7;Juan Perez;SI;Cabaña 9;Santa Cruz;480000;0;;3/5/25;NO;
;2/8/25;2/8/25;2/8/25 20:00;ejecutada;20394775-0;Pedro Rojas;SI;Salon Eventos 3;Santiago Centro;100000;100000;tarjeta;1/8/25;SI;rut/fecha
;19/10/25;19/10/25;26/10/25;ejecutada;16304937-6;Juan Perez;SI;Cabaña 5;Santiago Centro;840000;840000;transferencia;17/10/25;NO;
;09/12/25;09/12/25;16/12/25;cancelada;6491083-3;Pedro Rojas;SI;Cabaña 10;Providencia;840000;0;;6/12/25;NO;
;01/08/25;01/08/25;03/08/25;ejecutada;5137322-7;Juan Perez;NO;Cabaña 15;Santa Cruz;240000;240000;transferencia;27/7/25;NO;
;13/02/25;13/02/25;15/02/25;ejecutada;9194484-7;Ana Silva;SI;Cabaña 4;La Florida;240000;240000;tarjeta;10/2/25;NO;
;17/12/25;17/12/25;26/12/25;ejecutada;6491083-3;Pedro Rojas;NO;Cabaña 4;La Florida;1080000;1080000;efectivo;17/12/25;NO;
;15//25;14/11/25;20/11/25;reservada;21162735-9;Juan Perez;SI;Cabaña 15;La Florida;720000;0;;13/11/25;SI;rut/fecha
;12/03/25;12/03/25;15/03/25;cancelada;17049622-1;Pedro Rojas;SI;Cabaña 19;Santa Cruz;360000;0;;7/3/25;NO;
;3/2/25;3/2/25 15:00;3/2/25 16:00;reservada;23388767-6;Juan Perez;NO;Cancha Basquetbol Techada;Santa Cruz;35000;0;;2/2/25;NO;
;08/07/25;08/07/25;10/07/25;cancelada;19208091-6;Maria Gonzalez;SI;Cabaña 13;Santa Cruz;240000;0;;3/7/25;NO;
;16/12/25;16/12/25;18/12/25;reservada;23369020-1;Ana Silva;SI;Cabaña 17;Santiago Centro;240000;0;;14/12/25;NO;
;16/11/25;16/11/25;25/11/25;cancelada;14254375-3;Pedro Rojas;NO;Cabaña 16;Santiago Centro;1080000;0;;12/11/25;NO;
;19/8/25;19/8/25 16:00;19/8/25 17:00;ejecutada;23435811-1;Pedro Rojas;NO;Cancha Tenis Aire Libre;La Florida;25000;25000;efectivo;14/8/25;NO;
;17/2/25;17/2/25 16:00;17/2/25 17:00;ejecutada;9381544-0;Pedro Rojas;NO;Cancha Padel Techada;Providencia;35000;35000;efectivo;13/2/25;NO;
;8/4/25;8/4/25 22:00;8/4/25 23:00;reservada;15530992-K;Luis Contreras;SI;Salon Eventos 1;Santa Cruz;100000;0;;8/4/25;NO;
;8/3/25;8/3/25 17:00;8/3/25 18:00;cancelada;24876542-9;Maria Gonzalez;NO;Salon Eventos 3;Santa Cruz;100000;0;;6/3/25;NO;
;02/07/25;02/07/25;09/07/25;cancelada;7451183-K;Juan Perez;NO;Cabaña 16;Santa Cruz;840000;0;;2/7/25;NO;
;10/09/25;10/09/25;14/09/25;reservada;19344466-0;Juan Perez;NO;Cabaña 2;Santa Cruz;480000;0;;7/9/25;NO;
;19/8/25;19/8/25 15:00;19/8/25 16:00;reservada;20720307-6;Luis Contreras;NO;Salon Eventos 4;Santa Cruz;100000;0;;15/8/25;NO;
;04/08/25;04/08/25;13/08/25;cancelada;16972312-5;Juan Perez;NO;Cabaña 16;Santiago Centro;1080000;0;;1/8/25;NO;
;6/11/25;6/11/25 22:00;6/11/25 23:00;cancelada;11012047-8;Juan Perez;NO;Restaurant 2;La Florida;30000;0;;6/11/25;NO;
;10/09/25;10/09/25;12/09/25;reservada;17503226-6;Juan Perez;SI;Cabaña 8;Santa Cruz;240000;0;;6/9/25;NO;
;14/9/25;14/9/25 20:00;14/9/25 21:00;reservada;22287381-9;Ana Silva;NO;Salon Eventos 2;La Florida;100000;0;;12/9/25;NO;
;11/9/25;11/9/25 20:00;11/9/25 21:00;reservada;16953331-8;Pedro Rojas;SI;Cancha Futbolito Aire Libre;La Florida;25000;0;;6/9/25;NO;
;13/08/25;13/08/25;16/08/25;ejecutada;22256719-K;Ana Silva;NO;Cabaña 13;La Florida;360000;360000;transferencia;10/8/25;NO;
;5/7/25;5/7/25 18:00;5/7/25 19:00;reservada;13006129-K;Pedro Rojas;SI;Salon Eventos 2;La Florida;100000;0;;30/6/25;NO;
;06/04/25;06/04/25;31/02/25;ejecutada;9108775-8;Ana Silva;SI;Cabaña 8 X;Santiago Centro;720000;720000;transferencia;4/4/25;SI;referencia/fecha
;10/11/25;10/11/25;13/11/25;reservada;7715981-9;Luis Contreras;SI;Cabaña 19;La Florida;360000;0;;5/11/25;NO;
;19/06/25;19/06/25;29/06/25;ejecutada;12891005-0;Luis Contreras;SI;Cabaña 4;Santiago Centro;1200000;1200000;transferencia;16/6/25;NO;
;08/09/25;08/09/25;15/09/25;ejecutada;18776636-2;Pedro Rojas;SI;Cabaña 19;La Florida;840000;840000;efectivo;8/9/25;NO;
;19/6/25;19/6/25 9:00;19/6/25 10:00;reservada;10837704-6;Pedro Rojas;NO;Cancha Futbolito Techada;Santiago Centro;35000;0;;16/6/25;NO;
;17/5/25;17/5/25 11:00;17/5/25 12:00;ejecutada;8223654-6;Ana Silva;SI;Salon Eventos 2;Santa Cruz;100000;100000;efectivo;16/5/25;NO;
;7/5/25;7/5/25 20:00;7/5/25 21:00;cancelada;21773123-2;Luis Contreras;NO;Cancha Basquetbol Techada;Santa Cruz;35000;0;;7/5/25;NO;
;8/6/25;8/6/25 22:00;8/6/25 23:00;ejecutada;23503123-K;Ana Silva;NO;Cancha Padel Techada;Santiago Centro;35000;35000;tarjeta;5/6/25;NO;
;20/12/25;20/12/25 19:00;20/12/25 20:00;ejecutada;21349217-9;Luis Contreras;NO;Cancha Basquetbol Aire Libre;La Florida;25000;25000;efectivo;16/12/25;NO;
;3/6/25;3/6/25 10:00;3/6/25 11:00;reservada;11984768-0;Luis Contreras;NO;Cancha Futbolito Techada;Santa Cruz;35000;0;;3/6/25;NO;
;20/08/25;20/08/25;27/08/25;ejecutada;8409701-2;Pedro Rojas;NO;Cabaña 1;Providencia;840000;840000;tarjeta;18/8/25;NO;
;1/9/25;1/9/25 20:00;1/9/25 21:00;ejecutada;9108775-8;Ana Silva;SI;Salon Eventos 3;Santa Cruz;100000;100000;tarjeta;30/8/25;NO;
;09/11/25;09/11/25;14/11/25;cancelada;21452115-6;Pedro Rojas;NO;Cabaña 15;Providencia;600000;0;;7/11/25;NO;
;15/11/25;15/11/25 9:00;15/11/25 10:00;cancelada;18646254-8;Pedro Rojas;SI;Cancha Futbolito Techada;Providencia;35000;0;;14/11/25;NO;
;04/10/25;04/10/25;06/10/25;reservada;6085414-9;Maria Gonzalez;NO;Cabaña 11;Providencia;240000;0;;3/10/25;NO;
;2/6/25;2/6/25 9:00;2/6/25 10:00;reservada;19544570-2;Maria Gonzalez;SI;Piscina 1;Providencia;20000;0;;29/5/25;NO;
;12/12/25;12/12/25 18:00;12/12/25 19:00;ejecutada;18467664-8;Pedro Rojas;NO;Cancha Padel Techada;Santiago Centro;35000;35000;transferencia;7/12/25;NO;
;7/9/25;7/9/25 21:00;7/9/25 22:00;reservada;20194778-2;Ana Silva;SI;Cancha Padel Techada;Santiago Centro;35000;0;;7/9/25;NO;
;8/1/25;8/1/25 11:00;8/1/25 12:00;ejecutada;19211618-K;Luis Contreras;SI;Cancha Tenis Aire Libre;Santiago Centro;25000;25000;transferencia;7/1/25;NO;
;17/03/25;17/03/25;25/03/25;reservada;17931290-9;Juan Perez;NO;Cabaña 18;La Florida;960000;0;;13/3/25;SI;rut
;19/05/25;19/05/25;20/05/25;ejecutada;12578522-0;Ana Silva;SI;Cabaña 10;Santiago Centro;120000;120000;efectivo;14/5/25;NO;
;10/07/25;10/07/25;20/07/25;cancelada;7416582-6;Pedro Rojas;NO;Cabaña 6;Santa Cruz;1200000;0;;6/7/25;NO;
;13/1/25;13/1/25 21:00;13/1/25 22:00;reservada;5137322-7;Juan Perez;NO;Cancha Tenis Aire Libre;La Florida;25000;0;;8/1/25;NO;
;16/4/25;16/4/25 10:00;16/4/25 11:00;reservada;16253483-1;Maria Gonzalez;NO;Salon Eventos 3;Providencia;100000;0;;16/4/25;NO;
;8/9/25;8/9/25 18:00;8/9/25 19:00;cancelada;10949220-5;Maria Gonzalez;NO;Cancha Padel Techada;Santa Cruz;35000;0;;8/9/25;NO;
;14/5/25;14/5/25 13:00;14/5/25 14:00;ejecutada;6642396-4;Maria Gonzalez;NO;Restaurant 1;Providencia;30000;30000;tarjeta;13/5/25;NO;
;06/10/25;06/10/25;07/10/25;cancelada;11521745-3;Ana Silva;NO;Cabaña 6;Santiago Centro;120000;0;;5/10/25;NO;
;16/08/25;16/08/25;19/08/25;cancelada;12887828-9;Maria Gonzalez;SI;Cabaña 18;Santiago Centro;360000;0;;15/8/25;NO;
;05/01/25;05/01/25;12/01/25;cancelada;20078438-3;Ana Silva;SI;Cabaña 12;La Florida;840000;0;;31/12/24;NO;
;10/04/25;10/04/25;11/04/25;ejecutada;23503123-K;Ana Silva;SI;Cabaña 8;La Florida;120000;120000;transferencia;9/4/25;NO;
;16/9/25;16/9/25 20:00;16/9/25 21:00;ejecutada;24945636-5;Ana Silva;SI;Salon Eventos 2;La Florida;100000;100000;efectivo;14/9/25;NO;
;7/9/25;7/9/25 20:00;7/9/25 21:00;ejecutada;22078734-6;Pedro Rojas;SI;Salon Eventos 4;Santa Cruz;100000;100000;efectivo;4/9/25;NO;
;4/3/25;4/3/25 22:00;4/3/25 23:00;cancelada;10145466-5;Pedro Rojas;SI;Piscina 2;Providencia;20000;0;;4/3/25;NO;
;4/3/25;4/3/25 13:00;4/3/25 14:00;cancelada;20997181-K;Juan Perez;SI;Restaurant 1;Providencia;30000;0;;27/2/25;NO;
;11/6/25;11/6/25 10:00;11/6/25 11:00;ejecutada;13914038-9;Luis Contreras;SI;Restaurant 2;La Florida;30000;30000;efectivo;6/6/25;NO;
;4/2/25;4/2/25 13:00;4/2/25 14:00;cancelada;6988936-0;Maria Gonzalez;SI;Cancha Padel Aire Libre;Santiago Centro;25000;0;;3/2/25;NO;
;7/10/25;7/10/25 12:00;7/10/25 13:00;reservada;15585247-K;Pedro Rojas;SI;Salon Eventos 2;La Florida;100000;0;;5/10/25;NO;
;17/08/25;17/08/25;23/08/25;ejecutada;19727843-9;Luis Contreras;NO;Cabaña 8;Santiago Centro;720000;720000;tarjeta;17/8/25;NO;
;15/8/25;15/8/25 20:00;15/8/25 21:00;reservada;23433621-5;Maria Gonzalez;SI;Cancha Tenis Aire Libre;La Florida;25000;0;;14/8/25;SI;
;17/05/25;17/05/25;26/05/25;cancelada;16968310-7;Luis Contreras;NO;Cabaña 16;Santiago Centro;1080000;0;;16/5/25;NO;
;abc/12/25;06/02/25;15/02/25;ejecutada;24002213-3;Juan Perez;SI;Cabaña 16;Santiago Centro;1080000;1080000;efectivo;2/2/25;SI;fecha
;12/07/25;12/07/25;14/07/25;reservada;19052661-5;Maria Gonzalez;NO;Cabaña 11;Providencia;240000;0;;7/7/25;NO;
;18/01/25;18/01/25;25/01/25;cancelada;15585247-K;Pedro Rojas;NO;Cabaña 14;La Florida;840000;0;;15/1/25;NO;
;04/05/25;04/05/25;13/05/25;ejecutada;11414686-2;Maria Gonzalez;SI;Cabaña 13;La Florida;1080000;1080000;efectivo;1/5/25;SI;
;01/11/25;01/11/25;03/11/25;ejecutada;8701823-7;Luis Contreras;NO;Cabaña 16;La Florida;240000;240000;transferencia;27/10/25;NO;
;6/12/25;6/12/25 19:00;6/12/25 20:00;ejecutada;24635453-7;Juan Perez;NO;Salon Eventos 4;Providencia;100000;100000;transferencia;4/12/25;NO;
;15/12/25;15/12/25 19:00;15/12/25 20:00;ejecutada;21156024-K;Maria Gonzalez;SI;Restaurant 1;Providencia;30000;30000;tarjeta;11/12/25;NO;
;06/08/25;06/08/25;09/08/25;ejecutada;20112516-2;Luis Contreras;NO;Cabaña 15;Providencia;360000;360000;efectivo;4/8/25;NO;
;12/5/25;12/5/25 11:00;12/5/25 12:00;cancelada;6512346-0;Maria Gonzalez;NO;Cancha Futbolito Techada;Providencia;35000;0;;12/5/25;NO;
;10/11/25;10/11/25;17/11/25;cancelada;21351051-7;Ana Silva;SI;Cabaña 17;La Florida;840000;0;;7/11/25;NO;
;5/7/25;5/7/25 11:00;5/7/25 12:00;reservada;6442121-2;Pedro Rojas;SI;Cancha Futbolito Aire Libre;Providencia;25000;0;;3/7/25;NO;
;1/6/25;1/6/25 9:00;1/6/25 10:00;cancelada;19544570-2;Maria Gonzalez;NO;Salon Eventos 1;La Florida;100000;0;;28/5/25;NO;
;13/04/25;13/04/25;22/04/25;cancelada;11247006-9;Luis Contreras;SI;Cabaña 15;La Florida;1080000;0;;11/4/25;NO;
;5/5/25;5/5/25 16:00;5/5/25 17:00;ejecutada;22256719-K;Ana Silva;NO;Cancha Tenis Aire Libre;La Florida;25000;25000;efectivo;1/5/25;NO;
;08/11/25;08/11/25;16/11/25;ejecutada;10701066-1;Maria Gonzalez;SI;Cabaña 16;Santa Cruz;960000;960000;transferencia;5/11/25;NO;
;05/10/25;05/10/25;08/10/25;ejecutada;12313678-0;Juan Perez;NO;Cabaña 1;Santa Cruz;360000;360000;transferencia;5/10/25;NO;
;06/09/25;06/09/25;14/09/25;cancelada;17911506-9;Pedro Rojas;SI;Cabaña 3;La Florida;960000;0;;1/9/25;NO;
;16/11/25;16/11/25 17:00;16/11/25 18:00;reservada;24795565-8;Luis Contreras;NO;Cancha Tenis Aire Libre;La Florida;25000;0;;11/11/25;NO;
;14/1/25;14/1/25 16:00;14/1/25 17:00;ejecutada;15807009-K;Luis Contreras;NO;Cancha Tenis Aire Libre;La Florida;25000;25000;tarjeta;13/1/25;NO;
;20/11/25;20/11/25 16:00;20/11/25 17:00;reservada;11984768-0;Luis Contreras;SI;Cancha Tenis Aire Libre X;Santiago Centro;25000;0;;18/11/25;SI;referencia
;15/12/25;15/12/25;16/12/25;cancelada;16253483-1;Maria Gonzalez;NO;Cabaña 18;La Florida;120000;0;;13/12/25;NO;
;9/9/25;9/9/25 10:00;9/9/25 11:00;ejecutada;22075434-0;Ana Silva;SI;Cancha Futbolito Aire Libre;Santa Cruz;25000;25000;tarjeta;6/9/25;NO;
;19/08/25;abc/12/25;27/08/25;reservada;11483413-0;Ana Silva;NO;Cabaña 9 X;Santiago Centro;960000;0;;16/8/25;SI;referencia/fecha
;13/11/25;13/11/25 19:00;13/11/25 20:00;ejecutada;19484029-2;Luis Contreras;NO;Salon Eventos 2;Santa Cruz;100000;100000;transferencia;12/11/25;NO;
;14/12/25;14/12/25;21/12/25;reservada;18876546-7;Juan Perez;SI;Cabaña 8;Santiago Centro;840000;0;;13/12/25;NO;
;19/06/25;19/06/25;27/06/25;ejecutada;24949712-6;Luis Contreras;NO;Cabaña 18;Santiago Centro;960000;960000;tarjeta;14/6/25;NO;
;06/11/25;06/11/25;10/11/25;cancelada;21783745-6;Maria Gonzalez;SI;Cabaña 8;La Florida;480000;0;;5/11/25;NO;
;16/9/25;16/9/25 20:00;16/9/25 21:00;reservada;7479790-3;Luis Contreras;SI;Salon Eventos 2;Santiago Centro;100000;0;;15/9/25;NO;
;19/7/25;19/7/25 18:00;19/7/25 19:00;reservada;20727566-2;Juan Perez;SI;Piscina 1;Providencia;20000;0;;14/7/25;NO;
;14/05/25;14/05/25;20/05/25;cancelada;5779517-4;Luis;NO;Cabaña 4;Providencia;720000;0;;12/5/25;SI;nombre
;14/11/25;14/11/25;20/11/25;cancelada;16889614-K;Pedro Rojas;SI;Cabaña 8;Providencia;720000;0;;14/11/25;NO;
;10/1/25;10/1/25 11:00;10/1/25 12:00;reservada;23457711-5;Luis Contreras;SI;Piscina 2;Santiago Centro;20000;0;;10/1/25;NO;
;4/10/25;4/10/25 8:00;4/10/25 9:00;reservada;12922397-9;Maria Gonzalez;SI;Restaurant 2;Santiago Centro;30000;0;;29/9/25;NO;
;12/3/25;12/3/25 21:00;12/3/25 22:00;cancelada;11521745-3;Ana Silva;SI;Salon Eventos 1;Providencia;100000;0;;11/3/25;NO;
;04/02/25;04/02/25;12/02/25;cancelada;15941454-K;Pedro Rojas;NO;Cabaña 8;Santiago Centro;960000;0;;30/1/25;NO;
;15//25;04/07/25;11/07/25;reservada;15838325-K;Maria Gonzalez;SI;Cabaña 2 X;La Florida;840000;0;;2/7/25;SI;referencia/fecha
;14/04/25;14/04/25;18/04/25;reservada;17470694-8;Pedro Rojas;SI;Cabaña 1;La Florida;480000;0;;13/4/25;NO;
;8/8/25;8/8/25 10:00;8/8/25 11:00;reservada;17453904-9;Ana Silva;SI;Cancha Futbolito Techada;La Florida;35000;0;;7/8/25;NO;
;4/2/25;4/2/25;4/2/25 12:00;reservada;16657576-1;Luis Contreras;NO;Cancha Basquetbol Aire Libre;Santiago Centro;25000;0;;31/1/25;SI;fecha
;19/5/25;19/5/25 8:00;19/5/25 9:00;ejecutada;12730200-6;Maria Gonzalez;NO;Salon Eventos 4;Santiago Centro;100000;100000;efectivo;16/5/25;NO;
;15/6/25;15/6/25 9:00;15/6/25 10:00;ejecutada;13761426-K;Maria Gonzalez;NO;Piscina 2;La Florida;20000;20000;efectivo;11/6/25;NO;
;18/08/25;18/08/25;23/08/25;ejecutada;5779517-4;Luis Contreras;SI;Cabaña 14;Providencia;600000;600000;tarjeta;16/8/25;NO;
;03/09/25;03/09/25;10/09/25;ejecutada;9813420-4;Maria Gonzalez;NO;Cabaña 8;Santiago Centro;840000;840000;transferencia;1/9/25;NO;
;9/2/25;9/2/25 13:00;9/2/25 14:00;ejecutada;11541623-5;Maria Gonzalez;NO;Cancha Basquetbol Aire Libre;Santiago Centro;25000;25000;transferencia;8/2/25;NO;
;16/03/25;16/03/25;24/03/25;reservada;16479158-0;Pedro Rojas;NO;Cabaña 16 X;La Florida;960000;0;;15/3/25;SI;referencia
;19/11/25;19/11/25 13:00;19/11/25 14:00;reservada;21554696-9;Maria Gonzalez;SI;Cancha Padel Aire Libre;La Florida;25000;0;;17/11/25;NO;
;5/7/25;5/7/25 13:00;5/7/25 14:00;ejecutada;20928234-8;Pedro Rojas;NO;Salon Eventos 3;Providencia;100000;100000;tarjeta;30/6/25;NO;
;12/3/25;12/3/25 13:00;12/3/25 14:00;ejecutada;18154120-2;Maria Gonzalez;SI;Piscina 1;Santiago Centro;20000;20000;tarjeta;9/3/25;NO;
;18/3/25;18/3/25 11:00;18/3/25 12:00;cancelada;16848416-1;Ana Silva;NO;Salon Eventos 1;Santa Cruz;100000;0;;13/3/25;SI;rut
;9/12/25;9/12/25 20:00;9/12/25 21:00;ejecutada;21156024-K;Maria Gonzalez;SI;Cancha Padel Techada;La Florida;35000;35000;transferencia;5/12/25;NO;
;8/7/25;8/7/25 11:00;8/7/25 12:00;reservada;16253483-1;Maria Gonzalez;NO;Cancha Tenis Techada;La Florida;35000;0;;7/7/25;NO;
;13/5/25;13/5/25 21:00;13/5/25 22:00;cancelada;10934689-6;Pedro Rojas;SI;Restaurant 2;Providencia;30000;0;;13/5/25;NO;
;06/06/25;06/06/25;13/06/25;reservada;15795747-3;Ana Silva;SI;Cabaña 16;Santa Cruz;840000;0;;1/6/25;NO;
;19/11/25;19/11/25 20:00;19/11/25 21:00;reservada;5854603-8;Luis Contreras;NO;Cancha Basquetbol Aire Libre;La Florida;25000;0;;14/11/25;NO;
;12/03/25;12/03/25;14/03/25;reservada;9571085-9;Juan Perez;NO;Cabaña 19;La Florida;240000;0;;10/3/25;NO;
;05/07/25;05/07/25;06/07/25;ejecutada;16550967-6;Ana Silva;SI;Cabaña 5;Providencia;120000;120000;efectivo;3/7/25;NO;
;11/8/25;11/8/25 16:00;11/8/25 17:00;ejecutada;7106046-2;Maria Gonzalez;SI;Piscina 2 X;Santa Cruz;20000;20000;transferencia;8/8/25;SI;referencia
;10/09/25;10/09/25;17/09/25;ejecutada;9843733-9;Maria Gonzalez;NO;Cabaña 10;Santiago Centro;840000;840000;efectivo;10/9/25;NO;
;13/6/25;13/6/25 9:00;13/6/25 10:00;ejecutada;12453493-3;Juan Perez;NO;Restaurant 1;Providencia;30000;30000;transferencia;9/6/25;NO;
;12/08/25;12/08/25;20/08/25;cancelada;15807009-K;Luis Contreras;SI;Cabaña 14;Santa Cruz;960000;0;;10/8/25;NO;
;02/07/25;02/07/25;10/07/25;ejecutada;14756759-6;Juan Perez;SI;Cabaña 19;La Florida;960000;960000;transferencia;27/6/25;NO;
;17/05/25;17/05/25;18/05/25;cancelada;13534305-6;Juan Perez;NO;Cabaña 10;Santiago Centro;120000;0;;15/5/25;NO;
;3/6/25;3/6/25 16:00;3/6/25 17:00;cancelada;23849659-4;Maria Gonzalez;SI;Salon Eventos 1;Santiago Centro;100000;0;;1/6/25;NO;
;06/05/25;06/05/25;08/05/25;ejecutada;22108526-4;Ana Silva;NO;Cabaña 4;Santa Cruz;240000;240000;tarjeta;4/5/25;NO;
;14/05/25;abc/12/25;23/05/25;ejecutada;22966221-K;Maria Gonzalez;SI;Cabaña 17;Santa Cruz;1080000;1080000;efectivo;12/5/25;SI;fecha
;15/2/25;15/2/25 22:00;15/2/25 23:00;reservada;8722237-3;Juan Perez;NO;Salon Eventos 1;Santiago Centro;100000;0;;13/2/25;NO;
;16/12/25;16/12/25;22/12/25;reservada;18616868-2;Luis Contreras;NO;Cabaña 4;La Florida;720000;0;;15/12/25;NO;
;05/12/25;05/12/25;11/12/25;cancelada;5137322-7;Juan Perez;NO;Cabaña 12;Santiago Centro;720000;0;;1/12/25;NO;
;20/09/25;20/09/25;22/09/25;ejecutada;17931290-5;Juan Perez;SI;Cabaña 1;Santa Cruz;240000;240000;transferencia;15/9/25;NO;
;11/12/25;11/12/25 18:00;11/12/25 19:00;cancelada;5645014-9;Pedro Rojas;NO;Cancha Futbolito Aire Libre;Providencia;25000;0;;6/12/25;NO;
;20/02/25;20/02/25;23/02/25;reservada;24740663-8;Luis;NO;Cabaña 17;Providencia;360000;0;;17/2/25;SI;nombre
;09/11/25;09/11/25;10/11/25;cancelada;5757659-6;Pedro Rojas;SI;Cabaña 17;Santa Cruz;120000;0;;8/11/25;NO;
;18/12/25;18/12/25;28/12/25;ejecutada;18843742-7;Pedro Rojas;SI;Cabaña 20;Santiago Centro;1200000;1200000;tarjeta;18/12/25;NO;
;13/1/25;13/1/25;13/1/25 9:00;ejecutada;12568147-6;Ana Silva;NO;Salon Eventos 2 X;La Florida;100000;100000;tarjeta;13/1/25;SI;referencia/fecha
;16/09/25;16/09/25;17/09/25;ejecutada;16276138-2;Ana Silva;SI;Cabaña 19;Santa Cruz;120000;120000;efectivo;15/9/25;NO;
;17/2/25;17/2/25;17/2/25 16:00;reservada;10478754-1;Pedro Rojas;SI;Restaurant 1;Providencia;30000;0;;12/2/25;SI;fecha
;02/05/25;02/05/25;08/05/25;reservada;20859114-2;Luis Contreras;NO;Cabaña 7;La Florida;720000;0;;30/4/25;NO;
;19/03/25;19/03/25;23/03/25;reservada;23731597-9;Juan Perez;SI;Cabaña 11;Providencia;480000;0;;17/3/25;NO;
;11/10/25;11/10/25;19/10/25;reservada;14756759-3;Juan Perez;SI;Cabaña 13;La Florida;960000;0;;8/10/25;SI;rut
;10/11/25;10/11/25;19/11/25;ejecutada;10234889-3;Pedro Rojas;SI;Cabaña 10;Santa Cruz;1080000;1080000;tarjeta;8/11/25;NO;
;07/12/25;07/12/25;12/12/25;reservada;17623443-1;Maria Gonzalez;SI;Cabaña 13;Providencia;600000;0;;3/12/25;NO;
;05/07/25;05/07/25;14/07/25;ejecutada;7781298-9;Pedro Rojas;NO;Cabaña 6;Santiago Centro;1080000;1080000;tarjeta;4/7/25;NO;
;17/8/25;17/8/25 15:00;17/8/25 16:00;ejecutada;6559917-1;Maria Gonzalez;NO;Cancha Basquetbol Aire Libre;Santiago Centro;25000;25000;efectivo;16/8/25;NO;
;20/12/25;20/12/25;22/12/25;reservada;12568147-6;Ana Silva;NO;Cabaña 20;La Florida;240000;0;;19/12/25;NO;
;11/05/25;11/05/25;14/05/25;reservada;5779517-4;Luis Contreras;SI;Cabaña 14;Providencia;360000;0;;10/5/25;NO;
;16/04/25;16/04/25;23/04/25;reservada;10464361-2;Luis Contreras;NO;Cabaña 5;La Florida;840000;0;;12/4/25;NO;
;17/01/25;17/01/25;19/01/25;reservada;6504014-K;Luis Contreras;NO;Cabaña 13;La Florida;240000;0;;17/1/25;NO;
;01/08/25;01/08/25;07/08/25;ejecutada;6126593-7;Juan Perez;NO;Cabaña 18;Providencia;720000;720000;transferencia;27/7/25;NO;
;09/07/25;09/07/25;16/07/25;ejecutada;20394775-5;Pedro Rojas;SI;Cabaña 5;La Florida;840000;840000;transferencia;8/7/25;NO;
;09/04/25;09/04/25;19/04/25;reservada;15293763-6;Luis Contreras;SI;Cabaña 4;Providencia;1200000;0;;6/4/25;NO;
;05/09/25;05/09/25;13/09/25;reservada;16949045-7;Luis Contreras;SI;Cabaña 18;Providencia;960000;0;;31/8/25;NO;
;03/06/25;03/06/25;05/06/25;ejecutada;24132013-8;Pedro Rojas;NO;Cabaña 19;Santa Cruz;240000;240000;transferencia;29/5/25;NO;
;13/6/25;13/6/25 15:00;13/6/25 16:00;cancelada;22863706-8;Luis Contreras;SI;Salon Eventos 2;La Florida;100000;0;;11/6/25;NO;
;13/11/25;13/11/25;21/11/25;reservada;22703981-7;Juan Perez;NO;Cabaña 17;La Florida;960000;0;;11/11/25;NO;
;16/12/25;16/12/25 10:00;16/12/25 11:00;ejecutada;7106046-2;Maria Gonzalez;SI;Salon Eventos 1;La Florida;100000;100000;tarjeta;12/12/25;NO;
;14/06/25;14/06/25;15/06/25;reservada;22512308-K;Pedro Rojas;SI;Cabaña 12;Santiago Centro;120000;0;;14/6/25;NO;
;4/4/25;4/4/25 19:00;4/4/25 20:00;reservada;17674128-7;Pedro Rojas;NO;Salon Eventos 1;Providencia;100000;0;;3/4/25;NO;
;08/11/25;08/11/25;12/11/25;cancelada;11121655-K;Juan;NO;Cabaña 4;La Florida;480000;0;;7/11/25;SI;nombre
;08/02/25;08/02/25;10/02/25;cancelada;16114575-0;Luis Contreras;NO;Cabaña 18;Santiago Centro;240000;0;;5/2/25;NO;
;08/03/25;08/03/25;15/03/25;cancelada;18467664-8;Pedro Rojas;SI;Cabaña 11;Providencia;840000;0;;4/3/25;NO;
;10/4/25;10/4/25 20:00;10/4/25 21:00;reservada;19631766-K;Maria Gonzalez;NO;Cancha Padel Techada;La Florida;35000;0;;10/4/25;NO;
;11/11/25;11/11/25 17:00;11/11/25 18:00;ejecutada;23302730-8;Maria Gonzalez;NO;Cancha Basquetbol Aire Libre;La Florida;25000;25000;efectivo;11/11/25;NO;
;1/5/25;1/5/25 9:00;1/5/25 10:00;reservada;22966221-K;Maria Gonzalez;NO;Salon Eventos 4;Providencia;100000;0;;30/4/25;NO;
;8/9/25;8/9/25 20:00;8/9/25 21:00;reservada;7735551-0;Ana Silva;SI;Cancha Tenis Techada;Santa Cruz;35000;0;;4/9/25;NO;
;20/05/25;20/05/25;23/05/25;reservada;16759872-2;Ana Silva;SI;Cabaña 15;Providencia;360000;0;;18/5/25;NO;
;9/5/25;9/5/25 11:00;9/5/25 12:00;reservada;9203394-5;Luis Contreras;SI;Cancha Basquetbol Aire Libre;Santiago Centro;25000;0;;5/5/25;NO;
;02/08/25;02/08/25;12/08/25;reservada;17820790-3;Juan Perez;NO;Cabaña 15;Santa Cruz;1200000;0;;30/7/25;NO;
;16/05/25;16/05/25;26/05/25;cancelada;13734270-7;Luis Contreras;SI;Cabaña 7;Santiago Centro;1200000;0;;12/5/25;NO;
;03/06/25;03/06/25;12/06/25;reservada;10120385-9;Maria Gonzalez;NO;Cabaña 15;Santiago Centro;1080000;0;;29/5/25;NO;
;18/11/25;18/11/25;18/11/25 16:00;cancelada;11218435-K;Luis Contreras;SI;Salon Eventos 4 X;Santa Cruz;100000;0;;13/11/25;SI;referencia/fecha
;08/12/25;08/12/25;10/12/25;cancelada;18647741-3;Ana Silva;SI;Cabaña 15;Santa Cruz;240000;0;;6/12/25;NO;
;1/6/25;1/6/25 18:00;1/6/25 19:00;reservada;24795565-8;Luis Contreras;SI;Cancha Futbolito Techada;Providencia;35000;0;;1/6/25;NO;
;03/01/25;03/01/25;08/01/25;cancelada;10992904-2;Luis Contreras;SI;Cabaña 13;Santa Cruz;600000;0;;1/1/25;NO;
;11/09/25;11/09/25;21/09/25;cancelada;11277963-9;Juan Perez;NO;Cabaña 3;Santa Cruz;1200000;0;;10/9/25;NO;
;7/3/25;7/3/25 12:00;7/3/25 13:00;reservada;24945636-5;Ana Silva;SI;Restaurant 1;La Florida;30000;0;;7/3/25;NO;
;20/05/25;20/05/25;27/05/25;ejecutada;21162735-2;Juan Perez;NO;Cabaña 18;Providencia;840000;840000;tarjeta;16/5/25;NO;
;13/08/25;13/08/25;20/08/25;ejecutada;22381571-5;Juan Perez;NO;Cabaña 16;Santa Cruz;840000;840000;efectivo;12/8/25;NO;
;5/8/25;5/8/25 16:00;5/8/25 17:00;cancelada;13775714-1;Luis Contreras;SI;Cancha Tenis Techada;Santa Cruz;35000;0;;31/7/25;NO;
;01/02/25;01/02/25;08/02/25;ejecutada;23939713-1;Pedro Rojas;NO;Cabaña 19;Santa Cruz;840000;840000;efectivo;30/1/25;NO;
;01/08/25;01/08/25;07/08/25;cancelada;24765561-1;Juan Perez;NO;Cabaña 18;Santiago Centro;720000;0;;1/8/25;NO;
;12/02/25;31/02/25;15/02/25;reservada;6946141-0;Ana Silva;SI;Cabaña 18;Santa Cruz;360000;0;;8/2/25;SI;rut/fecha
;12/08/25;12/08/25;21/08/25;cancelada;21099442-4;Luis Contreras;NO;Cabaña 3;Providencia;1080000;0;;8/8/25;NO;
;12/02/25;12/02/25;17/02/25;ejecutada;5427877-2;Juan Perez;NO;Cabaña 4;Santiago Centro;600000;600000;efectivo;11/2/25;NO;
;07/05/25;07/05/25;13/05/25;cancelada;13224751-K;Luis Contreras;NO;Cabaña 6;Santa Cruz;720000;0;;3/5/25;NO;
;15/02/25;15/02/25;24/02/25;cancelada;6858349-7;Luis Contreras;SI;Cabaña 1;La Florida;1080000;0;;14/2/25;NO;
;12/01/25;/05/25;18/01/25;cancelada;12192627-4;Pedro Rojas;NO;Cabaña 7;Providencia;720000;0;;10/1/25;SI;rut/fecha
;16/02/25;16/02/25;24/02/25;cancelada;20928234-8;Pedro Rojas;SI;Cabaña 16;Santiago Centro;960000;0;;12/2/25;NO;
;14/12/25;14/12/25;16/12/25;reservada;8356612-4;Pedro Rojas;SI;Cabaña 17 X;La Florida;240000;0;;9/12/25;SI;referencia
;07/10/25;07/10/25;16/10/25;cancelada;16170965-4;Luis Contreras;NO;Cabaña 1;Santa Cruz;1080000;0;;5/10/25;NO;
;10/12/25;10/12/25;18/12/25;ejecutada;5427877-2;Juan Perez;NO;Cabaña 8;Providencia;960000;960000;efectivo;7/12/25;NO;
;1/11/25;1/11/25 16:00;1/11/25 17:00;cancelada;13203913-5;Maria Gonzalez;NO;Piscina 1;Santiago Centro;20000;0;;30/10/25;NO;
;03/07/25;03/07/25;11/07/25;cancelada;5350796-4;Luis Contreras;SI;Cabaña 8;Santa Cruz;960000;0;;3/7/25;NO;
;13/10/25;13/10/25 20:00;13/10/25 21:00;reservada;7812836-4;Pedro Rojas;NO;Cancha Futbolito Aire Libre;Santiago Centro;25000;0;;11/10/25;NO;
;15/7/25;15/7/25 12:00;15/7/25 13:00;reservada;10145466-5;Pedro Rojas;NO;Salon Eventos 2;La Florida;100000;0;;11/7/25;NO;
;18/06/25;18/06/25;23/06/25;cancelada;13006129-K;Pedro Rojas;SI;Cabaña 10;Providencia;600000;0;;16/6/25;NO;
;7/11/25;7/11/25 22:00;7/11/25 23:00;reservada;13534305-6;Juan Perez;NO;Salon Eventos 3;Providencia;100000;0;;2/11/25;NO;
;5/4/25;5/4/25 9:00;5/4/25 10:00;reservada;7544276-9;Maria Gonzalez;SI;Cancha Futbolito Techada;Santa Cruz;35000;0;;31/3/25;NO;
;16/5/25;16/5/25 14:00;16/5/25 15:00;ejecutada;19652678-1;Juan Perez;SI;Restaurant 1;La Florida;30000;30000;efectivo;14/5/25;NO;
;4/5/25;4/5/25 9:00;4/5/25 10:00;cancelada;21841410-9;Juan Perez;SI;Salon Eventos 3;La Florida;100000;0;;2/5/25;NO;
;10/12/25;10/12/25 20:00;10/12/25 21:00;ejecutada;7686256-8;Luis Contreras;NO;Cancha Tenis Techada;Santiago Centro;35000;35000;transferencia;10/12/25;SI;rut
;15/11/25;15/11/25 22:00;15/11/25 23:00;reservada;16848416-K;Ana Silva;NO;Piscina 1;Santa Cruz;20000;0;;14/11/25;NO;
;17/1/25;17/1/25 10:00;17/1/25 11:00;ejecutada;5643136-5;Juan Perez;SI;Salon Eventos 3;La Florida;100000;100000;tarjeta;17/1/25;NO;
;10/11/25;10/11/25 13:00;10/11/25 14:00;ejecutada;13288053-0;Luis Contreras;SI;Cancha Futbolito Aire Libre;La Florida;25000;25000;transferencia;5/11/25;NO;
;6/5/25;6/5/25 13:00;6/5/25 14:00;cancelada;15345989-4;Pedro Rojas;NO;Cancha Padel Aire Libre;Providencia;25000;0;;6/5/25;NO;
;19/3/25;19/3/25 15:00;19/3/25 16:00;ejecutada;19484029-2;Luis Contreras;SI;Cancha Basquetbol Aire Libre;Santa Cruz;25000;25000;transferencia;14/3/25;NO;
;14/6/25;14/6/25 11:00;14/6/25 12:00;cancelada;12353825-0;Ana Silva;SI;Restaurant 2;La Florida;30000;0;;12/6/25;NO;
;17/11/25;17/11/25;22/11/25;cancelada;20997181-K;Juan Perez;NO;Cabaña 18;Santiago Centro;600000;0;;14/11/25;NO;
;9/2/25;9/2/25 8:00;9/2/25 9:00;reservada;15505875-7;Pedro Rojas;SI;Cancha Basquetbol Aire Libre;La Florida;25000;0;;6/2/25;NO;
;11/10/25;11/10/25;14/10/25;reservada;23804418-9;Ana Silva;NO;Cabaña 7;La Florida;360000;0;;8/10/25;NO;
;14/08/25;14/08/25;23/08/25;ejecutada;15600733-1;Luis Contreras;SI;Cabaña 20;Santa Cruz;1080000;1080000;tarjeta;12/8/25;NO;
;11/7/25;11/7/25 8:00;11/7/25 9:00;reservada;5135966-6;Pedro Rojas;NO;Restaurant 1;La Florida;30000;0;;8/7/25;NO;
;20/06/25;20/06/25;30/06/25;ejecutada;24639890-9;Luis Contreras;SI;Cabaña 6 X;Providencia;1200000;1200000;transferencia;20/6/25;SI;referencia
;16/9/25;16/9/25 9:00;16/9/25 10:00;ejecutada;21821683-8;Maria Gonzalez;SI;Restaurant 2;Providencia;30000;30000;efectivo;13/9/25;NO;
;16/04/25;16/04/25;25/04/25;ejecutada;13532015-3;Luis Contreras;NO;Cabaña 18;Providencia;1080000;1080000;transferencia;13/4/25;SI;
;15/11/25;15/11/25;19/11/25;cancelada;22078734-6;Pedro Rojas;NO;Cabaña 6;La Florida;480000;0;;10/11/25;NO;
;16/12/25;16/12/25;26/12/25;ejecutada;24179315-K;Luis Contreras;NO;Cabaña 16;Providencia;1200000;1200000;tarjeta;16/12/25;NO;
;09/01/25;09/01/25;17/01/25;cancelada;20642956-9;Ana Silva;SI;Cabaña 11;La Florida;960000;0;;4/1/25;NO;
;18/3/25;18/3/25 14:00;18/3/25 15:00;ejecutada;16741872-4;Maria Gonzalez;SI;Salon Eventos 3;Santa Cruz;100000;100000;tarjeta;15/3/25;NO;
;06/12/25;06/12/25;12/12/25;reservada;9259413-0;Luis Contreras;SI;Cabaña 16;Santa Cruz;720000;0;;4/12/25;NO;
;16/10/25;16/10/25 15:00;16/10/25 16:00;cancelada;15047491-4;Ana Silva;SI;Cancha Futbolito Techada;Santiago Centro;35000;0;;13/10/25;NO;
;12/09/25;12/09/25;13/09/25;ejecutada;20548964-9;Maria Gonzalez;NO;Cabaña 8;Santiago Centro;120000;120000;transferencia;8/9/25;NO;
;01/12/25;01/12/25;09/12/25;ejecutada;16949045-7;Luis Contreras;SI;Cabaña 15;La Florida;960000;960000;efectivo;26/11/25;NO;
;12/09/25;12/09/25;18/09/25;cancelada;18750495-3;Juan Perez;NO;Cabaña 8;Providencia;720000;0;;9/9/25;NO;
;17/04/25;17/04/25;26/04/25;ejecutada;17877832-3;Pedro Rojas;NO;Cabaña 17;Santa Cruz;1080000;1080000;tarjeta;17/4/25;NO;
;06/06/25;06/06/25;07/06/25;reservada;17263289-0;Juan Perez;NO;Cabaña 11;Providencia;120000;0;;4/6/25;NO;
;15/01/25;15/01/25;31/02/25;reservada;20727566-2;Juan Perez;SI;Cabaña 15 X;Santiago Centro;1200000;0;;13/1/25;SI;referencia/fecha
;01/12/25;01/12/25;07/12/25;ejecutada;24859483-7;Luis Contreras;NO;Cabaña 17;Santiago Centro;720000;720000;tarjeta;29/11/25;NO;
;19/09/25;19/09/25;20/09/25;cancelada;6626889-6;Pedro Rojas;SI;Cabaña 12;Providencia;120000;0;;15/9/25;NO;
;9/1/25;9/1/25 17:00;9/1/25 18:00;cancelada;23849659-4;Maria Gonzalez;SI;Cancha Tenis Aire Libre;Santiago Centro;25000;0;;4/1/25;NO;
;02/12/25;02/12/25;04/12/25;cancelada;18881160-4;Pedro Rojas;NO;Cabaña 10;Providencia;240000;0;;27/11/25;NO;
;15/3/25;15/3/25 15:00;15/3/25 16:00;ejecutada;17275270-5;Pedro Rojas;NO;Cancha Padel Techada;La Florida;35000;35000;transferencia;14/3/25;NO;
;09/01/25;09/01/25;13/01/25;ejecutada;17931290-5;Juan Perez;SI;Cabaña 6;Providencia;480000;480000;transferencia;9/1/25;NO;
;16/11/25;16/11/25;17/11/25;reservada;8282741-2;Juan Perez;NO;Cabaña 10;Santiago Centro;120000;0;;13/11/25;NO;
;15/10/25;15/10/25;17/10/25;reservada;6389986-0;Luis Contreras;NO;Cabaña 12;La Florida;240000;0;;14/10/25;NO;
;20/01/25;20/01/25;22/01/25;ejecutada;18065705-3;Maria Gonzalez;NO;Cabaña 5;Santa Cruz;240000;240000;efectivo;15/1/25;NO;
;14/05/25;14/05/25;20/05/25;ejecutada;6512346-0;Maria Gonzalez;SI;Cabaña 12;La Florida;720000;720000;transferencia;9/5/25;NO;
;18/11/25;18/11/25 17:00;18/11/25 18:00;reservada;15121060-0;Ana Silva;SI;Restaurant 1;Santiago Centro;30000;0;;15/11/25;NO;
;13/1/25;13/1/25 16:00;13/1/25 17:00;reservada;23046980-6;Luis Contreras;SI;Salon Eventos 4;Santa Cruz;100000;0;;11/1/25;NO;
;17/02/25;17/02/25;19/02/25;cancelada;6204457-8;Luis Contreras;NO;Cabaña 2;Providencia;240000;0;;12/2/25;SI;
;08/10/25;08/10/25;11/10/25;reservada;10837704-0;Pedro Rojas;SI;Cabaña 16;Providencia;360000;0;;7/10/25;SI;rut
;13/05/25;13/05/25;23/05/25;reservada;21934163-6;Maria Gonzalez;SI;Cabaña 18;La Florida;1200000;0;;10/5/25;NO;
;31/02/25;05/11/25;14/11/25;cancelada;17820790-3;Juan Perez;SI;Cabaña 15;Santiago Centro;1080000;0;;4/11/25;SI;fecha
;14/04/25;14/04/25;22/04/25;cancelada;12578522-0;Ana Silva;SI;Cabaña 2;La Florida;960000;0;;9/4/25;NO;
;8/1/25;8/1/25 12:00;8/1/25 13:00;cancelada;14150365-0;Juan Perez;NO;Cancha Futbolito Aire Libre;Providencia;25000;0;;3/1/25;NO;
;31/02/25;08/07/25;09/07/25;reservada;20727566-2;Juan Perez;NO;Cabaña 1;La Florida;120000;0;;8/7/25;SI;fecha
;19/06/25;19/06/25;29/06/25;reservada;17213598-6;Pedro Rojas;NO;Cabaña 8;Santa Cruz;1200000;0;;18/6/25;NO;
;08/01/25;08/01/25;14/01/25;cancelada;13083215-6;Pedro Rojas;SI;Cabaña 9;Santa Cruz;720000;0;;6/1/25;NO;
;12/04/25;12/04/25;22/04/25;ejecutada;22078734-6;Pedro Rojas;SI;Cabaña 6;Providencia;1200000;1200000;transferencia;12/4/25;NO;
;12/5/25;12/5/25 11:00;12/5/25 12:00;reservada;19332680-3;Ana Silva;SI;Restaurant 2;Santiago Centro;30000;0;;7/5/25;SI;
;6/10/25;6/10/25 18:00;6/10/25 19:00;reservada;24427724-1;Maria Gonzalez;SI;Cancha Futbolito Aire Libre;Santiago Centro;25000;0;;1/10/25;NO;
;4/11/25;4/11/25 12:00;4/11/25 13:00;cancelada;7415624-K;Juan Perez;NO;Salon Eventos 1;Santiago Centro;100000;0;;2/11/25;NO;
;07/11/25;07/11/25;11/11/25;ejecutada;10778324-5;Luis Contreras;NO;Cabaña 4;La Florida;480000;480000;efectivo;5/11/25;NO;
;01/04/25;01/04/25;06/04/25;ejecutada;23503123-8;Ana Silva;NO;Cabaña 5;Santiago Centro;600000;600000;transferencia;28/3/25;SI;rut
;15/07/25;15/07/25;20/07/25;cancelada;24179315-K;Luis Contreras;SI;Cabaña 2;Santiago Centro;600000;0;;11/7/25;NO;
;09/12/25;09/12/25;16/12/25;ejecutada;15562742-5;Maria Gonzalez;NO;Cabaña 13;Santa Cruz;840000;840000;efectivo;7/12/25;NO;
;17/02/25;17/02/25;23/02/25;ejecutada;15838325-K;Maria Gonzalez;SI;Cabaña 3;La Florida;720000;720000;transferencia;14/2/25;NO;
;02/02/25;02/02/25;06/02/25;reservada;22307110-4;Luis Contreras;SI;Cabaña 7;Providencia;480000;0;;29/1/25;NO;
;1/2/25;1/2/25 12:00;1/2/25 13:00;cancelada;9381544-0;Pedro Rojas;NO;Salon Eventos 4;Providencia;100000;0;;27/1/25;NO;
;01/06/25;01/06/25;06/06/25;ejecutada;18971062-3;Juan Perez;NO;Cabaña 5;Santa Cruz;600000;600000;tarjeta;31/5/25;NO;
;13/06/25;13/06/25;22/06/25;ejecutada;7584304-6;Ana Silva;SI;Cabaña 15;Santiago Centro;1080000;1080000;tarjeta;12/6/25;NO;
;16/6/25;16/6/25 19:00;16/6/25 20:00;cancelada;17263289-0;Juan Perez;SI;Salon Eventos 3;La Florida;100000;0;;16/6/25;NO;
;17/08/25;17/08/25;19/08/25;reservada;12313678-0;Juan Perez;NO;Cabaña 18;Providencia;240000;0;;15/8/25;NO;
;7/1/25;7/1/25 19:00;7/1/25 20:00;cancelada;10981983-2;Pedro Rojas;NO;Salon Eventos 4;Santa Cruz;100000;0;;5/1/25;NO;
;6/11/25;6/11/25 14:00;6/11/25 15:00;reservada;19208091-6;Maria Gonzalez;NO;Cancha Basquetbol Aire Libre;La Florida;25000;0;;5/11/25;NO;
;11/04/25;11/04/25;16/04/25;cancelada;9430073-8;Ana Silva;NO;Cabaña 1;Santa Cruz;600000;0;;11/4/25;NO;
;20/12/25;20/12/25 19:00;20/12/25 20:00;cancelada;19020373-5;Juan Perez;NO;Restaurant 1;Santiago Centro;30000;0;;17/12/25;NO;
;13/08/25;13/08/25;20/08/25;ejecutada;16170965-4;Luis Contreras;NO;Cabaña 14;La Florida;840000;840000;transferencia;10/8/25;NO;
;16/6/25;16/6/25 9:00;16/6/25 10:00;cancelada;10527082-8;Ana Silva;NO;Salon Eventos 3;Providencia;100000;0;;11/6/25;NO;
;04/02/25;04/02/25;07/02/25;reservada;24639890-9;Luis Contreras;SI;Cabaña 12;Santiago Centro;360000;0;;30/1/25;NO;
;1/1/25;1/1/25;1/1/25 18:00;ejecutada;12891005-0;Luis Contreras;SI;Restaurant 1;La Florida;30000;30000;transferencia;31/12/24;SI;fecha
;9/4/25;9/4/25;9/4/25 9:00;cancelada;17366619-0;Pedro Rojas;SI;Salon Eventos 3;Providencia;100000;0;;4/4/25;SI;rut/fecha
;13/5/25;13/5/25 11:00;13/5/25 12:00;reservada;16408231-8;Juan Perez;NO;Cancha Futbolito Techada;La Florida;35000;0;;8/5/25;NO;
;16/03/25;16/03/25;21/03/25;reservada;21773123-2;Luis Contreras;SI;Cabaña 19;La Florida;600000;0;;13/3/25;NO;
;04/01/25;04/01/25;08/01/25;cancelada;9183641-6;Maria Gonzalez;SI;Cabaña 9;Santa Cruz;480000;0;;2/1/25;NO;
;02/05/25;02/05/25;07/05/25;cancelada;24505775-K;Maria Gonzalez;SI;Cabaña 12;Santiago Centro;600000;0;;2/5/25;NO;
;01/04/25;01/04/25;05/04/25;ejecutada;20928234-8;Pedro Rojas;NO;Cabaña 9;Santiago Centro;480000;480000;efectivo;29/3/25;NO;
;10/08/25;10/08/25;18/08/25;reservada;21550158-2;Luis Contreras;NO;Cabaña 2;Providencia;960000;0;;7/8/25;NO;
;17/8/25;17/8/25 16:00;17/8/25 17:00;ejecutada;9571085-9;Juan Perez;SI;Restaurant 2;Santa Cruz;30000;30000;efectivo;12/8/25;NO;
;01/06/25;01/06/25;06/06/25;ejecutada;6626889-6;Pedro Rojas;SI;Cabaña 16;Providencia;600000;600000;tarjeta;30/5/25;NO;
;13/5/25;13/5/25;13/5/25 21:00;ejecutada;6884770-2;Luis Contreras;NO;Restaurant 1;Santa Cruz;30000;30000;transferencia;8/5/25;SI;rut/fecha
;2/6/25;2/6/25 8:00;2/6/25 9:00;reservada;12275678-5;Juan Perez;NO;Cancha Padel Techada;La Florida;35000;0;;2/6/25;NO;
;19/02/25;19/02/25;22/02/25;cancelada;7962885-9;Juan Perez;SI;Cabaña 15;Santa Cruz;360000;0;;14/2/25;NO;
;14/04/25;14/04/25;22/04/25;reservada;22388037-1;Luis Contreras;SI;Cabaña 2;Santa Cruz;960000;0;;13/4/25;NO;
;1/2/25;1/2/25 13:00;1/2/25 14:00;cancelada;17877832-5;Pedro Rojas;NO;Cancha Padel Techada;La Florida;35000;0;;30/1/25;SI;rut
;13/12/25;13/12/25 8:00;13/12/25 9:00;reservada;18692916-0;Ana Silva;SI;Cancha Tenis Aire Libre;La Florida;25000;0;;12/12/25;SI;
;3/1/25;3/1/25 20:00;3/1/25 21:00;reservada;8923088-8;Pedro Rojas;SI;Restaurant 2;Santa Cruz;30000;0;;31/12/24;SI;
;11/2/25;11/2/25 12:00;11/2/25 13:00;ejecutada;8084042-K;Maria Gonzalez;NO;Piscina 1;Santa Cruz;20000;20000;transferencia;10/2/25;NO;
;14/07/25;14/07/25;16/07/25;cancelada;14292034-4;Luis Contreras;NO;Cabaña 13;Santa Cruz;240000;0;;11/7/25;NO;
;4/4/25;4/4/25 17:00;4/4/25 18:00;cancelada;5058687-1;Ana Silva;SI;Salon Eventos 1;La Florida;100000;0;;2/4/25;NO;
;05/12/25;05/12/25;12/12/25;cancelada;5590602-5;Juan Perez;NO;Cabaña 16;La Florida;840000;0;;3/12/25;NO;
;20/10/25;20/10/25;20/10/25 17:00;reservada;11711378-2;Maria Gonzalez;SI;Cancha Padel Techada;Santiago Centro;35000;0;;18/10/25;SI;rut/fecha
;07/11/25;07/11/25;12/11/25;reservada;18754494-7;Maria Gonzalez;NO;Cabaña 8;Santa Cruz;600000;0;;7/11/25;NO;
;18/06/25;18/06/25;27/06/25;ejecutada;8991172-9;Juan Perez;SI;Cabaña 5;La Florida;1080000;1080000;efectivo;15/6/25;NO;
;13/02/25;13/02/25;16/02/25;ejecutada;10289799-4;Maria Gonzalez;SI;Cabaña 11;Santa Cruz;360000;360000;efectivo;8/2/25;NO;
;11/6/25;11/6/25 15:00;11/6/25 16:00;reservada;6353165-0;Ana Silva;SI;Salon Eventos 3;Santa Cruz;100000;0;;11/6/25;NO;
;09/10/25;09/10/25;10/10/25;cancelada;18754494-7;Maria Gonzalez;SI;Cabaña 8;La Florida;120000;0;;5/10/25;NO;
;13/1/25;13/1/25 10:00;13/1/25 11:00;reservada;9486514-0;Luis Contreras;NO;Salon Eventos 3;Santiago Centro;100000;0;;11/1/25;SI;rut
;10/04/25;10/04/25;18/04/25;reservada;11247006-9;Luis Contreras;SI;Cabaña 6;Santa Cruz;960000;0;;5/4/25;NO;
;16/05/25;16/05/25;20/05/25;reservada;23435811-1;Pedro Rojas;SI;Cabaña 5;Providencia;480000;0;;14/5/25;NO;
;5/12/25;5/12/25;5/12/25 23:00;cancelada;15878471-8;Maria Gonzalez;NO;Piscina 2;La Florida;20000;0;;4/12/25;SI;fecha
;06/09/25;06/09/25;14/09/25;cancelada;20112516-2;Luis Contreras;SI;Cabaña 5;Santa Cruz;960000;0;;5/9/25;NO;
;07/10/25;07/10/25;17/10/25;ejecutada;5475559-7;Luis Contreras;NO;Cabaña 4;Providencia;1200000;1200000;tarjeta;7/10/25;NO;
;06/10/25;06/10/25;07/10/25;ejecutada;21793681-0;Juan Perez;NO;Cabaña 15;Santa Cruz;120000;120000;tarjeta;2/10/25;NO;
;04/02/25;04/02/25;11/02/25;cancelada;22287381-9;Ana Silva;NO;Cabaña 13;Santiago Centro;840000;0;;1/2/25;NO;
;19/10/25;19/10/25;23/10/25;cancelada;19407837-4;Ana Silva;SI;Cabaña 5;Santiago Centro;480000;0;;17/10/25;NO;
;17/10/25;17/10/25 14:00;17/10/25 15:00;reservada;23491307-7;Maria Gonzalez;NO;Cancha Futbolito Aire Libre;Santa Cruz;25000;0;;12/10/25;NO;
;16/5/25;16/5/25 10:00;16/5/25 11:00;ejecutada;21351051-7;Ana Silva;NO;Piscina 2;Providencia;20000;20000;transferencia;15/5/25;NO;
;14/04/25;14/04/25;23/04/25;reservada;22071602-3;Pedro Rojas;NO;Cabaña 2;La Florida;1080000;0;;14/4/25;NO;
;10/12/25;10/12/25;18/12/25;cancelada;20720307-6;Luis Contreras;SI;Cabaña 7;Santa Cruz;960000;0;;6/12/25;NO;
;6/12/25;6/12/25 14:00;6/12/25 15:00;cancelada;8482497-6;Ana Silva;NO;Cancha Basquetbol Techada;La Florida;35000;0;;1/12/25;NO;
;01/01/25;01/01/25;08/01/25;ejecutada;12651989-3;Luis Contreras;NO;Cabaña 18 X;Santa Cruz;840000;840000;transferencia;29/12/24;SI;referencia
;1/7/25;1/7/25 22:00;1/7/25 23:00;cancelada;18776636-2;Pedro Rojas;SI;Piscina 2;Santiago Centro;20000;0;;30/6/25;NO;
;14/7/25;14/7/25 10:00;14/7/25 11:00;ejecutada;16949644-7;Pedro Rojas;NO;Restaurant 2;La Florida;30000;30000;transferencia;12/7/25;NO;
;19/11/25;19/11/25 12:00;19/11/25 13:00;reservada;23684083-7;Pedro Rojas;SI;Cancha Padel Techada;Santiago Centro;35000;0;;16/11/25;SI;rut
;08/08/25;08/08/25;10/08/25;ejecutada;10120385-9;Maria;SI;Cabaña 19;Santa Cruz;240000;240000;transferencia;7/8/25;SI;nombre
;14/06/25;14/06/25;15/06/25;ejecutada;12469531-7;Pedro Rojas;NO;Cabaña 2;La Florida;120000;120000;transferencia;10/6/25;NO;
;12/12/25;12/12/25;18/12/25;reservada;16530236-2;Pedro Rojas;NO;Cabaña 17;La Florida;720000;0;;11/12/25;NO;
;20/5/25;20/5/25 13:00;20/5/25 14:00;cancelada;12651989-3;Luis Contreras;SI;Cancha Tenis Aire Libre;Santa Cruz;25000;0;;19/5/25;NO;
;11/10/25;11/10/25 15:00;11/10/25 16:00;reservada;19197001-2;Ana Silva;SI;Cancha Futbolito Aire Libre;Providencia;25000;0;;9/10/25;NO;
;10/08/25;10/08/25;16/08/25;ejecutada;24693299-9;Pedro Rojas;SI;Cabaña 11;Santa Cruz;720000;720000;transferencia;5/8/25;NO;
;20/08/25;20/08/25;21/08/25;cancelada;10934689-6;Pedro Rojas;NO;Cabaña 9;La Florida;120000;0;;19/8/25;NO;
;10/5/25;10/5/25 20:00;10/5/25 21:00;ejecutada;15944877-0;Maria Gonzalez;SI;Salon Eventos 2;Providencia;100000;100000;tarjeta;9/5/25;NO;
;20/12/25;20/12/25;27/12/25;cancelada;23503123-K;Ana Silva;NO;Cabaña 12;La Florida;840000;0;;20/12/25;NO;
;05/12/25;05/12/25;11/12/25;reservada;12465454-8;Pedro Rojas;SI;Cabaña 6;Santa Cruz;720000;0;;1/12/25;NO;
;8/12/25;8/12/25 21:00;8/12/25 22:00;cancelada;13098747-8;Ana Silva;SI;Restaurant 1;Santiago Centro;30000;0;;4/12/25;NO;
;2/12/25;2/12/25 9:00;2/12/25 10:00;reservada;7500349-8;Pedro Rojas;NO;Restaurant 1;Providencia;30000;0;;2/12/25;NO;
;2/4/25;2/4/25 12:00;2/4/25 13:00;ejecutada;7884115-K;Luis Contreras;SI;Cancha Basquetbol Aire Libre;Providencia;25000;25000;efectivo;30/3/25;NO;
;5/4/25;5/4/25;5/4/25 14:00;ejecutada;16257735-2;Maria Gonzalez;NO;Cancha Basquetbol Techada;La Florida;35000;35000;tarjeta;5/4/25;SI;fecha
;17/8/25;17/8/25 19:00;17/8/25 20:00;cancelada;19208091-6;Maria;NO;Salon Eventos 1;Santiago Centro;100000;0;;13/8/25;SI;nombre
;12/09/25;12/09/25;/05/25;reservada;16253483-1;Maria Gonzalez;NO;Cabaña 4;La Florida;480000;0;;12/9/25;SI;fecha
;05/03/25;05/03/25;13/03/25;reservada;7261443-7;Ana Silva;SI;Cabaña 6;Providencia;960000;0;;1/3/25;NO;
;2/1/25;2/1/25 19:00;2/1/25 20:00;cancelada;18468277-K;Luis Contreras;SI;Cancha Basquetbol Aire Libre;La Florida;25000;0;;30/12/24;NO;
;19/1/25;19/1/25 12:00;19/1/25 13:00;cancelada;15807009-K;Luis Contreras;SI;Salon Eventos 3;La Florida;100000;0;;16/1/25;NO;
;08/10/25;08/10/25;13/10/25;reservada;24471464-1;Luis Contreras;NO;Cabaña 19;Providencia;600000;0;;3/10/25;NO;
;9/2/25;9/2/25 21:00;9/2/25 22:00;cancelada;13233936-1;Maria Gonzalez;SI;Salon Eventos 4;Providencia;100000;0;;8/2/25;SI;rut
;8/8/25;8/8/25 21:00;8/8/25 22:00;reservada;5779517-4;Luis Contreras;NO;Restaurant 2;La Florida;30000;0;;8/8/25;NO;
;14/04/25;14/04/25;18/04/25;reservada;15505908-7;Ana Silva;NO;Cabaña 20;Santa Cruz;480000;0;;10/4/25;NO;
;10/01/25;10/01/25;14/01/25;ejecutada;5135966-6;Pedro Rojas;SI;Cabaña 1;Santiago Centro;480000;480000;efectivo;10/1/25;NO;
;02/10/25;02/10/25;09/10/25;ejecutada;5633053-4;Maria Gonzalez;NO;Cabaña 8;Santa Cruz;840000;840000;efectivo;2/10/25;NO;
;10/02/25;31/02/25;15/02/25;ejecutada;12922397-9;Maria Gonzalez;SI;Cabaña 10;Santiago Centro;600000;600000;tarjeta;9/2/25;SI;fecha
;12/05/25;12/05/25;14/05/25;reservada;10776000-8;Luis Contreras;SI;Cabaña 6;Providencia;240000;0;;11/5/25;NO;
;4/7/25;4/7/25 9:00;4/7/25 10:00;ejecutada;16889614-K;Pedro Rojas;NO;Piscina 1;Providencia;20000;20000;transferencia;30/6/25;NO;
;3/6/25;3/6/25 9:00;3/6/25 10:00;cancelada;9392933-0;Pedro Rojas;SI;Restaurant 2;Santa Cruz;30000;0;;3/6/25;NO;
;18/11/25;18/11/25;27/11/25;cancelada;16408231-8;Juan;SI;Cabaña 4;Providencia;1080000;0;;13/11/25;SI;nombre
;15/3/25;15/3/25 15:00;15/3/25 16:00;reservada;22381571-5;Juan Perez;SI;Salon Eventos 1;Providencia;100000;0;;10/3/25;NO;
;15//25;07/01/25;08/01/25;ejecutada;18329134-3;Pedro Rojas;NO;Cabaña 7;Santiago Centro;120000;120000;tarjeta;3/1/25;SI;rut/fecha
;14/10/25;14/10/25;20/10/25;ejecutada;19544570-2;Maria Gonzalez;NO;Cabaña 8;Santa Cruz;720000;720000;transferencia;11/10/25;NO;
;13/1/25;13/1/25 9:00;13/1/25 10:00;ejecutada;6440714-7;Ana Silva;NO;Cancha Tenis Aire Libre;Providencia;25000;25000;efectivo;12/1/25;NO;
;5/1/25;5/1/25 14:00;5/1/25 15:00;reservada;14294949-0;Ana Silva;SI;Salon Eventos 2;Santiago Centro;100000;0;;1/1/25;NO;
;14/10/25;14/10/25;21/10/25;ejecutada;9183641-6;Maria Gonzalez;SI;Cabaña 17;Providencia;840000;840000;efectivo;10/10/25;NO;
;20/2/25;20/2/25 19:00;20/2/25 20:00;ejecutada;17230874-0;Juan Perez;NO;Salon Eventos 2;Santa Cruz;100000;100000;transferencia;18/2/25;NO;
;7/3/25;7/3/25 12:00;7/3/25 13:00;ejecutada;16887747-1;Luis Contreras;NO;Cancha Tenis Aire Libre;La Florida;25000;25000;tarjeta;6/3/25;NO;
;14/04/25;14/04/25;18/04/25;cancelada;20328291-5;Juan Perez;SI;Cabaña 8;La Florida;480000;0;;10/4/25;NO;
;14/11/25;14/11/25;18/11/25;reservada;10120385-9;Maria Gonzalez;SI;Cabaña 11 X;Providencia;480000;0;;10/11/25;SI;referencia
;07/11/25;07/11/25;13/11/25;ejecutada;19142269-4;Pedro Rojas;NO;Cabaña 18;Santiago Centro;720000;720000;efectivo;2/11/25;NO;
;17/12/25;17/12/25;23/12/25;ejecutada;16288155-8;Ana Silva;NO;Cabaña 2;Santiago Centro;720000;720000;efectivo;12/12/25;NO;
;05/05/25;05/05/25;11/05/25;cancelada;12027524-0;Juan Perez;NO;Cabaña 9;Providencia;720000;0;;2/5/25;NO;
;17/01/25;17/01/25;26/01/25;reservada;19211618-K;Luis Contreras;NO;Cabaña 3;Santa Cruz;1080000;0;;12/1/25;NO;
;12/7/25;12/7/25 22:00;12/7/25 23:00;ejecutada;16889614-K;Pedro Rojas;SI;Salon Eventos 4;La Florida;100000;100000;transferencia;11/7/25;NO;
;04/05/25;04/05/25;07/05/25;reservada;9418221-2;Ana Silva;SI;Cabaña 10;Providencia;360000;0;;3/5/25;NO;
;06/03/25;06/03/25;13/03/25;cancelada;9842967-0;Luis Contreras;SI;Cabaña 10;La Florida;840000;0;;1/3/25;NO;
;09/11/25;09/11/25;13/11/25;reservada;18053720-1;Ana Silva;NO;Cabaña 3 X;La Florida;480000;0;;4/11/25;SI;referencia
;02/08/25;02/08/25;06/08/25;ejecutada;7295878-0;Maria Gonzalez;NO;Cabaña 14;Santa Cruz;480000;480000;tarjeta;30/7/25;NO;
;13/02/25;13/02/25;20/02/25;reservada;18468277-K;Luis Contreras;NO;Cabaña 3;Providencia;840000;0;;12/2/25;NO;
;15/11/25;15/11/25;22/11/25;reservada;23388767-6;Juan Perez;NO;Cabaña 2;La Florida;840000;0;;15/11/25;NO;
;04/10/25;04/10/25;10/10/25;ejecutada;11450455-6;Luis Contreras;SI;Cabaña 13;Santa Cruz;720000;720000;efectivo;30/9/25;NO;
;14/02/25;14/02/25;16/02/25;ejecutada;11727551-5;Maria Gonzalez;NO;Cabaña 14;Providencia;240000;240000;transferencia;10/2/25;NO;
;08/08/25;abc/12/25;15/08/25;ejecutada;10701066-6;Maria Gonzalez;SI;Cabaña 9;Santa Cruz;840000;840000;efectivo;6/8/25;SI;rut/fecha
;01/08/25;01/08/25;09/08/25;reservada;22051085-9;Ana Silva;SI;Cabaña 9;Santa Cruz;960000;0;;27/7/25;NO;
;08/01/25;08/01/25;15/01/25;reservada;22378728-2;Maria Gonzalez;SI;Cabaña 4;Santiago Centro;840000;0;;4/1/25;NO;
;03/07/25;03/07/25;11/07/25;cancelada;5854603-8;Luis Contreras;SI;Cabaña 14;Santiago Centro;960000;0;;1/7/25;NO;
;20/3/25;20/3/25 16:00;20/3/25 17:00;cancelada;10701066-1;Maria Gonzalez;SI;Restaurant 2;Santiago Centro;30000;0;;15/3/25;NO;
;13/1/25;13/1/25 19:00;13/1/25 20:00;cancelada;24859483-7;Luis Contreras;NO;Cancha Tenis Aire Libre;La Florida;25000;0;;10/1/25;NO;
;02/10/25;02/10/25;12/10/25;reservada;13734270-7;Luis Contreras;SI;Cabaña 6;Santa Cruz;1200000;0;;27/9/25;NO;
;17/06/25;17/06/25;21/06/25;cancelada;19161282-5;Luis Contreras;NO;Cabaña 8;Santa Cruz;480000;0;;14/6/25;NO;
;09/12/25;09/12/25;13/12/25;reservada;24179315-K;Luis Contreras;SI;Cabaña 20;Santiago Centro;480000;0;;7/12/25;NO;
;20/06/25;20/06/25;23/06/25;reservada;5116250-1;Pedro Rojas;SI;Cabaña 11;Santa Cruz;360000;0;;15/6/25;NO;
;13/08/25;13/08/25;19/08/25;reservada;19544570-2;Maria Gonzalez;NO;Cabaña 12;Providencia;720000;0;;8/8/25;NO;
;3/9/25;3/9/25 15:00;3/9/25 16:00;ejecutada;22075434-0;Ana Silva;NO;Salon Eventos 3;Providencia;100000;100000;efectivo;30/8/25;NO;
;10/02/25;10/02/25;17/02/25;cancelada;12875377-K;Maria Gonzalez;NO;Cabaña 1;Providencia;840000;0;;9/2/25;NO;
;04/02/25;04/02/25;11/02/25;cancelada;14254375-3;Pedro Rojas;SI;Cabaña 18;Santa Cruz;840000;0;;1/2/25;NO;
;5/12/25;5/12/25 8:00;5/12/25 9:00;ejecutada;15694640-0;Maria Gonzalez;NO;Salon Eventos 3;La Florida;100000;100000;tarjeta;4/12/25;NO;
;09/10/25;09/10/25;18/10/25;cancelada;7997541-9;Ana Silva;NO;Cabaña 16;La Florida;1080000;0;;4/10/25;NO;
;10/11/25;10/11/25 11:00;10/11/25 12:00;ejecutada;12192627-K;Pedro Rojas;SI;Cancha Padel Aire Libre;Providencia;25000;25000;tarjeta;7/11/25;NO;
;04/12/25;04/12/25;13/12/25;cancelada;9183641-6;Maria Gonzalez;SI;Cabaña 5;Santiago Centro;1080000;0;;30/11/25;NO;
;05/01/25;05/01/25;14/01/25;ejecutada;22423432-5;Ana Silva;NO;Cabaña 14;Providencia;1080000;1080000;transferencia;2/1/25;NO;
;1/3/25;1/3/25 12:00;1/3/25 13:00;reservada;13519552-9;Juan Perez;SI;Piscina 1;Santa Cruz;20000;0;;25/2/25;NO;
;02/04/25;02/04/25;06/04/25;ejecutada;5983819-9;Ana Silva;NO;Cabaña 11;Santiago Centro;480000;480000;tarjeta;2/4/25;NO;
;04/08/25;04/08/25;11/08/25;ejecutada;7130867-7;Luis Contreras;NO;Cabaña 20;Santa Cruz;840000;840000;tarjeta;2/8/25;NO;
;19/05/25;19/05/25;25/05/25;ejecutada;19937737-K;Luis Contreras;NO;Cabaña 3;Santa Cruz;720000;720000;transferencia;19/5/25;NO;
;17/4/25;17/4/25 16:00;17/4/25 17:00;cancelada;6614380-5;Luis Contreras;NO;Salon Eventos 3;Santiago Centro;100000;0;;14/4/25;NO;
;09/04/25;09/04/25;12/04/25;ejecutada;17453904-9;Ana Silva;NO;Cabaña 14;Santa Cruz;360000;360000;efectivo;5/4/25;NO;
;1/3/25;1/3/25 11:00;1/3/25 12:00;cancelada;21882154-5;Maria Gonzalez;NO;Cancha Basquetbol Techada;Santa Cruz;35000;0;;25/2/25;NO;
;07/01/25;07/01/25;13/01/25;reservada;23451242-0;Juan Perez;SI;Cabaña 16;Santiago Centro;720000;0;;6/1/25;NO;
;1/9/25;1/9/25 16:00;1/9/25 17:00;reservada;12592948-6;Ana Silva;SI;Restaurant 2;Providencia;30000;0;;28/8/25;NO;
;16/7/25;16/7/25 10:00;16/7/25 11:00;ejecutada;24256806-0;Pedro Rojas;SI;Cancha Basquetbol Aire Libre;Santiago Centro;25000;25000;efectivo;12/7/25;NO;
;4/10/25;4/10/25 9:00;4/10/25 10:00;reservada;20609781-7;Pedro Rojas;NO;Restaurant 2;La Florida;30000;0;;4/10/25;NO;
;15/10/25;15/10/25;20/10/25;reservada;21882154-5;Maria Gonzalez;NO;Cabaña 3;La Florida;600000;0;;11/10/25;NO;
;01/05/25;01/05/25;07/05/25;cancelada;12353825-0;Ana Silva;SI;Cabaña 17;Santiago Centro;720000;0;;26/4/25;NO;
;01/08/25;01/08/25;06/08/25;cancelada;20175120-9;Maria Gonzalez;NO;Cabaña 6;Santa Cruz;600000;0;;31/7/25;NO;
;05/02/25;05/02/25;13/02/25;cancelada;13761426-K;Maria Gonzalez;NO;Cabaña 3;Providencia;960000;0;;2/2/25;NO;
;11/03/25;11/03/25;20/03/25;cancelada;23731597-9;Juan Perez;NO;Cabaña 20;Santiago Centro;1080000;0;;10/3/25;NO;
;9/10/25;9/10/25 8:00;9/10/25 9:00;cancelada;22329198-8;Luis Contreras;NO;Salon Eventos 2;La Florida;100000;0;;5/10/25;NO;
;19/11/25;19/11/25;26/11/25;reservada;8309406-0;Luis Contreras;SI;Cabaña 3;La Florida;840000;0;;19/11/25;NO;
;09/01/25;09/01/25;10/01/25;reservada;5204506-1;Ana Silva;SI;Cabaña 18;Santiago Centro;120000;0;;8/1/25;NO;
;2/3/25;2/3/25 16:00;2/3/25 17:00;reservada;15120266-7;Juan Perez;SI;Piscina 2;Santa Cruz;20000;0;;26/2/25;NO;
;01/03/25;01/03/25;02/03/25;ejecutada;24795565-8;Luis Contreras;NO;Cabaña 20;Santa Cruz;120000;120000;efectivo;1/3/25;NO;
;16/7/25;16/7/25 14:00;16/7/25 15:00;reservada;23369020-1;Ana Silva;SI;Cancha Basquetbol Aire Libre;Santiago Centro;25000;0;;16/7/25;NO;
;09/09/25;09/09/25;16/09/25;ejecutada;24447412-8;Juan Perez;SI;Cabaña 10;Santa Cruz;840000;840000;efectivo;4/9/25;NO;
;16/10/25;16/10/25;22/10/25;ejecutada;7777224-3;Maria Gonzalez;NO;Cabaña 9;Santiago Centro;720000;720000;tarjeta;14/10/25;NO;
;09/12/25;09/12/25;10/12/25;ejecutada;15115625-8;Juan Perez;NO;Cabaña 2;Santiago Centro;120000;120000;efectivo;8/12/25;SI;
;13/02/25;13/02/25;15/02/25;cancelada;9039992-6;Ana Silva;NO;Cabaña 14;Santa Cruz;240000;0;;11/2/25;NO;
;11/09/25;/05/25;15/09/25;reservada;23498184-2;Juan Perez;NO;Cabaña 4;Santiago Centro;480000;0;;6/9/25;SI;rut/fecha
;20/09/25;20/09/25;27/09/25;reservada;18876546-7;Juan Perez;SI;Cabaña 15;Santa Cruz;840000;0;;19/9/25;NO;
;3/3/25;3/3/25 15:00;3/3/25 16:00;ejecutada;21162735-2;Juan Perez;SI;Salon Eventos 1;La Florida;100000;100000;tarjeta;27/2/25;NO;
;19/9/25;19/9/25 11:00;19/9/25 12:00;cancelada;13006129-K;Pedro Rojas;NO;Cancha Basquetbol Techada;Providencia;35000;0;;18/9/25;NO;
;09/08/25;09/08/25;19/08/25;reservada;23435811-1;Pedro Rojas;NO;Cabaña 17;La Florida;1200000;0;;9/8/25;NO;
;11/6/25;11/6/25 8:00;11/6/25 9:00;cancelada;21178138-6;Ana Silva;SI;Cancha Padel Aire Libre;La Florida;25000;0;;6/6/25;NO;
;17/11/25;17/11/25;25/11/25;ejecutada;15941454-K;Pedro Rojas;SI;Cabaña 9;Providencia;960000;960000;efectivo;15/11/25;NO;
;7/7/25;7/7/25 14:00;7/7/25 15:00;ejecutada;14394380-1;Pedro Rojas;NO;Cancha Tenis Techada;La Florida;35000;35000;tarjeta;6/7/25;NO;
;16/11/25;16/11/25 17:00;16/11/25 18:00;reservada;13014055-6;Maria Gonzalez;NO;Salon Eventos 1;Santiago Centro;100000;0;;16/11/25;NO;
;14/12/25;10/10/;23/12/25;cancelada;10119752-4;Juan Perez;NO;Cabaña 12;La Florida;1080000;0;;11/12/25;SI;rut/fecha
;13/4/25;13/4/25 19:00;13/4/25 20:00;cancelada;23684083-2;Pedro Rojas;SI;Cancha Futbolito Aire Libre;Providencia;25000;0;;9/4/25;NO;
;04/01/25;04/01/25;09/01/25;ejecutada;14155657-6;Pedro Rojas;SI;Cabaña 19;Providencia;600000;600000;tarjeta;4/1/25;NO;
;20/03/25;20/03/25;29/03/25;reservada;10645717-4;Pedro Rojas;SI;Cabaña 8;Providencia;1080000;0;;16/3/25;NO;
;02/11/25;02/11/25;12/11/25;ejecutada;23302730-8;Maria Gonzalez;SI;Cabaña 20;Santiago Centro;1200000;1200000;efectivo;2/11/25;NO;
;01/11/25;01/11/25;08/11/25;reservada;23835968-6;Juan Perez;SI;Cabaña 3;Santa Cruz;840000;0;;31/10/25;NO;
;3/2/25;3/2/25 14:00;3/2/25 15:00;ejecutada;12341381-4;Luis Contreras;SI;Salon Eventos 3;Providencia;100000;100000;transferencia;30/1/25;NO;
;20/4/25;20/4/25 10:00;20/4/25 11:00;cancelada;17678051-7;Juan Perez;SI;Cancha Basquetbol Aire Libre;Santa Cruz;25000;0;;20/4/25;NO;
;18/12/25;18/12/25 8:00;18/12/25 9:00;cancelada;8009585-6;Luis Contreras;SI;Cancha Tenis Aire Libre;Providencia;25000;0;;13/12/25;NO;
;3/4/25;3/4/25 21:00;3/4/25 22:00;reservada;20548964-9;Maria Gonzalez;SI;Restaurant 1;Santa Cruz;30000;0;;3/4/25;NO;
;13/11/25;13/11/25;22/11/25;reservada;23939713-1;Pedro Rojas;NO;Cabaña 1;La Florida;1080000;0;;8/11/25;NO;
;8/10/25;8/10/25 10:00;8/10/25 11:00;ejecutada;10679568-1;Luis Contreras;SI;Cancha Tenis Aire Libre;Santiago Centro;25000;25000;transferencia;6/10/25;NO;
;12/05/25;12/05/25;16/05/25;ejecutada;8482497-6;Ana Silva;NO;Cabaña 7;Santiago Centro;480000;480000;transferencia;12/5/25;NO;
;18/11/25;18/11/25 15:00;18/11/25 16:00;reservada;20666104-6;Juan Perez;NO;Restaurant 2;Santiago Centro;30000;0;;17/11/25;SI;
;14/8/25;14/8/25 18:00;14/8/25 19:00;reservada;16530236-2;Pedro Rojas;SI;Salon Eventos 3;Santa Cruz;100000;0;;10/8/25;NO;
;11/10/25;11/10/25;18/10/25;cancelada;24949712-6;Luis Contreras;NO;Cabaña 19;Santa Cruz;840000;0;;9/10/25;NO;
;03/05/25;03/05/25;06/05/25;cancelada;22071602-3;Pedro Rojas;SI;Cabaña 12;La Florida;360000;0;;3/5/25;NO;
;17/3/25;17/3/25 9:00;17/3/25 10:00;cancelada;16984924-2;Pedro Rojas;SI;Cancha Futbolito Techada;Providencia;35000;0;;14/3/25;NO;
;12/03/25;12/03/25;22/03/25;ejecutada;7864408-7;Maria Gonzalez;NO;Cabaña 6;Santa Cruz;1200000;1200000;tarjeta;12/3/25;NO;
;13/07/25;13/07/25;16/07/25;reservada;5135966-6;Pedro Rojas;NO;Cabaña 4;La Florida;360000;0;;10/7/25;NO;
;20/7/25;20/7/25 22:00;20/7/25 23:00;cancelada;21525938-2;Ana Silva;NO;Cancha Padel Aire Libre;La Florida;25000;0;;19/7/25;NO;
;15//25;02/12/25;07/12/25;cancelada;5645014-9;Pedro Rojas;SI;Cabaña 1 X;La Florida;600000;0;;27/11/25;SI;referencia/fecha
;3/3/25;3/3/25 21:00;3/3/25 22:00;cancelada;6126625-9;Maria Gonzalez;SI;Salon Eventos 3;Santiago Centro;100000;0;;27/2/25;NO;
;2/8/25;2/8/25 19:00;2/8/25 20:00;cancelada;20394775-5;Pedro Rojas;SI;Piscina 2;La Florida;20000;0;;31/7/25;NO;
;19/03/25;19/03/25;24/03/25;cancelada;7500349-8;Pedro Rojas;SI;Cabaña 17;La Florida;600000;0;;16/3/25;NO;
;2/8/25;2/8/25 18:00;2/8/25 19:00;ejecutada;6436217-8;Pedro Rojas;SI;Restaurant 2;La Florida;30000;30000;efectivo;2/8/25;NO;
;6/10/25;6/10/25;6/10/25 12:00;cancelada;12275678-5;Juan Perez;SI;Cancha Tenis Aire Libre X;Santa Cruz;25000;0;;6/10/25;SI;referencia/fecha
;2/8/25;2/8/25 14:00;2/8/25 15:00;reservada;17213598-6;Pedro Rojas;SI;Cancha Basquetbol Techada;Providencia;35000;0;;31/7/25;NO;
;11/03/25;11/03/25;20/03/25;cancelada;8119421-1;Pedro Rojas;NO;Cabaña 9;Providencia;1080000;0;;7/3/25;NO;
;08/10/25;08/10/25;09/10/25;ejecutada;14379495-4;Luis Contreras;NO;Cabaña 12;Providencia;120000;120000;efectivo;4/10/25;NO;
;06/09/25;06/09/25;15/09/25;cancelada;13775714-1;Luis Contreras;SI;Cabaña 15 X;Santa Cruz;1080000;0;;4/9/25;SI;referencia
;03/02/25;03/02/25;08/02/25;cancelada;17186404-6;Ana Silva;NO;Cabaña 17;Providencia;600000;0;;2/2/25;NO;
;08/03/25;08/03/25;14/03/25;cancelada;16012079-7;Ana Silva;NO;Cabaña 9;Santiago Centro;720000;0;;7/3/25;NO;
;03/06/25;03/06/25;12/06/25;ejecutada;19443419-7;Pedro Rojas;SI;Cabaña 5;Santa Cruz;1080000;1080000;tarjeta;31/5/25;NO;
;06/06/25;06/06/25;07/06/25;cancelada;18647741-3;Ana Silva;NO;Cabaña 13;Providencia;120000;0;;4/6/25;NO;
;07/09/25;07/09/25;11/09/25;ejecutada;6807678-1;Pedro Rojas;NO;Cabaña 6;Santiago Centro;480000;480000;efectivo;7/9/25;NO;
;14/04/25;14/04/25;10/10/;reservada;15600733-8;Luis Contreras;NO;Cabaña 12;Santa Cruz;960000;0;;14/4/25;SI;rut/fecha
;4/8/25;4/8/25 11:00;4/8/25 12:00;reservada;13761426-K;Maria Gonzalez;SI;Cancha Basquetbol Aire Libre;La Florida;25000;0;;2/8/25;NO;
;17/10/25;17/10/25;23/10/25;cancelada;14254375-3;Pedro Rojas;SI;Cabaña 13;Providencia;720000;0;;15/10/25;NO;
;16/03/25;16/03/25;21/03/25;ejecutada;7101185-2;Pedro Rojas;SI;Cabaña 3;La Florida;600000;600000;efectivo;13/3/25;NO;
;02/03/25;02/03/25;10/10/;reservada;17470694-8;Pedro Rojas;NO;Cabaña 3;La Florida;720000;0;;25/2/25;SI;fecha
;15/07/25;15/07/25;21/07/25;ejecutada;21178138-6;Ana Silva;NO;Cabaña 10;La Florida;720000;720000;transferencia;15/7/25;NO;
;6/2/25;6/2/25 9:00;6/2/25 10:00;reservada;9680719-8;Ana Silva;NO;Salon Eventos 4;La Florida;100000;0;;2/2/25;NO;
;18/12/25;18/12/25;26/12/25;ejecutada;16889614-K;Pedro Rojas;NO;Cabaña 10;La Florida;960000;960000;efectivo;16/12/25;NO;
;20/07/25;20/07/25;30/07/25;ejecutada;11483413-0;Ana Silva;NO;Cabaña 17;Santiago Centro;1200000;1200000;efectivo;18/7/25;NO;
;07/04/25;07/04/25;11/04/25;reservada;16054257-8;Luis Contreras;NO;Cabaña 17;La Florida;480000;0;;7/4/25;NO;
;10/5/25;10/5/25 11:00;10/5/25 12:00;ejecutada;21452115-6;Pedro Rojas;NO;Cancha Padel Techada;Providencia;35000;35000;transferencia;6/5/25;NO;
;12/11/25;12/11/25 16:00;12/11/25 17:00;ejecutada;24639890-9;Luis Contreras;NO;Cancha Futbolito Aire Libre;Providencia;25000;25000;efectivo;12/11/25;NO;
;16/6/25;16/6/25 20:00;16/6/25 21:00;cancelada;17786278-9;Juan Perez;NO;Cancha Basquetbol Aire Libre;La Florida;25000;0;;12/6/25;NO;
;12/12/25;12/12/25;12/12/25 14:00;ejecutada;22071602-3;Pedro Rojas;NO;Cancha Basquetbol Techada X;La Florida;35000;35000;efectivo;12/12/25;SI;referencia/fecha
;02/09/25;02/09/25;10/09/25;cancelada;17623443-1;Maria Gonzalez;SI;Cabaña 20;La Florida;960000;0;;2/9/25;NO;
;13/02/25;13/02/25;23/02/25;ejecutada;24090729-1;Pedro Rojas;SI;Cabaña 13;Santiago Centro;1200000;1200000;tarjeta;8/2/25;NO;
;06/05/25;06/05/25;07/05/25;ejecutada;11483413-0;Ana Silva;NO;Cabaña 7;Providencia;120000;120000;transferencia;1/5/25;NO;
;16/12/25;16/12/25;23/12/25;cancelada;24826693-7;Luis Contreras;SI;Cabaña 16;La Florida;840000;0;;15/12/25;NO;
;14/02/25;14/02/25;18/02/25;reservada;14582283-1;Luis Contreras;NO;Cabaña 4;Providencia;480000;0;;11/2/25;NO;
;abc/12/25;17/07/25;20/07/25;ejecutada;23835968-7;Juan Perez;NO;Cabaña 7;Santiago Centro;360000;360000;tarjeta;14/7/25;SI;rut/fecha
;10/12/25;10/12/25;14/12/25;cancelada;20548964-9;Maria Gonzalez;SI;Cabaña 1;Santa Cruz;480000;0;;7/12/25;NO;
;3/4/25;3/4/25 20:00;3/4/25 21:00;cancelada;5633053-4;Maria Gonzalez;NO;Cancha Padel Aire Libre;Santiago Centro;25000;0;;31/3/25;NO;
;01/10/25;01/10/25;11/10/25;ejecutada;8309406-0;Luis Contreras;NO;Cabaña 16;Providencia;1200000;1200000;tarjeta;28/9/25;NO;
;6/2/25;6/2/25 19:00;6/2/25 20:00;reservada;9179703-8;Maria Gonzalez;NO;Salon Eventos 2;Santa Cruz;100000;0;;6/2/25;NO;
;01/04/25;01/04/25;09/04/25;cancelada;16094679-2;Ana Silva;SI;Cabaña 4;Santa Cruz;960000;0;;27/3/25;NO;
;17/06/25;17/06/25;26/06/25;ejecutada;12809545-4;Juan Perez;SI;Cabaña 5;Santa Cruz;1080000;1080000;tarjeta;13/6/25;NO;
;13/10/25;13/10/25;23/10/25;cancelada;17096666-K;Juan Perez;SI;Cabaña 7;La Florida;1200000;0;;9/10/25;NO;
;13/01/25;15//25;22/01/25;reservada;23939713-7;Pedro Rojas;NO;Cabaña 8;Providencia;1080000;0;;13/1/25;SI;rut/fecha
;10/11/25;10/11/25;14/11/25;reservada;15594513-3;Pedro Rojas;SI;Cabaña 9;Santa Cruz;480000;0;;10/11/25;NO;
;15/3/25;15/3/25 18:00;15/3/25 19:00;reservada;5590602-5;Juan Perez;NO;Cancha Basquetbol Techada;Santa Cruz;35000;0;;15/3/25;NO;
;11/05/25;11/05/25;17/05/25;cancelada;18467664-8;Pedro Rojas;SI;Cabaña 17;Santiago Centro;720000;0;;11/5/25;NO;
;3/5/25;3/5/25 10:00;3/5/25 11:00;ejecutada;16054257-8;Luis Contreras;SI;Restaurant 2;Santa Cruz;30000;30000;transferencia;2/5/25;NO;
;11/12/25;11/12/25;13/12/25;ejecutada;19132405-6;Luis Contreras;SI;Cabaña 18;La Florida;240000;240000;efectivo;11/12/25;NO;
;13/8/25;13/8/25 10:00;13/8/25 11:00;ejecutada;6126625-9;Maria Gonzalez;NO;Salon Eventos 4;Santa Cruz;100000;100000;tarjeta;10/8/25;NO;
;03/06/25;03/06/25;06/06/25;reservada;10238227-7;Ana Silva;SI;Cabaña 9;Santa Cruz;360000;0;;31/5/25;NO;
;7/10/25;7/10/25 13:00;7/10/25 14:00;cancelada;17186404-6;Ana Silva;NO;Cancha Tenis Aire Libre;Santiago Centro;25000;0;;7/10/25;NO;
;19/07/25;19/07/25;26/07/25;cancelada;20713143-1;Luis Contreras;NO;Cabaña 3;Providencia;840000;0;;16/7/25;NO;
;18/10/25;18/10/25;18/10/25 9:00;reservada;11414686-2;Maria Gonzalez;NO;Cancha Tenis Aire Libre;Santiago Centro;25000;0;;18/10/25;SI;fecha
;11/10/25;11/10/25 19:00;11/10/25 20:00;reservada;12385234-6;Maria Gonzalez;NO;Salon Eventos 2;La Florida;100000;0;;6/10/25;NO;
;16/5/25;16/5/25 22:00;16/5/25 23:00;ejecutada;21178138-6;Ana Silva;SI;Piscina 1;Santa Cruz;20000;20000;tarjeta;11/5/25;NO;
;14/11/25;14/11/25 10:00;14/11/25 11:00;reservada;11219981-0;Pedro Rojas;SI;Piscina 2;La Florida;20000;0;;11/11/25;NO;
;15/05/25;15/05/25;23/05/25;cancelada;7500349-8;Pedro Rojas;NO;Cabaña 17;Santiago Centro;960000;0;;15/5/25;NO;
;02/03/25;02/03/25;03/03/25;cancelada;24949712-6;Luis Contreras;SI;Cabaña 11;Santa Cruz;120000;0;;28/2/25;NO;
;07/01/25;07/01/25;17/01/25;reservada;22852757-2;Ana Silva;NO;Cabaña 20;Providencia;1200000;0;;4/1/25;NO;
;10/10/25;10/10/25 15:00;10/10/25 16:00;reservada;5149595-0;Maria Gonzalez;NO;Cancha Padel Techada;Santiago Centro;35000;0;;10/10/25;NO;
;14/03/25;14/03/25;18/03/25;cancelada;24693299-9;Pedro Rojas;NO;Cabaña 19;Santa Cruz;480000;0;;12/3/25;NO;
;12/07/25;12/07/25;18/07/25;reservada;11885348-2;Pedro Rojas;NO;Cabaña 20;Providencia;720000;0;;9/7/25;NO;
;13/05/25;13/05/25;16/05/25;cancelada;10464361-2;Luis Contreras;NO;Cabaña 12;La Florida;360000;0;;11/5/25;NO;
;17/03/25;17/03/25;26/03/25;ejecutada;16550967-6;Ana Silva;NO;Cabaña 4;Providencia;1080000;1080000;tarjeta;16/3/25;NO;
;18/02/25;18/02/25;23/02/25;cancelada;22367120-9;Pedro Rojas;NO;Cabaña 9;Providencia;600000;0;;18/2/25;NO;
;12/1/25;12/1/25 15:00;12/1/25 16:00;reservada;14586066-0;Ana Silva;SI;Cancha Tenis Techada;Santiago Centro;35000;0;;10/1/25;NO;
;07/04/25;07/04/25;11/04/25;cancelada;13650113-5;Pedro Rojas;NO;Cabaña 10;Santiago Centro;480000;0;;7/4/25;NO;
;20/7/25;20/7/25 12:00;20/7/25 13:00;cancelada;21156024-K;Maria Gonzalez;SI;Salon Eventos 4;Santiago Centro;100000;0;;17/7/25;NO;
;03/01/25;03/01/25;07/01/25;reservada;11450455-6;Luis Contreras;SI;Cabaña 8;Santiago Centro;480000;0;;29/12/24;NO;
;16/07/25;16/07/25;17/07/25;ejecutada;21217431-9;Juan Perez;NO;Cabaña 7;Providencia;120000;120000;efectivo;14/7/25;NO;
;05/09/25;05/09/25;13/09/25;cancelada;22329198-8;Luis Contreras;NO;Cabaña 20;La Florida;960000;0;;1/9/25;NO;
;18/03/25;18/03/25;28/03/25;ejecutada;9978267-6;Pedro Rojas;NO;Cabaña 18;La Florida;1200000;1200000;tarjeta;14/3/25;NO;
;16/3/25;16/3/25 15:00;16/3/25 16:00;reservada;7826282-6;Maria Gonzalez;NO;Cancha Tenis Techada;Santiago Centro;35000;0;;15/3/25;NO;
;15/05/25;15/05/25;19/05/25;cancelada;23021174-4;Maria Gonzalez;SI;Cabaña 2;Providencia;480000;0;;11/5/25;NO;
;01/06/25;01/06/25;08/06/25;ejecutada;16987649-5;Maria Gonzalez;SI;Cabaña 7;La Florida;840000;840000;transferencia;1/6/25;NO;
;07/07/25;07/07/25;14/07/25;reservada;16253483-1;Maria Gonzalez;SI;Cabaña 8;Santiago Centro;840000;0;;3/7/25;NO;
;1/11/25;1/11/25 9:00;1/11/25 10:00;reservada;16953331-8;Pedro Rojas;SI;Restaurant 1;La Florida;30000;0;;31/10/25;NO;
;08/12/25;08/12/25;11/12/25;ejecutada;22156789-7;Luis Contreras;NO;Cabaña 6;Santiago Centro;360000;360000;tarjeta;4/12/25;NO;
;12/09/25;12/09/25;18/09/25;cancelada;11885348-2;Pedro Rojas;SI;Cabaña 14;La Florida;720000;0;;7/9/25;NO;
;01/08/25;01/08/25;03/08/25;reservada;16460920-0;Maria Gonzalez;SI;Cabaña 9;La Florida;240000;0;;30/7/25;NO;
;04/10/25;04/10/25;14/10/25;reservada;15804334-3;Luis Contreras;NO;Cabaña 11;Santa Cruz;1200000;0;;4/10/25;NO;
;17/12/25;17/12/25;25/12/25;ejecutada;22287381-9;Ana Silva;SI;Cabaña 18;Santa Cruz;960000;960000;efectivo;17/12/25;NO;
;10/11/25;10/11/25;20/11/25;cancelada;15562742-5;Maria Gonzalez;NO;Cabaña 20;Santa Cruz;1200000;0;;10/11/25;NO;
;12/03/25;12/03/25;19/03/25;cancelada;17503226-6;Juan Perez;NO;Cabaña 13;Santa Cruz;840000;0;;8/3/25;NO;
;05/02/25;05/02/25;13/02/25;reservada;19895777-1;Juan Perez;SI;Cabaña 8;Santa Cruz;960000;0;;4/2/25;NO;
;11/02/25;11/02/25;15/02/25;reservada;5033421-K;Maria Gonzalez;NO;Cabaña 5;La Florida;480000;0;;6/2/25;NO;
;8/1/25;8/1/25 16:00;8/1/25 17:00;reservada;13015768-8;Pedro Rojas;SI;Cancha Tenis Techada;La Florida;35000;0;;6/1/25;NO;
;2/2/25;2/2/25 16:00;2/2/25 17:00;reservada;12275678-5;Juan Perez;NO;Cancha Basquetbol Aire Libre;Santiago Centro;25000;0;;1/2/25;NO;
;14/7/25;14/7/25 18:00;14/7/25 19:00;ejecutada;7584304-6;Ana Silva;NO;Piscina 1;La Florida;20000;20000;transferencia;12/7/25;NO;
;13/4/25;13/4/25 18:00;13/4/25 19:00;cancelada;17877832-3;Pedro Rojas;SI;Salon Eventos 4;Santa Cruz;100000;0;;13/4/25;NO;
;12/06/25;12/06/25;13/06/25;reservada;13775714-1;Luis Contreras;SI;Cabaña 4;La Florida;120000;0;;8/6/25;NO;
;08/06/25;08/06/25;12/06/25;ejecutada;19161282-5;Luis Contreras;NO;Cabaña 17;Providencia;480000;480000;transferencia;6/6/25;NO;
;08/02/25;08/02/25;12/02/25;reservada;10776000-3;Luis Contreras;SI;Cabaña 17;Santiago Centro;480000;0;;8/2/25;SI;rut
;10/09/25;10/09/25;12/09/25;ejecutada;5137322-7;Juan Perez;NO;Cabaña 15;La Florida;240000;240000;transferencia;9/9/25;NO;
;04/07/25;04/07/25;09/07/25;cancelada;16170965-4;Luis Contreras;NO;Cabaña 7;Providencia;600000;0;;29/6/25;NO;
;11/02/25;11/02/25;14/02/25;cancelada;19195488-2;Pedro Rojas;NO;Cabaña 15;Providencia;360000;0;;9/2/25;NO;
;03/02/25;03/02/25;13/02/25;ejecutada;18692916-0;Ana Silva;SI;Cabaña 6;Providencia;1200000;1200000;tarjeta;1/2/25;NO;
;02/08/25;15//25;08/08/25;ejecutada;18647741-3;Ana Silva;NO;Cabaña 19 X;Providencia;720000;720000;transferencia;2/8/25;SI;referencia/fecha
;15/11/25;15/11/25;23/11/25;cancelada;19937737-K;Luis Contreras;NO;Cabaña 19;Santa Cruz;960000;0;;13/11/25;NO;
;04/04/25;04/04/25;07/04/25;cancelada;20672079-4;Juan Perez;SI;Cabaña 18;Santa Cruz;360000;0;;4/4/25;NO;
;03/02/25;03/02/25;05/02/25;cancelada;15819975-0;Pedro Rojas;SI;Cabaña 15;Santa Cruz;240000;0;;2/2/25;NO;
;4/12/25;4/12/25 9:00;4/12/25 10:00;reservada;10698937-0;Pedro Rojas;NO;Cancha Basquetbol Aire Libre;Providencia;25000;0;;3/12/25;NO;
;/05/25;12/12/25;13/12/25;reservada;16107528-0;Juan Perez;SI;Cabaña 17;Santiago Centro;120000;0;;8/12/25;SI;fecha
;10/10/25;10/10/25;14/10/25;reservada;15088563-9;Pedro Rojas;NO;Cabaña 9;Santa Cruz;480000;0;;5/10/25;NO;
;07/05/25;07/05/25;11/05/25;reservada;15790934-7;Maria Gonzalez;NO;Cabaña 1;Providencia;480000;0;;7/5/25;NO;
;09/03/25;09/03/25;10/03/25;cancelada;20086756-4;Maria Gonzalez;NO;Cabaña 7;Providencia;120000;0;;8/3/25;NO;
;05/06/25;05/06/25;12/06/25;ejecutada;6884770-2;Luis Contreras;SI;Cabaña 20;Santiago Centro;840000;840000;efectivo;4/6/25;NO;
;2/10/25;2/10/25 8:00;2/10/25 9:00;reservada;10698937-0;Pedro Rojas;NO;Salon Eventos 3;Santa Cruz;100000;0;;28/9/25;NO;
;04/02/25;04/02/25;11/02/25;cancelada;14756759-6;Juan Perez;NO;Cabaña 10;La Florida;840000;0;;3/2/25;NO;
;04/04/25;04/04/25;06/04/25;reservada;7416582-6;Pedro Rojas;NO;Cabaña 14;Providencia;240000;0;;1/4/25;NO;
;10/06/25;10/06/25;15/06/25;ejecutada;13014055-6;Maria Gonzalez;NO;Cabaña 1;Santa Cruz;600000;600000;efectivo;9/6/25;NO;
;3/8/25;3/8/25 13:00;3/8/25 14:00;reservada;13792450-1;Juan Perez;NO;Salon Eventos 1;La Florida;100000;0;;30/7/25;NO;
;10/09/25;10/09/25;16/09/25;reservada;22287381-9;Ana Silva;SI;Cabaña 13;La Florida;720000;0;;9/9/25;NO;
;18/03/25;18/03/25;23/03/25;cancelada;10289799-4;Maria Gonzalez;NO;Cabaña 20 X;Providencia;600000;0;;16/3/25;SI;referencia
;16/8/25;16/8/25 19:00;16/8/25 20:00;reservada;16990297-6;Ana Silva;SI;Cancha Padel Techada;Santa Cruz;35000;0;;14/8/25;NO;
;20/09/25;20/09/25;26/09/25;cancelada;6436217-8;Pedro Rojas;NO;Cabaña 9;Santiago Centro;720000;0;;16/9/25;NO;
;20/01/25;20/01/25;24/01/25;ejecutada;13650113-5;Pedro Rojas;NO;Cabaña 11;La Florida;480000;480000;efectivo;20/1/25;NO;
;17/08/25;17/08/25;18/08/25;cancelada;17503226-6;Juan Perez;SI;Cabaña 18;La Florida;120000;0;;14/8/25;NO;
;11/2/25;11/2/25 11:00;11/2/25 12:00;ejecutada;21821683-8;Maria Gonzalez;NO;Cancha Padel Techada;Santiago Centro;35000;35000;efectivo;11/2/25;NO;
;6/12/25;6/12/25 10:00;6/12/25 11:00;ejecutada;14952228-K;Juan Perez;SI;Cancha Tenis Techada;Santiago Centro;35000;35000;efectivo;4/12/25;NO;
;01/08/25;01/08/25;10/08/25;ejecutada;6126593-7;Juan Perez;SI;Cabaña 5;Santiago Centro;1080000;1080000;tarjeta;31/7/25;NO;
;15/09/25;15/09/25;16/09/25;reservada;21156024-5;Maria Gonzalez;SI;Cabaña 2;Providencia;120000;0;;15/9/25;SI;rut
;13/08/25;13/08/25;22/08/25;ejecutada;15826885-K;Juan Perez;NO;Cabaña 12;Santiago Centro;1080000;1080000;efectivo;9/8/25;NO;
;31/02/25;04/04/25;14/04/25;cancelada;14394380-1;Pedro Rojas;SI;Cabaña 19 X;La Florida;1200000;0;;4/4/25;SI;referencia/fecha
;16/12/25;16/12/25;20/12/25;cancelada;21162735-2;Juan Perez;NO;Cabaña 17;Providencia;480000;0;;13/12/25;NO;
;11/11/25;11/11/25 8:00;11/11/25 9:00;cancelada;16054257-8;Luis Contreras;NO;Salon Eventos 2;Santiago Centro;100000;0;;6/11/25;NO;
;05/01/25;05/01/25;13/01/25;reservada;13014055-6;Maria Gonzalez;NO;Cabaña 6;La Florida;960000;0;;31/12/24;NO;
;07/03/25;07/03/25;11/03/25;cancelada;5427877-2;Juan Perez;SI;Cabaña 4;La Florida;480000;0;;2/3/25;NO;
;03/12/25;03/12/25;05/12/25;reservada;21349217-9;Luis Contreras;NO;Cabaña 2;La Florida;240000;0;;29/11/25;NO;
;11/1/25;11/1/25 20:00;11/1/25 21:00;ejecutada;12651989-3;Luis Contreras;NO;Cancha Padel Techada;Providencia;35000;35000;efectivo;9/1/25;NO;
;18/4/25;18/4/25;18/4/25 21:00;ejecutada;15338995-0;Ana Silva;SI;Salon Eventos 3;Santiago Centro;100000;100000;transferencia;15/4/25;SI;fecha
;18/09/25;18/09/25;22/09/25;cancelada;20859114-2;Luis Contreras;SI;Cabaña 15;Santiago Centro;480000;0;;18/9/25;NO;
;18/06/25;18/06/25;22/06/25;cancelada;9354610-5;Luis Contreras;SI;Cabaña 10;La Florida;480000;0;;16/6/25;NO;
;13/6/25;13/6/25 16:00;13/6/25 17:00;reservada;5373421-9;Luis Contreras;NO;Piscina 1;Santa Cruz;20000;0;;12/6/25;NO;
;11/5/25;11/5/25 12:00;11/5/25 13:00;reservada;13006129-K;Pedro Rojas;NO;Restaurant 2;Santa Cruz;30000;0;;9/5/25;NO;
;11/6/25;11/6/25 21:00;11/6/25 22:00;cancelada;6126625-9;Maria Gonzalez;NO;Cancha Padel Aire Libre;La Florida;25000;0;;6/6/25;NO;
;18/1/25;18/1/25 18:00;18/1/25 19:00;ejecutada;20194778-2;Ana Silva;NO;Cancha Padel Aire Libre;Santa Cruz;25000;25000;tarjeta;13/1/25;NO;
;07/05/25;07/05/25;11/05/25;cancelada;24090729-1;Pedro Rojas;SI;Cabaña 19;Santa Cruz;480000;0;;3/5/25;NO;
;18/07/25;18/07/25;23/07/25;ejecutada;24945636-5;Ana Silva;SI;Cabaña 14;La Florida;600000;600000;efectivo;17/7/25;NO;
;08/07/25;08/07/25;18/07/25;cancelada;7416582-6;Pedro Rojas;NO;Cabaña 17;Santiago Centro;1200000;0;;4/7/25;NO;
;01/05/25;01/05/25;04/05/25;reservada;18646254-8;Pedro Rojas;SI;Cabaña 5;La Florida;360000;0;;27/4/25;NO;
;09/09/25;09/09/25;19/09/25;reservada;13203913-5;Maria;SI;Cabaña 1;Santiago Centro;1200000;0;;6/9/25;SI;nombre
;03/01/25;03/01/25;11/01/25;reservada;13014055-6;Maria Gonzalez;NO;Cabaña 18;Santiago Centro;960000;0;;30/12/24;NO;
;12/6/25;12/6/25 8:00;12/6/25 9:00;cancelada;20128868-1;Ana Silva;SI;Salon Eventos 2;Santiago Centro;100000;0;;10/6/25;NO;
;02/02/25;abc/12/25;08/02/25;ejecutada;13006208-3;Luis Contreras;SI;Cabaña 8 X;La Florida;720000;720000;efectivo;30/1/25;SI;referencia/fecha
;09/02/25;09/02/25;16/02/25;reservada;21178138-6;Ana Silva;SI;Cabaña 20;Santa Cruz;840000;0;;6/2/25;NO;
;05/11/25;05/11/25;13/11/25;reservada;21454415-6;Maria Gonzalez;NO;Cabaña 18;La Florida;960000;0;;5/11/25;NO;
;12/3/25;12/3/25 22:00;12/3/25 23:00;cancelada;10698937-0;Pedro Rojas;NO;Cancha Padel Techada;La Florida;35000;0;;7/3/25;NO;
;8/8/25;8/8/25 19:00;8/8/25 20:00;cancelada;11627877-4;Pedro Rojas;NO;Restaurant 2;La Florida;30000;0;;8/8/25;NO;
;6/6/25;6/6/25 14:00;6/6/25 15:00;reservada;22108526-4;Ana Silva;NO;Salon Eventos 4 X;La Florida;100000;0;;3/6/25;SI;referencia
;1/9/25;1/9/25 12:00;1/9/25 13:00;ejecutada;16972312-5;Juan Perez;NO;Piscina 1;Santiago Centro;20000;20000;transferencia;27/8/25;NO;
;18/02/25;18/02/25;26/02/25;cancelada;6807678-1;Pedro Rojas;NO;Cabaña 19;Providencia;960000;0;;14/2/25;NO;
;9/3/25;9/3/25 22:00;9/3/25 23:00;ejecutada;8160344-8;Luis Contreras;NO;Salon Eventos 3;Santa Cruz;100000;100000;tarjeta;4/3/25;NO;
;11/03/25;11/03/25;16/03/25;reservada;7607462-3;Pedro Rojas;SI;Cabaña 20;Santa Cruz;600000;0;;9/3/25;NO;
;19/08/25;19/08/25;21/08/25;cancelada;16012079-7;Ana Silva;SI;Cabaña 1;Providencia;240000;0;;16/8/25;NO;
;17/6/25;17/6/25 18:00;17/6/25 19:00;cancelada;18647741-3;Ana Silva;NO;Cancha Futbolito Techada;La Florida;35000;0;;13/6/25;NO;
;1/2/25;1/2/25 10:00;1/2/25 11:00;cancelada;15505875-7;Pedro Rojas;NO;Piscina 1;Santiago Centro;20000;0;;1/2/25;NO;
;16/10/25;16/10/25 16:00;16/10/25 17:00;ejecutada;16336276-7;Pedro Rojas;NO;Cancha Tenis Techada;Santa Cruz;35000;35000;transferencia;11/10/25;NO;
;19/11/25;19/11/25;28/11/25;reservada;14254375-3;Pedro Rojas;SI;Cabaña 7;Santa Cruz;1080000;0;;14/11/25;NO;
;18/11/25;18/11/25;20/11/25;reservada;16887747-1;Luis Contreras;SI;Cabaña 14;Providencia;240000;0;;16/11/25;NO;
;01/04/25;01/04/25;07/04/25;reservada;14565689-3;Pedro Rojas;NO;Cabaña 18;Providencia;720000;0;;27/3/25;NO;
;13/11/25;13/11/25;19/11/25;ejecutada;19715915-4;Luis Contreras;NO;Cabaña 13;Santiago Centro;720000;720000;tarjeta;13/11/25;NO;
;10/9/25;10/9/25 8:00;10/9/25 9:00;reservada;12578522-0;Ana Silva;NO;Piscina 1;Providencia;20000;0;;5/9/25;NO;
;10/10/25;10/10/25;11/10/25;cancelada;18193118-3;Luis Contreras;SI;Cabaña 19;Providencia;120000;0;;5/10/25;NO;
;11/01/25;11/01/25;13/01/25;cancelada;19052661-5;Maria Gonzalez;NO;Cabaña 14;Providencia;240000;0;;6/1/25;NO;
;04/12/25;04/12/25;11/12/25;reservada;15838325-K;Maria;SI;Cabaña 3;La Florida;840000;0;;4/12/25;SI;nombre
;16/07/25;16/07/25;19/07/25;cancelada;18053720-1;Ana Silva;SI;Cabaña 20;Providencia;360000;0;;13/7/25;NO;
;04/07/25;04/07/25;08/07/25;ejecutada;20086756-4;Maria Gonzalez;NO;Cabaña 9;Santa Cruz;480000;480000;transferencia;1/7/25;NO;
;15/03/25;15/03/25;16/03/25;reservada;15083988-2;Juan Perez;NO;Cabaña 19;Santiago Centro;120000;0;;10/3/25;NO;
;20/7/25;20/7/25 19:00;20/7/25 20:00;reservada;13650113-5;Pedro Rojas;NO;Salon Eventos 1;La Florida;100000;0;;20/7/25;NO;
;20/6/25;20/6/25 20:00;20/6/25 21:00;reservada;17654518-6;Luis Contreras;SI;Cancha Basquetbol Techada;Santa Cruz;35000;0;;20/6/25;NO;
;17/01/25;17/01/25;23/01/25;ejecutada;6512346-0;Maria Gonzalez;SI;Cabaña 4;Santa Cruz;720000;720000;transferencia;13/1/25;NO;
;19/10/25;19/10/25;23/10/25;cancelada;14651959-8;Maria Gonzalez;NO;Cabaña 16;Santa Cruz;480000;0;;19/10/25;NO;
;11/2/25;11/2/25 12:00;11/2/25 13:00;ejecutada;10934689-6;Pedro Rojas;NO;Salon Eventos 3;La Florida;100000;100000;tarjeta;11/2/25;NO;
;2/11/25;2/11/25 14:00;2/11/25 15:00;ejecutada;13015768-8;Pedro Rojas;SI;Restaurant 1;Providencia;30000;30000;transferencia;2/11/25;NO;
;03/05/25;03/05/25;12/05/25;ejecutada;19599688-1;Juan Perez;SI;Cabaña 5;Providencia;1080000;1080000;transferencia;3/5/25;NO;
;05/03/25;05/03/25;06/03/25;ejecutada;7715981-9;Luis Contreras;SI;Cabaña 18;La Florida;120000;120000;transferencia;3/3/25;NO;
;03/12/25;03/12/25;07/12/25;ejecutada;14952228-K;Juan Perez;SI;Cabaña 7;La Florida;480000;480000;efectivo;28/11/25;NO;
;13/7/25;13/7/25 20:00;13/7/25 21:00;ejecutada;16887747-1;Luis;SI;Cancha Padel Aire Libre;La Florida;25000;25000;transferencia;12/7/25;SI;nombre
;09/06/25;09/06/25;10/06/25;reservada;23811418-7;Maria Gonzalez;NO;Cabaña 13;Santa Cruz;120000;0;;7/6/25;NO;
;13/11/25;13/11/25;15/11/25;ejecutada;16012079-7;Ana Silva;NO;Cabaña 7;Providencia;240000;240000;transferencia;11/11/25;NO;
;05/10/25;05/10/25;06/10/25;reservada;20997181-K;Juan Perez;NO;Cabaña 20;Santiago Centro;120000;0;;30/9/25;NO;
;19/3/25;19/3/25 19:00;19/3/25 20:00;reservada;5204506-1;Ana Silva;NO;Piscina 1;Providencia;20000;0;;16/3/25;NO;
;6/6/25;6/6/25 11:00;6/6/25 12:00;cancelada;13203913-5;Maria Gonzalez;SI;Restaurant 1;La Florida;30000;0;;1/6/25;NO;
;16/05/25;16/05/25;26/05/25;cancelada;12469531-7;Pedro Rojas;SI;Cabaña 6;Providencia;1200000;0;;15/5/25;NO;
;14/4/25;14/4/25 9:00;14/4/25 10:00;cancelada;15040048-1;Juan Perez;NO;Cancha Padel Aire Libre;Santa Cruz;25000;0;;13/4/25;NO;
;02/07/25;02/07/25;08/07/25;ejecutada;20470612-3;Ana Silva;NO;Cabaña 1;Santiago Centro;720000;720000;tarjeta;2/7/25;NO;
;17/06/25;17/06/25;19/06/25;reservada;15762862-3;Pedro Rojas;SI;Cabaña 15;Santiago Centro;240000;0;;12/6/25;NO;
;12/6/25;12/6/25 21:00;12/6/25 22:00;reservada;19489863-0;Ana Silva;NO;Salon Eventos 4;La Florida;100000;0;;7/6/25;NO;
;06/11/25;06/11/25;15/11/25;cancelada;11862631-1;Ana Silva;NO;Cabaña 7;Santa Cruz;1080000;0;;4/11/25;NO;
;04/03/25;04/03/25;13/03/25;ejecutada;17275270-5;Pedro Rojas;SI;Cabaña 16;Santa Cruz;1080000;1080000;transferencia;4/3/25;NO;
;14/11/25;14/11/25 18:00;14/11/25 19:00;cancelada;22885927-3;Luis Contreras;SI;Piscina 2;La Florida;20000;0;;12/11/25;NO;
;19/01/25;19/01/25;24/01/25;reservada;10464361-2;Luis Contreras;SI;Cabaña 12;Santiago Centro;600000;0;;16/1/25;SI;
;14/03/25;14/03/25;19/03/25;cancelada;15677425-1;Luis Contreras;NO;Cabaña 20;Providencia;600000;0;;13/3/25;NO;
;05/03/25;05/03/25;09/03/25;cancelada;11640203-3;Luis Contreras;SI;Cabaña 7;Santiago Centro;480000;0;;2/3/25;NO;
;16/05/25;16/05/25;20/05/25;cancelada;21743846-2;Pedro Rojas;SI;Cabaña 5;Santa Cruz;480000;0;;11/5/25;NO;
;04/02/25;04/02/25;05/02/25;ejecutada;14379507-1;Juan Perez;SI;Cabaña 9;Santiago Centro;120000;120000;efectivo;30/1/25;NO;
;11/06/25;11/06/25;20/06/25;reservada;6858349-7;Luis Contreras;NO;Cabaña 3;Santa Cruz;1080000;0;;6/6/25;NO;
;1/3/25;1/3/25 9:00;1/3/25 10:00;reservada;15878471-8;Maria Gonzalez;NO;Cancha Tenis Aire Libre;Santa Cruz;25000;0;;28/2/25;NO;
;12/12/25;12/12/25 18:00;12/12/25 19:00;cancelada;13083215-6;Pedro Rojas;NO;Cancha Futbolito Aire Libre;Santiago Centro;25000;0;;9/12/25;NO;
;5/10/25;5/10/25 19:00;5/10/25 20:00;cancelada;22110547-8;Maria Gonzalez;SI;Cancha Padel Aire Libre;Santiago Centro;25000;0;;1/10/25;NO;
;19/8/25;19/8/25 13:00;19/8/25 14:00;cancelada;9203394-5;Luis Contreras;SI;Cancha Basquetbol Techada;Providencia;35000;0;;15/8/25;NO;
;9/9/25;9/9/25 18:00;9/9/25 19:00;reservada;12578522-0;Ana Silva;NO;Salon Eventos 4;Providencia;100000;0;;7/9/25;NO;
;18/09/25;18/09/25;28/09/25;cancelada;24635453-7;Juan Perez;SI;Cabaña 14;La Florida;1200000;0;;17/9/25;NO;
;19/2/25;19/2/25 12:00;19/2/25 13:00;reservada;23939824-3;Juan Perez;NO;Salon Eventos 2;Santa Cruz;100000;0;;17/2/25;NO;
;10/10/;10/02/25;16/02/25;ejecutada;9183641-6;Maria Gonzalez;NO;Cabaña 1 X;Santiago Centro;720000;720000;tarjeta;7/2/25;SI;referencia/fecha
;20/02/25;20/02/25;21/02/25;reservada;7130867-7;Luis Contreras;NO;Cabaña 1;Providencia;120000;0;;16/2/25;NO;
;17/9/25;17/9/25 16:00;17/9/25 17:00;cancelada;24967582-2;Maria;SI;Cancha Padel Techada;Santa Cruz;35000;0;;15/9/25;SI;nombre
;9/3/25;9/3/25 20:00;9/3/25 21:00;ejecutada;10578107-5;Luis Contreras;SI;Cancha Padel Techada;Santiago Centro;35000;35000;transferencia;8/3/25;NO;
;20/03/25;20/03/25;27/03/25;cancelada;21231316-5;Maria Gonzalez;NO;Cabaña 5;Providencia;840000;0;;17/3/25;NO;
;9/11/25;9/11/25 20:00;9/11/25 21:00;cancelada;22075434-0;Ana Silva;SI;Cancha Futbolito Techada;Providencia;35000;0;;4/11/25;NO;
;18/7/25;18/7/25 15:00;18/7/25 16:00;reservada;19652678-1;Juan Perez;NO;Cancha Tenis Aire Libre;Santiago Centro;25000;0;;16/7/25;NO;
;16/09/25;16/09/25;17/09/25;cancelada;21882154-5;Maria Gonzalez;NO;Cabaña 3;La Florida;120000;0;;13/9/25;NO;
;08/02/25;08/02/25;17/02/25;ejecutada;24826693-7;Luis Contreras;NO;Cabaña 10;La Florida;1080000;1080000;efectivo;4/2/25;NO;
;11/9/25;11/9/25 10:00;11/9/25 11:00;cancelada;19484029-2;Luis Contreras;SI;Cancha Tenis Aire Libre;Providencia;25000;0;;6/9/25;NO;
;18/6/25;18/6/25 9:00;18/6/25 10:00;ejecutada;19484029-2;Luis Contreras;SI;Cancha Basquetbol Aire Libre;La Florida;25000;25000;transferencia;15/6/25;NO;
;02/04/25;02/04/25;10/04/25;reservada;9203394-5;Luis Contreras;SI;Cabaña 18;La Florida;960000;0;;29/3/25;NO;
;17/9/25;17/9/25 20:00;17/9/25 21:00;cancelada;24765561-1;Juan Perez;NO;Salon Eventos 4;Providencia;100000;0;;13/9/25;NO;
;18/07/25;18/07/25;27/07/25;reservada;15440317-5;Ana Silva;SI;Cabaña 3;Providencia;1080000;0;;18/7/25;NO;
;05/02/25;05/02/25;14/02/25;reservada;11727551-5;Maria Gonzalez;SI;Cabaña 16;La Florida;1080000;0;;4/2/25;NO;
;03/08/25;03/08/25;10/08/25;reservada;20928234-8;Pedro Rojas;SI;Cabaña 19;Santa Cruz;840000;0;;29/7/25;NO;
;15/04/25;15/04/25;24/04/25;ejecutada;13604604-7;Juan Perez;NO;Cabaña 19;Santiago Centro;1080000;1080000;tarjeta;13/4/25;NO;
;10/9/25;10/9/25 10:00;10/9/25 11:00;ejecutada;21454860-7;Ana Silva;SI;Cancha Tenis Aire Libre;Santa Cruz;25000;25000;efectivo;7/9/25;NO;
;12/12/25;12/12/25;14/12/25;reservada;16759872-2;Ana Silva;SI;Cabaña 13;Providencia;240000;0;;7/12/25;NO;
;12/6/25;12/6/25 14:00;12/6/25 15:00;reservada;22512308-K;Pedro Rojas;SI;Cancha Tenis Techada;La Florida;35000;0;;11/6/25;NO;
;14/4/25;14/4/25 21:00;14/4/25 22:00;ejecutada;20408365-7;Maria Gonzalez;SI;Salon Eventos 4;La Florida;100000;100000;tarjeta;10/4/25;NO;
;3/5/25;3/5/25 20:00;3/5/25 21:00;reservada;12891005-0;Luis Contreras;SI;Salon Eventos 3;Santa Cruz;100000;0;;3/5/25;NO;
;16/8/25;16/8/25 20:00;16/8/25 21:00;ejecutada;12730200-6;Maria Gonzalez;NO;Cancha Tenis Techada;Providencia;35000;35000;tarjeta;16/8/25;NO;
;05/07/25;05/07/25;06/07/25;cancelada;15120266-7;Juan Perez;SI;Cabaña 4;Providencia;120000;0;;5/7/25;NO;
;11/12/25;11/12/25 16:00;11/12/25 17:00;cancelada;11984768-0;Luis Contreras;SI;Restaurant 2;La Florida;30000;0;;10/12/25;NO;
;20/02/25;20/02/25;24/02/25;reservada;17049622-1;Pedro Rojas;NO;Cabaña 14;Santa Cruz;480000;0;;19/2/25;NO;
;10/08/25;10/08/25;14/08/25;cancelada;11263892-K;Luis Contreras;NO;Cabaña 19;Providencia;480000;0;;10/8/25;NO;
;18/6/25;18/6/25 12:00;18/6/25 13:00;cancelada;16170965-4;Luis Contreras;SI;Cancha Basquetbol Aire Libre;Santiago Centro;25000;0;;13/6/25;NO;
;10/10/;07/12/25;10/12/25;reservada;11738535-3;Maria Gonzalez;SI;Cabaña 6;Santiago Centro;360000;0;;4/12/25;SI;fecha
;14/08/25;14/08/25;20/08/25;cancelada;18971062-3;Juan Perez;NO;Cabaña 20;La Florida;720000;0;;13/8/25;NO;
;19/1/25;19/1/25 20:00;19/1/25 21:00;reservada;18329134-3;Pedro Rojas;NO;Cancha Padel Aire Libre;Santiago Centro;25000;0;;14/1/25;NO;
;8/1/25;8/1/25 15:00;8/1/25 16:00;reservada;16276138-2;Ana Silva;SI;Piscina 1;La Florida;20000;0;;5/1/25;NO;
;20/01/25;20/01/25;28/01/25;ejecutada;6436217-8;Pedro;SI;Cabaña 19;Santa Cruz;960000;960000;tarjeta;17/1/25;SI;nombre
;01/07/25;01/07/25;08/07/25;reservada;18193118-3;Luis Contreras;NO;Cabaña 16;Santa Cruz;840000;0;;27/6/25;NO;
;01/11/25;31/02/25;11/11/25;ejecutada;15035367-0;Maria Gonzalez;SI;Cabaña 19;Santiago Centro;1200000;1200000;efectivo;28/10/25;SI;rut/fecha
;5/11/25;5/11/25 17:00;5/11/25 18:00;ejecutada;13953163-9;Juan Perez;NO;Cancha Basquetbol Techada;Providencia;35000;35000;efectivo;4/11/25;NO;
;12/09/25;12/09/25;20/09/25;ejecutada;7686256-7;Luis Contreras;SI;Cabaña 17;Santiago Centro;960000;960000;efectivo;11/9/25;NO;
;04/08/25;04/08/25;12/08/25;ejecutada;24826693-7;Luis Contreras;NO;Cabaña 9;Santiago Centro;960000;960000;efectivo;31/7/25;NO;
;19/9/25;19/9/25 10:00;19/9/25 11:00;cancelada;22381571-5;Juan Perez;SI;Restaurant 2;La Florida;30000;0;;14/9/25;NO;
;14/06/25;14/06/25;22/06/25;cancelada;16487089-8;Ana Silva;SI;Cabaña 8;Santiago Centro;960000;0;;9/6/25;NO;
;07/09/25;07/09/25;15/09/25;ejecutada;10578107-5;Luis Contreras;NO;Cabaña 19;Santa Cruz;960000;960000;efectivo;6/9/25;NO;
;10/07/25;10/07/25;abc/12/25;reservada;16214968-0;Luis Contreras;NO;Cabaña 3;Santa Cruz;840000;0;;7/7/25;SI;rut/fecha
;06/03/25;06/03/25;16/03/25;reservada;16564154-K;Juan Perez;SI;Cabaña 16;La Florida;1200000;0;;5/3/25;NO;
;01/05/25;01/05/25;08/05/25;ejecutada;10949220-5;Maria Gonzalez;SI;Cabaña 9;Providencia;840000;840000;transferencia;29/4/25;SI;
;16/8/25;16/8/25 10:00;16/8/25 11:00;ejecutada;11247006-9;Luis Contreras;NO;Cancha Tenis Aire Libre;La Florida;25000;25000;efectivo;13/8/25;NO;
;18/11/25;18/11/25;25/11/25;ejecutada;24693299-9;Pedro Rojas;SI;Cabaña 1;Santa Cruz;840000;840000;tarjeta;18/11/25;NO;
;20/09/25;20/09/25;26/09/25;ejecutada;20548964-9;Maria Gonzalez;SI;Cabaña 14;Providencia;720000;720000;transferencia;20/9/25;NO;
;05/06/25;05/06/25;15/06/25;cancelada;9226402-5;Ana Silva;SI;Cabaña 13;La Florida;1200000;0;;31/5/25;NO;
;20/06/25;20/06/25;22/06/25;cancelada;24639890-9;Luis Contreras;NO;Cabaña 2;Santa Cruz;240000;0;;20/6/25;NO;
;12/09/25;12/09/25;22/09/25;cancelada;12674136-7;Pedro Rojas;SI;Cabaña 12;Santa Cruz;1200000;0;;7/9/25;NO;
;17/04/25;17/04/25;27/04/25;ejecutada;6884770-2;Luis Contreras;SI;Cabaña 4;Santiago Centro;1200000;1200000;efectivo;15/4/25;NO;
;02/12/25;02/12/25;07/12/25;cancelada;16987649-5;Maria Gonzalez;SI;Cabaña 4;Santiago Centro;600000;0;;29/11/25;NO;
;09/03/25;09/03/25;19/03/25;cancelada;12353825-0;Ana Silva;NO;Cabaña 13;Santa Cruz;1200000;0;;7/3/25;NO;
;20/2/25;20/2/25 16:00;20/2/25 17:00;cancelada;7206185-3;Luis Contreras;NO;Cancha Basquetbol Techada;Providencia;35000;0;;17/2/25;NO;
;15/9/25;15/9/25 22:00;15/9/25 23:00;reservada;19489863-0;Ana Silva;SI;Cancha Futbolito Techada;La Florida;35000;0;;14/9/25;NO;
;20/07/25;20/07/25;30/07/25;cancelada;24402541-2;Luis Contreras;SI;Cabaña 18;Providencia;1200000;0;;20/7/25;NO;
;12/7/25;12/7/25;12/7/25 13:00;ejecutada;13897062-4;Maria Gonzalez;NO;Cancha Futbolito Techada;Providencia;35000;35000;efectivo;7/7/25;SI;rut/fecha
;11/01/25;11/01/25;13/01/25;ejecutada;13065663-3;Luis Contreras;SI;Cabaña 6;La Florida;240000;240000;efectivo;10/1/25;NO;
;03/09/25;03/09/25;09/09/25;ejecutada;22981153-3;Maria Gonzalez;SI;Cabaña 14;Santa Cruz;720000;720000;transferencia;3/9/25;SI;
;11/1/25;11/1/25 8:00;11/1/25 9:00;ejecutada;18154120-2;Maria Gonzalez;NO;Piscina 2;Santiago Centro;20000;20000;transferencia;8/1/25;NO;
;3/10/25;3/10/25 9:00;3/10/25 10:00;cancelada;7101185-2;Pedro Rojas;SI;Cancha Basquetbol Aire Libre;Providencia;25000;0;;29/9/25;NO;
;08/09/25;08/09/25;17/09/25;ejecutada;7997541-9;Ana Silva;NO;Cabaña 3;La Florida;1080000;1080000;transferencia;5/9/25;SI;
;15/03/25;15/03/25;18/03/25;reservada;20470612-3;Ana Silva;NO;Cabaña 6;Santiago Centro;360000;0;;14/3/25;NO;
;8/10/25;8/10/25 14:00;8/10/25 15:00;cancelada;18467664-8;Pedro Rojas;NO;Cancha Tenis Aire Libre;Providencia;25000;0;;5/10/25;NO;
;11/06/25;11/06/25;17/06/25;ejecutada;5590602-5;Juan Perez;SI;Cabaña 6;Providencia;720000;720000;tarjeta;7/6/25;NO;
;05/09/25;05/09/25;10/09/25;ejecutada;14150365-0;Juan Perez;NO;Cabaña 13;Providencia;600000;600000;tarjeta;1/9/25;NO;
;5/9/25;5/9/25 12:00;5/9/25 13:00;ejecutada;13006129-K;Pedro Rojas;SI;Restaurant 1;La Florida;30000;30000;tarjeta;1/9/25;NO;
;9/1/25;9/1/25 20:00;9/1/25 21:00;reservada;16012079-7;Ana Silva;NO;Cancha Padel Aire Libre;Providencia;25000;0;;6/1/25;NO;
;11/12/25;11/12/25;16/12/25;reservada;24795565-8;Luis Contreras;NO;Cabaña 12;Providencia;600000;0;;6/12/25;NO;
;07/08/25;07/08/25;16/08/25;reservada;13537633-7;Maria Gonzalez;NO;Cabaña 10;La Florida;1080000;0;;5/8/25;NO;
;14/10/25;14/10/25 21:00;14/10/25 22:00;ejecutada;10427547-8;Ana Silva;NO;Restaurant 1;Providencia;30000;30000;transferencia;11/10/25;NO;
;5/11/25;5/11/25 9:00;5/11/25 10:00;reservada;20408365-7;Maria Gonzalez;NO;Piscina 2;Santa Cruz;20000;0;;5/11/25;NO;
;5/9/25;5/9/25 12:00;5/9/25 13:00;cancelada;18568061-4;Ana Silva;NO;Cancha Futbolito Techada;Providencia;35000;0;;5/9/25;NO;
;04/08/25;04/08/25;10/08/25;cancelada;20666104-6;Juan Perez;SI;Cabaña 5;Santa Cruz;720000;0;;30/7/25;NO;
;3/11/25;3/11/25 11:00;3/11/25 12:00;reservada;17505864-8;Maria Gonzalez;SI;Restaurant 2;Providencia;30000;0;;3/11/25;NO;
;06/01/25;06/01/25;16/01/25;ejecutada;24693299-9;Pedro Rojas;NO;Cabaña 4;Santiago Centro;1200000;1200000;tarjeta;4/1/25;NO;
;10/10/25;10/10/25;16/10/25;reservada;7130867-7;Luis Contreras;SI;Cabaña 19;Santa Cruz;720000;0;;10/10/25;NO;
;20/4/25;20/4/25 16:00;20/4/25 17:00;ejecutada;22078734-6;Pedro Rojas;NO;Restaurant 2;Santa Cruz;30000;30000;efectivo;15/4/25;NO;
;10/4/25;10/4/25 14:00;10/4/25 15:00;reservada;11177094-8;Maria Gonzalez;NO;Cancha Tenis Techada;Providencia;35000;0;;6/4/25;NO;
;05/02/25;05/02/25;06/02/25;ejecutada;17820790-3;Juan Perez;NO;Cabaña 20;La Florida;120000;120000;transferencia;3/2/25;NO;
;10/01/25;10/01/25;19/01/25;cancelada;13953163-9;Juan Perez;NO;Cabaña 15;Providencia;1080000;0;;6/1/25;NO;
;11/07/25;11/07/25;21/07/25;ejecutada;22256719-K;Ana Silva;NO;Cabaña 13;Santiago Centro;1200000;1200000;transferencia;6/7/25;NO;
;03/04/25;03/04/25;04/04/25;ejecutada;6126625-9;Maria Gonzalez;SI;Cabaña 1;La Florida;120000;120000;efectivo;30/3/25;NO;
;3/6/25;3/6/25 10:00;3/6/25 11:00;reservada;9039992-6;Ana Silva;NO;Cancha Basquetbol Techada;Santiago Centro;35000;0;;2/6/25;NO;
;4/10/25;4/10/25 20:00;4/10/25 21:00;ejecutada;6626889-6;Pedro;NO;Restaurant 2;La Florida;30000;30000;transferencia;1/10/25;SI;nombre
;10/09/25;10/09/25;13/09/25;reservada;18154120-2;Maria Gonzalez;SI;Cabaña 10;Providencia;360000;0;;5/9/25;NO;
;9/8/25;9/8/25 21:00;9/8/25 22:00;cancelada;10527082-8;Ana Silva;SI;Salon Eventos 2;Santa Cruz;100000;0;;6/8/25;NO;
;02/04/25;02/04/25;04/04/25;cancelada;17623443-1;Maria Gonzalez;SI;Cabaña 12;Santiago Centro;240000;0;;1/4/25;NO;
;17/02/25;17/02/25;21/02/25;cancelada;21912374-4;Pedro Rojas;SI;Cabaña 6;La Florida;480000;0;;13/2/25;NO;
;13/5/25;13/5/25 16:00;13/5/25 17:00;cancelada;14252158-K;Luis Contreras;NO;Cancha Padel Techada;Providencia;35000;0;;11/5/25;NO;
;12/05/25;12/05/25;14/05/25;cancelada;10645717-4;Pedro Rojas;NO;Cabaña 4;Providencia;240000;0;;9/5/25;NO;
;17/2/25;17/2/25 11:00;17/2/25 12:00;ejecutada;5373421-9;Luis Contreras;NO;Salon Eventos 4;Santa Cruz;100000;100000;transferencia;16/2/25;NO;
;10/12/25;10/12/25;17/12/25;cancelada;15677425-1;Luis Contreras;NO;Cabaña 8;Santa Cruz;840000;0;;5/12/25;NO;
;18/8/25;18/8/25 10:00;18/8/25 11:00;cancelada;13734270-7;Luis Contreras;SI;Salon Eventos 3;Santa Cruz;100000;0;;13/8/25;NO;
;20/5/25;20/5/25 13:00;20/5/25 14:00;reservada;19937737-K;Luis Contreras;NO;Salon Eventos 3;Santa Cruz;100000;0;;19/5/25;NO;
;5/4/25;5/4/25 22:00;5/4/25 23:00;cancelada;16972312-5;Juan Perez;NO;Salon Eventos 1 X;Santiago Centro;100000;0;;31/3/25;SI;referencia
;16/06/25;16/06/25;24/06/25;ejecutada;21525938-2;Ana Silva;NO;Cabaña 10;Santa Cruz;960000;960000;transferencia;11/6/25;NO;
;03/02/25;03/02/25;13/02/25;cancelada;7544276-9;Maria Gonzalez;SI;Cabaña 8;Santa Cruz;1200000;0;;29/1/25;NO;
;19/09/25;19/09/25;22/09/25;reservada;8488042-6;Juan Perez;NO;Cabaña 9;La Florida;360000;0;;19/9/25;SI;
;18/6/25;18/6/25 13:00;18/6/25 14:00;cancelada;23876696-6;Luis Contreras;NO;Cancha Padel Aire Libre;La Florida;25000;0;;13/6/25;NO;
;11/7/25;11/7/25 15:00;11/7/25 16:00;reservada;13897062-0;Maria Gonzalez;NO;Piscina 1;La Florida;20000;0;;6/7/25;NO;
;10/09/25;10/09/25;19/09/25;reservada;17506787-6;Pedro Rojas;NO;Cabaña 7;Santiago Centro;1080000;0;;5/9/25;NO;
;15/9/25;15/9/25 9:00;15/9/25 10:00;reservada;14254375-3;Pedro;NO;Salon Eventos 2;Santa Cruz;100000;0;;15/9/25;SI;nombre
;1/10/25;1/10/25 11:00;1/10/25 12:00;cancelada;14756759-6;Juan Perez;NO;Salon Eventos 1;Santa Cruz;100000;0;;1/10/25;NO;
;13/03/25;13/03/25;23/03/25;cancelada;21554696-3;Maria Gonzalez;NO;Cabaña 14;Santiago Centro;1200000;0;;8/3/25;SI;rut
;15/4/25;15/4/25 17:00;15/4/25 18:00;reservada;24967582-2;Maria Gonzalez;SI;Cancha Padel Aire Libre;Providencia;25000;0;;12/4/25;NO;
;19/11/25;19/11/25 22:00;19/11/25 23:00;reservada;22329198-8;Luis Contreras;NO;Piscina 1;Santiago Centro;20000;0;;17/11/25;NO;
;5/12/25;5/12/25 13:00;5/12/25 14:00;cancelada;23369020-1;Ana Silva;NO;Salon Eventos 3;Providencia;100000;0;;1/12/25;NO;
;12/02/25;12/02/25;17/02/25;cancelada;22746919-6;Maria Gonzalez;SI;Cabaña 1;Santiago Centro;600000;0;;11/2/25;NO;
;03/05/25;03/05/25;07/05/25;reservada;14379495-4;Luis Contreras;NO;Cabaña 10;Santa Cruz;480000;0;;3/5/25;NO;
;15/8/25;15/8/25 13:00;15/8/25 14:00;reservada;24967582-2;Maria Gonzalez;SI;Restaurant 1;La Florida;30000;0;;14/8/25;NO;
;04/01/25;04/01/25;09/01/25;ejecutada;13006208-3;Luis Contreras;SI;Cabaña 1;Providencia;600000;600000;efectivo;4/1/25;NO;
;9/11/25;9/11/25 10:00;9/11/25 11:00;cancelada;18616868-2;Luis Contreras;SI;Cancha Padel Techada;La Florida;35000;0;;7/11/25;NO;
;11/11/25;11/11/25;19/11/25;ejecutada;15120266-7;Juan Perez;SI;Cabaña 13;Providencia;960000;960000;transferencia;6/11/25;NO;
;7/8/25;7/8/25 11:00;7/8/25 12:00;ejecutada;18605052-5;Ana;SI;Piscina 2;Providencia;20000;20000;efectivo;2/8/25;SI;nombre
;16/3/25;16/3/25 17:00;16/3/25 18:00;ejecutada;21863652-7;Luis Contreras;NO;Cancha Basquetbol Techada;La Florida;35000;35000;tarjeta;13/3/25;NO;
;01/02/25;01/02/25;05/02/25;reservada;8084042-K;Maria Gonzalez;SI;Cabaña 9;Santa Cruz;480000;0;;31/1/25;NO;
;5/7/25;5/7/25 22:00;5/7/25 23:00;reservada;9269949-8;Ana Silva;NO;Salon Eventos 4;Santa Cruz;100000;0;;1/7/25;NO;
;07/12/25;07/12/25;13/12/25;ejecutada;19142269-4;Pedro Rojas;SI;Cabaña 20;Santiago Centro;720000;720000;efectivo;4/12/25;NO;
;10/01/25;10/01/25;18/01/25;ejecutada;5350796-4;Luis Contreras;SI;Cabaña 5;Santiago Centro;960000;960000;transferencia;7/1/25;NO;
;04/11/25;04/11/25;07/11/25;ejecutada;19048151-4;Ana Silva;NO;Cabaña 17;Santiago Centro;360000;360000;transferencia;4/11/25;NO;
;2/8/25;2/8/25 20:00;2/8/25 21:00;ejecutada;15115625-8;Juan Perez;SI;Cancha Basquetbol Aire Libre;Santiago Centro;25000;25000;transferencia;31/7/25;NO;
;05/12/25;05/12/25;12/12/25;reservada;12756727-1;Luis Contreras;SI;Cabaña 10;Santiago Centro;840000;0;;1/12/25;NO;
;10/9/25;10/9/25 10:00;10/9/25 11:00;ejecutada;17213598-6;Pedro Rojas;SI;Salon Eventos 4;Santa Cruz;100000;100000;transferencia;7/9/25;NO;
;09/11/25;09/11/25;15/11/25;ejecutada;10578107-5;Luis Contreras;NO;Cabaña 10;La Florida;720000;720000;transferencia;7/11/25;NO;
;5/9/25;5/9/25 14:00;5/9/25 15:00;cancelada;19576306-2;Luis Contreras;NO;Cancha Tenis Techada;Santa Cruz;35000;0;;3/9/25;NO;
;06/06/25;06/06/25;15/06/25;cancelada;16114575-0;Luis Contreras;SI;Cabaña 14;Providencia;1080000;0;;3/6/25;NO;
;6/3/25;6/3/25;6/3/25 9:00;ejecutada;19484029-2;Luis Contreras;SI;Restaurant 1;Santa Cruz;30000;30000;transferencia;5/3/25;SI;fecha
;20/7/25;20/7/25 19:00;20/7/25 20:00;ejecutada;19104958-6;Pedro Rojas;SI;Cancha Padel Techada;Providencia;35000;35000;efectivo;20/7/25;NO;
;10/08/25;10/08/25;15/08/25;ejecutada;15790934-7;Maria Gonzalez;SI;Cabaña 14;Santiago Centro;600000;600000;transferencia;10/8/25;NO;
;14/2/25;14/2/25 22:00;14/2/25 23:00;cancelada;14252158-K;Luis Contreras;SI;Cancha Padel Aire Libre;Santa Cruz;25000;0;;14/2/25;NO;
;11/5/25;11/5/25 22:00;11/5/25 23:00;reservada;16657576-1;Luis Contreras;NO;Cancha Basquetbol Techada;Santiago Centro;35000;0;;9/5/25;NO;
;14/12/25;14/12/25;24/12/25;cancelada;23451242-0;Juan Perez;NO;Cabaña 17;La Florida;1200000;0;;11/12/25;NO;
;17/11/25;17/11/25 16:00;17/11/25 17:00;cancelada;13203913-5;Maria Gonzalez;SI;Salon Eventos 1;Santa Cruz;100000;0;;15/11/25;NO;
;18/7/25;18/7/25 10:00;18/7/25 11:00;cancelada;16949045-7;Luis Contreras;NO;Cancha Basquetbol Techada;Santiago Centro;35000;0;;15/7/25;NO;
;19/09/25;19/09/25;27/09/25;ejecutada;6858349-7;Luis Contreras;NO;Cabaña 6;La Florida;960000;960000;tarjeta;14/9/25;NO;
;15/2/25;15/2/25 13:00;15/2/25 14:00;cancelada;21852963-1;Luis Contreras;SI;Restaurant 2;Santa Cruz;30000;0;;11/2/25;NO;
;12/7/25;12/7/25 16:00;12/7/25 17:00;reservada;16759872-2;Ana Silva;SI;Salon Eventos 2;Providencia;100000;0;;8/7/25;NO;
;8/1/25;8/1/25 8:00;8/1/25 9:00;ejecutada;14379507-1;Juan Perez;NO;Salon Eventos 3;Santa Cruz;100000;100000;tarjeta;3/1/25;NO;
;16/8/25;16/8/25 9:00;16/8/25 10:00;cancelada;17786278-9;Juan Perez;NO;Salon Eventos 1;Santiago Centro;100000;0;;13/8/25;SI;
;07/06/25;07/06/25;11/06/25;ejecutada;7884115-K;Luis Contreras;NO;Cabaña 7;Providencia;480000;480000;transferencia;6/6/25;NO;
;6/4/25;6/4/25 21:00;6/4/25 22:00;ejecutada;22378728-2;Maria Gonzalez;SI;Cancha Futbolito Aire Libre;Santa Cruz;25000;25000;tarjeta;6/4/25;NO;
;20/09/25;20/09/25;24/09/25;reservada;15083988-2;Juan Perez;NO;Cabaña 14;Santiago Centro;480000;0;;20/9/25;NO;
;14/8/25;14/8/25 21:00;14/8/25 22:00;cancelada;19048151-4;Ana Silva;SI;Piscina 2;La Florida;20000;0;;14/8/25;NO;
;05/01/25;05/01/25;12/01/25;ejecutada;11374837-0;Maria Gonzalez;SI;Cabaña 18;La Florida;840000;840000;tarjeta;5/1/25;NO;
;5/2/25;5/2/25 9:00;5/2/25 10:00;ejecutada;7544276-9;Maria Gonzalez;NO;Salon Eventos 2;La Florida;100000;100000;tarjeta;5/2/25;NO;
;04/09/25;04/09/25;08/09/25;reservada;18692916-0;Ana Silva;SI;Cabaña 12;Santiago Centro;480000;0;;4/9/25;NO;
;14/5/25;14/5/25 17:00;14/5/25 18:00;cancelada;13147810-0;Pedro Rojas;NO;Salon Eventos 1;Santiago Centro;100000;0;;11/5/25;NO;
;01/02/25;01/02/25;02/02/25;cancelada;6807678-1;Pedro Rojas;SI;Cabaña 15;Santa Cruz;120000;0;;29/1/25;NO;
;16/03/25;16/03/25;23/03/25;reservada;8282741-2;Juan Perez;NO;Cabaña 18;Santa Cruz;840000;0;;11/3/25;NO;
;14/09/25;14/09/25;19/09/25;cancelada;11316654-1;Luis Contreras;NO;Cabaña 19;Santiago Centro;600000;0;;12/9/25;NO;
;11/05/25;11/05/25;17/05/25;cancelada;13397853-4;Juan Perez;NO;Cabaña 7;Santa Cruz;720000;0;;9/5/25;NO;
;8/6/25;8/6/25 17:00;8/6/25 18:00;ejecutada;22156789-7;Luis Contreras;SI;Cancha Basquetbol Techada;Santa Cruz;35000;35000;transferencia;8/6/25;NO;
;18/9/25;18/9/25 20:00;18/9/25 21:00;ejecutada;5149595-0;Maria Gonzalez;SI;Cancha Basquetbol Aire Libre X;La Florida;25000;25000;transferencia;14/9/25;SI;referencia
;14/10/25;14/10/25;17/10/25;reservada;13650113-5;Pedro Rojas;NO;Cabaña 3;Providencia;360000;0;;10/10/25;NO;
;12/08/25;12/08/25;22/08/25;reservada;24826693-7;Luis Contreras;SI;Cabaña 20;Providencia;1200000;0;;7/8/25;NO;
;12/6/25;12/6/25 8:00;12/6/25 9:00;ejecutada;14379495-4;Luis Contreras;SI;Cancha Futbolito Aire Libre;Santa Cruz;25000;25000;efectivo;8/6/25;NO;
;9/12/25;9/12/25 12:00;9/12/25 13:00;reservada;24402541-2;Luis Contreras;NO;Cancha Padel Techada;La Florida;35000;0;;4/12/25;NO;
;19/7/25;19/7/25 14:00;19/7/25 15:00;ejecutada;21525938-2;Ana Silva;SI;Cancha Padel Aire Libre;Santiago Centro;25000;25000;efectivo;18/7/25;NO;
;02/10/25;02/10/25;09/10/25;ejecutada;19197001-2;Ana Silva;SI;Cabaña 20;Santa Cruz;840000;840000;transferencia;1/10/25;NO;
;5/6/25;5/6/25 16:00;5/6/25 17:00;reservada;19211618-K;Luis Contreras;SI;Piscina 2;La Florida;20000;0;;5/6/25;NO;
;12/04/25;12/04/25;15/04/25;ejecutada;17186404-6;Ana Silva;NO;Cabaña 7;Santa Cruz;360000;360000;efectivo;9/4/25;NO;
;11/6/25;11/6/25 13:00;11/6/25 14:00;cancelada;12651989-3;Luis Contreras;NO;Salon Eventos 4;Providencia;100000;0;;10/6/25;NO;
;12/07/25;12/07/25;19/07/25;reservada;20713143-1;Luis Contreras;NO;Cabaña 2;Santiago Centro;840000;0;;8/7/25;NO;
;14/1/25;14/1/25 19:00;14/1/25 20:00;cancelada;24256806-0;Pedro Rojas;NO;Cancha Basquetbol Aire Libre;Santa Cruz;25000;0;;13/1/25;NO;
;17/03/25;17/03/25;25/03/25;cancelada;22361904-5;Maria Gonzalez;NO;Cabaña 13;Santiago Centro;960000;0;;16/3/25;NO;
;2/4/25;2/4/25 18:00;2/4/25 19:00;ejecutada;18154120-2;Maria;NO;Cancha Futbolito Techada;Providencia;35000;35000;efectivo;30/3/25;SI;nombre
;03/07/25;03/07/25;05/07/25;cancelada;16288155-7;Ana Silva;NO;Cabaña 1;Santa Cruz;240000;0;;2/7/25;SI;rut
;16/11/25;16/11/25;15//25;cancelada;7607462-2;Pedro Rojas;NO;Cabaña 20;Providencia;840000;0;;13/11/25;SI;rut/fecha
;07/08/25;07/08/25;09/08/25;reservada;17606228-2;Juan Perez;NO;Cabaña 5;Santa Cruz;240000;0;;3/8/25;NO;
;13/5/25;13/5/25 15:00;13/5/25 16:00;cancelada;24138079-3;Juan Perez;NO;Cancha Futbolito Aire Libre;Santa Cruz;25000;0;;10/5/25;NO;
;10/11/25;10/11/25 21:00;10/11/25 22:00;ejecutada;21554696-9;Maria Gonzalez;SI;Restaurant 2;Santa Cruz;30000;30000;tarjeta;7/11/25;NO;
;5/4/25;5/4/25 15:00;5/4/25 16:00;cancelada;10613264-K;Ana Silva;SI;Piscina 2;Santa Cruz;20000;0;;1/4/25;NO;
;09/05/25;09/05/25;14/05/25;cancelada;15115625-8;Juan Perez;NO;Cabaña 14;Santiago Centro;600000;0;;6/5/25;NO;
;20/5/25;20/5/25 14:00;20/5/25 15:00;cancelada;23457711-5;Luis Contreras;NO;Cancha Tenis Aire Libre;Santiago Centro;25000;0;;17/5/25;NO;
;10/05/25;10/05/25;15//25;cancelada;13015768-2;Pedro Rojas;NO;Cabaña 3;Providencia;120000;0;;5/5/25;SI;rut/fecha
;9/8/25;9/8/25 15:00;9/8/25 16:00;ejecutada;24693299-9;Pedro Rojas;NO;Cancha Futbolito Techada;Santiago Centro;35000;35000;efectivo;4/8/25;NO;
;7/9/25;7/9/25 14:00;7/9/25 15:00;reservada;16107528-0;Juan Perez;NO;Salon Eventos 1 X;La Florida;100000;0;;4/9/25;SI;referencia
;14/04/25;14/04/25;17/04/25;ejecutada;9980250-2;Luis Contreras;SI;Cabaña 17 X;Providencia;360000;360000;tarjeta;13/4/25;SI;referencia
;02/01/25;02/01/25;06/01/25;cancelada;16968310-7;Luis Contreras;NO;Cabaña 15;La Florida;480000;0;;28/12/24;NO;
;02/11/25;02/11/25;09/11/25;cancelada;15338995-0;Ana Silva;NO;Cabaña 5;Providencia;840000;0;;28/10/25;NO;
;31/02/25;20/07/25;27/07/25;ejecutada;22287381-9;Ana Silva;NO;Cabaña 12 X;La Florida;840000;840000;efectivo;15/7/25;SI;referencia/fecha
;6/4/25;6/4/25 19:00;6/4/25 20:00;ejecutada;23731597-9;Juan Perez;SI;Restaurant 1;Santiago Centro;30000;30000;efectivo;4/4/25;NO;
;12/02/25;12/02/25;19/02/25;reservada;18565989-5;Luis Contreras;NO;Cabaña 11;Providencia;840000;0;;9/2/25;NO;
;14/12/25;14/12/25;15/12/25;reservada;22078734-6;Pedro Rojas;NO;Cabaña 13;La Florida;120000;0;;14/12/25;NO;
;05/12/25;05/12/25;10/12/25;cancelada;13014055-6;Maria;SI;Cabaña 2;La Florida;600000;0;;2/12/25;SI;nombre
;14/5/25;14/5/25 19:00;14/5/25 20:00;reservada;11086191-5;Ana Silva;SI;Cancha Basquetbol Aire Libre;Providencia;25000;0;;10/5/25;NO;
;19/12/25;19/12/25;22/12/25;cancelada;7130867-7;Luis Contreras;NO;Cabaña 18;La Florida;360000;0;;15/12/25;NO;
;06/07/25;15//25;11/07/25;ejecutada;13147810-0;Pedro Rojas;SI;Cabaña 18;Providencia;600000;600000;tarjeta;3/7/25;SI;fecha
;20/03/25;20/03/25;24/03/25;reservada;7735551-0;Ana Silva;SI;Cabaña 8;La Florida;480000;0;;16/3/25;NO;
;12/01/25;12/01/25;21/01/25;ejecutada;23811418-7;Maria Gonzalez;SI;Cabaña 5;Santiago Centro;1080000;1080000;transferencia;7/1/25;NO;
;10/8/25;10/8/25 17:00;10/8/25 18:00;ejecutada;16987649-5;Maria Gonzalez;NO;Cancha Padel Aire Libre;Providencia;25000;25000;efectivo;8/8/25;NO;
;19/6/25;19/6/25 9:00;19/6/25 10:00;cancelada;15804334-3;Luis Contreras;SI;Cancha Padel Techada;Santiago Centro;35000;0;;17/6/25;NO;
;17/7/25;17/7/25 18:00;17/7/25 19:00;reservada;15562742-5;Maria Gonzalez;SI;Salon Eventos 4;Providencia;100000;0;;17/7/25;NO;
;7/2/25;7/2/25 13:00;7/2/25 14:00;reservada;22885927-3;Luis Contreras;SI;Restaurant 2 X;La Florida;30000;0;;6/2/25;SI;referencia
;6/10/25;6/10/25 12:00;6/10/25 13:00;reservada;8459998-0;Maria Gonzalez;SI;Cancha Tenis Aire Libre;Santa Cruz;25000;0;;4/10/25;NO;
;7/4/25;7/4/25 9:00;7/4/25 10:00;cancelada;23457711-5;Luis Contreras;SI;Restaurant 2;Santiago Centro;30000;0;;3/4/25;NO;
;6/9/25;6/9/25 13:00;6/9/25 14:00;cancelada;15530992-K;Luis Contreras;SI;Cancha Tenis Techada;Santiago Centro;35000;0;;2/9/25;NO;
;19/12/25;19/12/25;29/12/25;cancelada;17470694-8;Pedro Rojas;SI;Cabaña 13;La Florida;1200000;0;;14/12/25;NO;
;12/09/25;12/09/25;20/09/25;reservada;15838325-K;Maria Gonzalez;SI;Cabaña 10;Santa Cruz;960000;0;;9/9/25;NO;
;07/02/25;07/02/25;08/02/25;reservada;7884115-K;Luis Contreras;NO;Cabaña 14;Providencia;120000;0;;6/2/25;NO;
;5/9/25;5/9/25 12:00;5/9/25 13:00;ejecutada;12080481-2;Maria Gonzalez;SI;Cancha Padel Aire Libre;Providencia;25000;25000;transferencia;4/9/25;NO;
;16/2/25;16/2/25 19:00;16/2/25 20:00;ejecutada;22329198-8;Luis Contreras;NO;Cancha Futbolito Techada;La Florida;35000;35000;efectivo;13/2/25;NO;
;18/6/25;18/6/25 9:00;18/6/25 10:00;ejecutada;18565989-5;Luis Contreras;SI;Cancha Padel Aire Libre;Providencia;25000;25000;efectivo;13/6/25;NO;
;10/11/25;10/11/25;16/11/25;ejecutada;16288155-8;Ana Silva;SI;Cabaña 5;Santiago Centro;720000;720000;transferencia;5/11/25;NO;
;13/2/25;13/2/25 11:00;13/2/25 12:00;ejecutada;15505875-9;Pedro Rojas;SI;Cancha Tenis Aire Libre;La Florida;25000;25000;transferencia;10/2/25;SI;rut
;18/11/25;18/11/25 11:00;18/11/25 12:00;ejecutada;9392933-0;Pedro Rojas;SI;Salon Eventos 4;La Florida;100000;100000;transferencia;16/11/25;NO;
;20/9/25;20/9/25 12:00;20/9/25 13:00;cancelada;13554594-5;Pedro Rojas;NO;Restaurant 2;Providencia;30000;0;;17/9/25;NO;
;4/9/25;4/9/25 17:00;4/9/25 18:00;cancelada;10613264-K;Ana Silva;SI;Cancha Futbolito Aire Libre;Santiago Centro;25000;0;;3/9/25;NO;
;12/10/25;12/10/25;14/10/25;reservada;16336276-7;Pedro Rojas;SI;Cabaña 10;La Florida;240000;0;;10/10/25;NO;
;04/08/25;04/08/25;11/08/25;ejecutada;13537633-7;Maria Gonzalez;SI;Cabaña 17 X;Santiago Centro;840000;840000;efectivo;3/8/25;SI;referencia
;11/07/25;11/07/25;14/07/25;cancelada;11521745-3;Ana Silva;SI;Cabaña 20;Santa Cruz;360000;0;;8/7/25;NO;
;09/02/25;09/02/25;15/02/25;cancelada;16759872-2;Ana Silva;SI;Cabaña 9;Santa Cruz;720000;0;;4/2/25;NO;
;abc/12/25;10/09/25;17/09/25;ejecutada;21863652-7;Luis Contreras;NO;Cabaña 5 X;La Florida;840000;840000;tarjeta;9/9/25;SI;referencia/fecha
;16/11/25;16/11/25;19/11/25;ejecutada;19104958-6;Pedro Rojas;SI;Cabaña 9;La Florida;360000;360000;efectivo;11/11/25;NO;
;07/01/25;07/01/25;14/01/25;reservada;20914133-7;Juan Perez;NO;Cabaña 7;La Florida;840000;0;;4/1/25;NO;
;05/06/25;05/06/25;14/06/25;cancelada;15148285-6;Luis Contreras;NO;Cabaña 11;Santa Cruz;1080000;0;;4/6/25;NO;
;14/1/25;14/1/25 13:00;14/1/25 14:00;cancelada;15585247-K;Pedro Rojas;NO;Cancha Padel Aire Libre;La Florida;25000;0;;9/1/25;NO;
;3/7/25;3/7/25 15:00;3/7/25 16:00;ejecutada;17133976-6;Juan Perez;NO;Restaurant 2;Santa Cruz;30000;30000;tarjeta;2/7/25;SI;
;01/11/25;01/11/25;03/11/25;ejecutada;18933016-2;Juan Perez;NO;Cabaña 3;Santiago Centro;240000;240000;tarjeta;31/10/25;NO;
;06/08/25;06/08/25;13/08/25;ejecutada;17553993-5;Ana Silva;NO;Cabaña 7;Providencia;840000;840000;efectivo;1/8/25;SI;rut
;09/03/25;09/03/25;16/03/25;reservada;7962885-9;Juan Perez;NO;Cabaña 12;Providencia;840000;0;;8/3/25;NO;
;19/05/25;19/05/25;20/05/25;reservada;15807009-K;Luis Contreras;SI;Cabaña 1;La Florida;120000;0;;15/5/25;NO;
;18/10/25;18/10/25;26/10/25;reservada;13153945-2;Maria Gonzalez;SI;Cabaña 14;Santa Cruz;960000;0;;16/10/25;NO;
;08/05/25;08/05/25;12/05/25;reservada;12730200-6;Maria Gonzalez;SI;Cabaña 3;Providencia;480000;0;;4/5/25;NO;
;05/10/25;05/10/25;11/10/25;ejecutada;9226402-5;Ana Silva;SI;Cabaña 18;Santiago Centro;720000;720000;tarjeta;2/10/25;NO;
;19/12/25;19/12/25;24/12/25;reservada;18646254-8;Pedro Rojas;SI;Cabaña 7;Providencia;600000;0;;14/12/25;NO;
;12/9/25;12/9/25 17:00;12/9/25 18:00;cancelada;12080481-2;Maria Gonzalez;SI;Cancha Padel Techada;Santa Cruz;35000;0;;8/9/25;NO;
;13/10/25;13/10/25;22/10/25;cancelada;15505875-7;Pedro Rojas;SI;Cabaña 19;La Florida;1080000;0;;10/10/25;NO;
;19/12/25;19/12/25 11:00;19/12/25 12:00;ejecutada;6491083-3;Pedro Rojas;SI;Cancha Padel Aire Libre;Santa Cruz;25000;25000;tarjeta;16/12/25;NO;
;6/11/25;6/11/25 22:00;6/11/25 23:00;reservada;7607462-3;Pedro Rojas;NO;Cancha Tenis Techada;La Florida;35000;0;;4/11/25;NO;
;13/7/25;13/7/25 18:00;13/7/25 19:00;reservada;19895777-1;Juan Perez;SI;Cancha Tenis Aire Libre;Providencia;25000;0;;13/7/25;SI;
;08/04/25;08/04/25;11/04/25;reservada;7415624-K;Juan Perez;SI;Cabaña 5 X;Providencia;360000;0;;6/4/25;SI;referencia
;01/02/25;abc/12/25;03/02/25;cancelada;22256719-0;Ana Silva;NO;Cabaña 19;La Florida;240000;0;;28/1/25;SI;rut/fecha
;04/04/25;04/04/25;09/04/25;cancelada;24876542-9;Maria Gonzalez;NO;Cabaña 3;Providencia;600000;0;;1/4/25;NO;
;12/08/25;12/08/25;16/08/25;ejecutada;15807009-K;Luis Contreras;SI;Cabaña 1;Providencia;480000;480000;transferencia;7/8/25;NO;
;20/12/25;20/12/25;25/12/25;cancelada;20672079-4;Juan Perez;SI;Cabaña 12;La Florida;600000;0;;15/12/25;NO;
;13/7/25;13/7/25 18:00;13/7/25 19:00;cancelada;16214968-7;Luis Contreras;SI;Cancha Tenis Aire Libre;La Florida;25000;0;;8/7/25;NO;
;8/8/25;8/8/25 11:00;8/8/25 12:00;cancelada;11862631-1;Ana Silva;SI;Cancha Tenis Techada;Providencia;35000;0;;3/8/25;NO;
;10/02/25;10/02/25;19/02/25;ejecutada;8160344-8;Luis Contreras;NO;Cabaña 2;Providencia;1080000;1080000;transferencia;9/2/25;NO;
;17/06/25;17/06/25;19/06/25;reservada;6835621-0;Luis Contreras;SI;Cabaña 9;Providencia;240000;0;;15/6/25;NO;
;20/1/25;20/1/25 15:00;20/1/25 16:00;ejecutada;9087517-5;Pedro Rojas;SI;Salon Eventos 2;Santiago Centro;100000;100000;transferencia;15/1/25;NO;
;16/03/25;16/03/25;23/03/25;reservada;20408365-4;Maria Gonzalez;SI;Cabaña 3;La Florida;840000;0;;13/3/25;SI;rut
;5/11/25;5/11/25 12:00;5/11/25 13:00;reservada;22703981-4;Juan Perez;SI;Piscina 1;Santa Cruz;20000;0;;3/11/25;SI;rut
;12/8/25;12/8/25 18:00;12/8/25 19:00;cancelada;19895777-1;Juan Perez;SI;Cancha Padel Aire Libre;La Florida;25000;0;;8/8/25;NO;
;10/8/25;10/8/25 19:00;10/8/25 20:00;reservada;13288053-0;Luis;SI;Cancha Tenis Techada;La Florida;35000;0;;8/8/25;SI;nombre
;3/2/25;3/2/25 13:00;3/2/25 14:00;cancelada;7812836-4;Pedro Rojas;SI;Cancha Futbolito Techada;Santiago Centro;35000;0;;3/2/25;NO;
;14/06/25;14/06/25;20/06/25;ejecutada;20672079-4;Juan Perez;NO;Cabaña 12;Providencia;720000;720000;transferencia;10/6/25;NO;
;11/2/25;11/2/25 13:00;11/2/25 14:00;ejecutada;15505875-7;Pedro Rojas;NO;Salon Eventos 3;La Florida;100000;100000;transferencia;6/2/25;NO;
;8/4/25;8/4/25 16:00;8/4/25 17:00;ejecutada;15040048-1;Juan Perez;NO;Cancha Padel Techada;Santa Cruz;35000;35000;transferencia;5/4/25;NO;
;12/3/25;12/3/25 20:00;12/3/25 21:00;cancelada;14254375-3;Pedro Rojas;NO;Restaurant 1;Providencia;30000;0;;10/3/25;NO;
;/05/25;10/07/25;15/07/25;cancelada;21217431-5;Juan Perez;SI;Cabaña 14;Santiago Centro;600000;0;;6/7/25;SI;rut/fecha
;13/9/25;13/9/25 18:00;13/9/25 19:00;ejecutada;15694640-0;Maria Gonzalez;SI;Salon Eventos 1 X;Providencia;100000;100000;tarjeta;10/9/25;SI;referencia
;16/4/25;16/4/25 10:00;16/4/25 11:00;ejecutada;24002475-6;Luis Contreras;SI;Cancha Futbolito Aire Libre;Santiago Centro;25000;25000;efectivo;13/4/25;NO;
;16/2/25;16/2/25 16:00;16/2/25 17:00;cancelada;12080481-2;Maria Gonzalez;SI;Piscina 2;La Florida;20000;0;;14/2/25;NO;
;6/7/25;6/7/25 22:00;6/7/25 23:00;cancelada;24765561-1;Juan Perez;NO;Salon Eventos 4;Providencia;100000;0;;5/7/25;NO;
;01/11/25;01/11/25;11/11/25;cancelada;10905503-4;Pedro Rojas;NO;Cabaña 11;La Florida;1200000;0;;28/10/25;NO;
;5/4/25;5/4/25 15:00;5/4/25 16:00;ejecutada;5149595-0;Maria Gonzalez;NO;Cancha Basquetbol Techada;La Florida;35000;35000;transferencia;4/4/25;NO;
;13/4/25;13/4/25 9:00;13/4/25 10:00;reservada;18728677-8;Juan Perez;SI;Piscina 2;Santiago Centro;20000;0;;12/4/25;NO;
;6/8/25;6/8/25 9:00;6/8/25 10:00;reservada;6946141-7;Ana Silva;SI;Salon Eventos 1;Santa Cruz;100000;0;;6/8/25;NO;
;20/05/25;20/05/25;25/05/25;cancelada;15121060-0;Ana Silva;NO;Cabaña 10;Providencia;600000;0;;15/5/25;NO;
;13/11/25;13/11/25 16:00;13/11/25 17:00;cancelada;6353165-0;Ana Silva;NO;Cancha Basquetbol Aire Libre;Providencia;25000;0;;8/11/25;NO;
;13/04/25;13/04/25;16/04/25;ejecutada;11727551-5;Maria Gonzalez;NO;Cabaña 5;Providencia;360000;360000;tarjeta;8/4/25;NO;
;15/02/25;15/02/25;22/02/25;cancelada;13953163-9;Juan Perez;SI;Cabaña 16;Santiago Centro;840000;0;;10/2/25;NO;
;04/11/25;/05/25;06/11/25;ejecutada;18728677-4;Juan Perez;NO;Cabaña 20;Providencia;240000;240000;tarjeta;1/11/25;SI;rut/fecha
;02/05/25;02/05/25;/05/25;reservada;9203394-6;Luis Contreras;SI;Cabaña 18;Providencia;600000;0;;1/5/25;SI;rut/fecha
;06/08/25;06/08/25;08/08/25;ejecutada;17213598-6;Pedro Rojas;SI;Cabaña 7;Providencia;240000;240000;tarjeta;3/8/25;NO;
;14/11/25;14/11/25;21/11/25;reservada;20078438-3;Ana Silva;NO;Cabaña 9;Santa Cruz;840000;0;;9/11/25;NO;
;12/10/25;12/10/25 13:00;12/10/25 14:00;ejecutada;16094679-2;Ana Silva;NO;Salon Eventos 1;Providencia;100000;100000;efectivo;9/10/25;NO;
;01/06/25;01/06/25;05/06/25;ejecutada;5645014-9;Pedro Rojas;SI;Cabaña 15;La Florida;480000;480000;transferencia;1/6/25;NO;
;09/08/25;09/08/25;15/08/25;ejecutada;9039992-6;Ana Silva;NO;Cabaña 20;Santiago Centro;720000;720000;efectivo;9/8/25;NO;
;3/2/25;3/2/25 22:00;3/2/25 23:00;reservada;15293763-6;Luis Contreras;SI;Cancha Tenis Techada;La Florida;35000;0;;2/2/25;NO;
;11/05/25;11/05/25;18/05/25;reservada;10289799-4;Maria Gonzalez;SI;Cabaña 16;Santa Cruz;840000;0;;6/5/25;NO;
;1/4/25;1/4/25 20:00;1/4/25 21:00;cancelada;10837704-6;Pedro Rojas;SI;Salon Eventos 1;Providencia;100000;0;;28/3/25;NO;
;6/3/25;6/3/25 14:00;6/3/25 15:00;ejecutada;12192627-K;Pedro Rojas;SI;Cancha Padel Techada;La Florida;35000;35000;efectivo;2/3/25;NO;
;14/4/25;14/4/25;14/4/25 15:00;cancelada;9087517-5;Pedro Rojas;NO;Cancha Basquetbol Aire Libre;La Florida;25000;0;;12/4/25;SI;fecha
;12/10/25;12/10/25 15:00;12/10/25 16:00;ejecutada;15345989-4;Pedro Rojas;NO;Cancha Padel Techada;Santiago Centro;35000;35000;tarjeta;8/10/25;NO;
;5/3/25;5/3/25;5/3/25 16:00;reservada;17647891-8;Maria Gonzalez;SI;Cancha Tenis Techada;La Florida;35000;0;;1/3/25;SI;fecha
;8/9/25;8/9/25;8/9/25 20:00;ejecutada;11219981-0;Pedro Rojas;NO;Cancha Padel Techada;Santiago Centro;35000;35000;transferencia;4/9/25;SI;fecha
;01/04/25;01/04/25;05/04/25;ejecutada;14504614-9;Juan Perez;SI;Cabaña 19;Providencia;480000;480000;tarjeta;30/3/25;NO;
;17/11/25;17/11/25;25/11/25;reservada;6614380-5;Luis Contreras;SI;Cabaña 11;Providencia;960000;0;;14/11/25;NO;
;10/6/25;10/6/25 8:00;10/6/25 9:00;ejecutada;17502418-2;Luis;NO;Salon Eventos 2;Santa Cruz;100000;100000;tarjeta;5/6/25;SI;nombre
;8/11/25;8/11/25 22:00;8/11/25 23:00;cancelada;12892449-3;Pedro;NO;Restaurant 2;Providencia;30000;0;;4/11/25;SI;nombre
;14/11/25;14/11/25 19:00;14/11/25 20:00;reservada;20086756-4;Maria Gonzalez;NO;Salon Eventos 1;Santiago Centro;100000;0;;10/11/25;NO;
;14/9/25;14/9/25 19:00;14/9/25 20:00;ejecutada;13014055-6;Maria Gonzalez;SI;Cancha Padel Techada;Santiago Centro;35000;35000;transferencia;11/9/25;NO;
;12/10/25;12/10/25 11:00;12/10/25 12:00;ejecutada;17931290-5;Juan Perez;NO;Cancha Tenis Techada;Santiago Centro;35000;35000;tarjeta;12/10/25;NO;
;19/4/25;19/4/25;19/4/25 17:00;reservada;10238227-7;Ana Silva;SI;Cancha Basquetbol Aire Libre;Providencia;25000;0;;16/4/25;SI;fecha
;04/06/25;04/06/25;14/06/25;cancelada;17553993-K;Ana Silva;NO;Cabaña 12;La Florida;1200000;0;;31/5/25;NO;
;09/03/25;09/03/25;10/03/25;ejecutada;5204506-1;Ana Silva;SI;Cabaña 14 X;La Florida;120000;120000;transferencia;8/3/25;SI;referencia
;14/10/25;14/10/25;16/10/25;cancelada;11862631-1;Ana Silva;NO;Cabaña 1;Providencia;240000;0;;9/10/25;NO;
;6/1/25;6/1/25;6/1/25 15:00;cancelada;22361904-5;Maria Gonzalez;NO;Salon Eventos 3 X;Santiago Centro;100000;0;;5/1/25;SI;referencia/fecha
;19/08/25;19/08/25;20/08/25;reservada;20086756-4;Maria Gonzalez;SI;Cabaña 16;La Florida;120000;0;;19/8/25;NO;
;17/07/25;17/07/25;25/07/25;ejecutada;8722237-3;Juan Perez;SI;Cabaña 11;Santa Cruz;960000;960000;transferencia;13/7/25;NO;
;01/09/25;01/09/25;08/09/25;cancelada;24795565-8;Luis Contreras;NO;Cabaña 4;Santa Cruz;840000;0;;1/9/25;NO;
;18/12/25;18/12/25 13:00;18/12/25 14:00;cancelada;7130867-7;Luis Contreras;SI;Cancha Padel Aire Libre;Santiago Centro;25000;0;;16/12/25;NO;
;13/12/25;13/12/25;20/12/25;reservada;9712455-8;Pedro Rojas;SI;Cabaña 18;La Florida;840000;0;;13/12/25;NO;
;18/11/25;18/11/25;27/11/25;reservada;9842967-0;Luis Contreras;SI;Cabaña 3;Providencia;1080000;0;;14/11/25;NO;
;17/10/25;17/10/25;25/10/25;reservada;15916589-2;Luis Contreras;SI;Cabaña 5;Santa Cruz;960000;0;;13/10/25;NO;
;12/9/25;12/9/25 19:00;12/9/25 20:00;reservada;5983819-9;Ana Silva;NO;Cancha Tenis Techada;Providencia;35000;0;;12/9/25;NO;
;10/11/25;10/11/25;18/11/25;ejecutada;23498184-6;Juan Perez;SI;Cabaña 14;Santa Cruz;960000;960000;tarjeta;8/11/25;NO;
;09/05/25;09/05/25;11/05/25;reservada;16487089-8;Ana Silva;SI;Cabaña 18;Providencia;240000;0;;9/5/25;NO;
;14/2/25;14/2/25 13:00;14/2/25 14:00;cancelada;11277963-9;Juan Perez;NO;Piscina 2;Santiago Centro;20000;0;;13/2/25;NO;
;16/12/25;16/12/25;19/12/25;cancelada;24967582-2;Maria Gonzalez;NO;Cabaña 2;La Florida;360000;0;;15/12/25;NO;
;15/04/25;15/04/25;23/04/25;ejecutada;18910856-7;Maria Gonzalez;NO;Cabaña 5;La Florida;960000;960000;tarjeta;15/4/25;NO;
;15/06/25;15/06/25;16/06/25;ejecutada;7500349-8;Pedro Rojas;SI;Cabaña 1;La Florida;120000;120000;transferencia;13/6/25;NO;
;08/08/25;08/08/25;09/08/25;cancelada;7781298-9;Pedro Rojas;NO;Cabaña 13;Providencia;120000;0;;8/8/25;NO;
;17/04/25;17/04/25;18/04/25;ejecutada;9108775-8;Ana Silva;SI;Cabaña 14;Santiago Centro;120000;120000;efectivo;13/4/25;NO;
;15/06/25;15/06/25;16/06/25;reservada;8309406-0;Luis Contreras;SI;Cabaña 8;Providencia;120000;0;;11/6/25;NO;
;10/09/25;10/09/25;20/09/25;cancelada;17674128-7;Pedro Rojas;NO;Cabaña 20;Providencia;1200000;0;;5/9/25;NO;
;1/10/25;1/10/25 18:00;1/10/25 19:00;cancelada;10981983-5;Pedro Rojas;SI;Cancha Tenis Aire Libre;Providencia;25000;0;;30/9/25;SI;rut
;9/11/25;9/11/25 14:00;9/11/25 15:00;ejecutada;21773123-2;Luis Contreras;NO;Cancha Basquetbol Techada;Santiago Centro;35000;35000;efectivo;9/11/25;NO;
;3/7/25;3/7/25 22:00;3/7/25 23:00;cancelada;7584304-6;Ana Silva;SI;Piscina 1;Santa Cruz;20000;0;;3/7/25;NO;
;16/07/25;16/07/25;26/07/25;ejecutada;8488042-6;Juan Perez;SI;Cabaña 7;La Florida;1200000;1200000;tarjeta;16/7/25;NO;
;17/3/25;17/3/25 15:00;17/3/25 16:00;reservada;21287925-8;Ana Silva;NO;Cancha Futbolito Aire Libre;Santa Cruz;25000;0;;16/3/25;NO;
;11/07/25;11/07/25;19/07/25;ejecutada;18086493-8;Maria Gonzalez;NO;Cabaña 7;La Florida;960000;960000;tarjeta;10/7/25;NO;
;01/01/25;01/01/25;02/01/25;ejecutada;19407837-4;Ana Silva;SI;Cabaña 16;Providencia;120000;120000;efectivo;28/12/24;NO;
;16/7/25;16/7/25 18:00;16/7/25 19:00;ejecutada;18065705-3;Maria Gonzalez;NO;Salon Eventos 3;La Florida;100000;100000;efectivo;14/7/25;NO;
;3/2/25;3/2/25 15:00;3/2/25 16:00;cancelada;24471464-0;Luis Contreras;SI;Cancha Padel Aire Libre;La Florida;25000;0;;2/2/25;SI;rut
;14/5/25;14/5/25 20:00;14/5/25 21:00;ejecutada;8482497-6;Ana Silva;SI;Salon Eventos 3;La Florida;100000;100000;transferencia;11/5/25;NO;
;11/1/25;11/1/25 15:00;11/1/25 16:00;cancelada;10645717-4;Pedro Rojas;NO;Cancha Tenis Techada;La Florida;35000;0;;11/1/25;NO;
;11/03/25;11/03/25;19/03/25;ejecutada;21821683-8;Maria Gonzalez;SI;Cabaña 3;Santa Cruz;960000;960000;transferencia;10/3/25;NO;
;16/11/25;16/11/25;25/11/25;reservada;15120266-7;Juan Perez;NO;Cabaña 19;Providencia;1080000;0;;16/11/25;NO;
;15/10/25;15/10/25;25/10/25;cancelada;5475559-7;Luis Contreras;NO;Cabaña 7;Santiago Centro;1200000;0;;12/10/25;NO;
;1/2/25;1/2/25 12:00;1/2/25 13:00;reservada;7812836-4;Pedro Rojas;SI;Salon Eventos 2;Providencia;100000;0;;29/1/25;NO;
;20/09/25;20/09/25;23/09/25;cancelada;6261507-9;Luis Contreras;SI;Cabaña 1;Santiago Centro;360000;0;;15/9/25;NO;
;06/02/25;06/02/25;09/02/25;cancelada;16114575-0;Luis Contreras;NO;Cabaña 11;Santa Cruz;360000;0;;6/2/25;NO;
;07/04/25;07/04/25;09/04/25;cancelada;20844789-0;Juan Perez;NO;Cabaña 19;Santiago Centro;240000;0;;5/4/25;NO;
;8/5/25;8/5/25 19:00;8/5/25 20:00;cancelada;13554594-5;Pedro Rojas;NO;Cancha Padel Techada;La Florida;35000;0;;6/5/25;NO;
;14/5/25;14/5/25 19:00;14/5/25 20:00;ejecutada;7781298-9;Pedro Rojas;NO;Piscina 1;Santa Cruz;20000;20000;tarjeta;13/5/25;NO;
;17/01/25;17/01/25;19/01/25;reservada;16953331-8;Pedro Rojas;NO;Cabaña 8;Santa Cruz;240000;0;;15/1/25;NO;
;9/8/25;9/8/25 10:00;9/8/25 11:00;cancelada;12887828-9;Maria Gonzalez;SI;Cancha Padel Aire Libre;Providencia;25000;0;;8/8/25;NO;
;09/03/25;09/03/25;16/03/25;cancelada;22287381-9;Ana Silva;NO;Cabaña 19;Providencia;840000;0;;6/3/25;NO;
;18/9/25;18/9/25 21:00;18/9/25 22:00;ejecutada;10934689-6;Pedro Rojas;SI;Piscina 2;Santiago Centro;20000;20000;efectivo;18/9/25;NO;
;15/07/25;15/07/25;22/07/25;reservada;23811418-7;Maria Gonzalez;NO;Cabaña 7;La Florida;840000;0;;13/7/25;NO;
;10/12/25;10/12/25;12/12/25;reservada;21296743-2;Pedro Rojas;SI;Cabaña 14;Santa Cruz;240000;0;;9/12/25;NO;
;11/6/25;11/6/25 16:00;11/6/25 17:00;cancelada;8954537-4;Luis Contreras;SI;Cancha Padel Aire Libre;Providencia;25000;0;;11/6/25;NO;
;2/6/25;2/6/25 20:00;2/6/25 21:00;ejecutada;10905503-4;Pedro Rojas;SI;Piscina 2;La Florida;20000;20000;efectivo;30/5/25;NO;
;06/02/25;06/02/25;08/02/25;ejecutada;8805000-2;Maria Gonzalez;SI;Cabaña 18;Santa Cruz;240000;240000;tarjeta;3/2/25;NO;
;07/05/25;07/05/25;11/05/25;reservada;8223654-6;Ana Silva;NO;Cabaña 8;Santiago Centro;480000;0;;2/5/25;NO;
;01/01/25;01/01/25;04/01/25;ejecutada;18565989-5;Luis Contreras;SI;Cabaña 17;Santa Cruz;360000;360000;transferencia;27/12/24;NO;
;01/10/25;01/10/25;02/10/25;reservada;16564154-K;Juan Perez;SI;Cabaña 3 X;Santa Cruz;120000;0;;1/10/25;SI;referencia
;5/8/25;5/8/25;5/8/25 11:00;cancelada;11738535-3;Maria Gonzalez;NO;Salon Eventos 1 X;Santiago Centro;100000;0;;4/8/25;SI;referencia/fecha
;07/01/25;07/01/25;08/01/25;reservada;6126625-9;Maria Gonzalez;NO;Cabaña 5;Providencia;120000;0;;5/1/25;NO;
;10/1/25;10/1/25 9:00;10/1/25 10:00;reservada;7660832-6;Pedro Rojas;NO;Piscina 1;Santa Cruz;20000;0;;7/1/25;NO;
;16/02/25;16/02/25;19/02/25;reservada;9104379-3;Luis Contreras;NO;Cabaña 2;Santiago Centro;360000;0;;15/2/25;NO;
;1/1/25;1/1/25 14:00;1/1/25 15:00;cancelada;10934689-6;Pedro Rojas;NO;Salon Eventos 1;Santiago Centro;100000;0;;27/12/24;NO;
;17/9/25;17/9/25 19:00;17/9/25 20:00;reservada;15293763-6;Luis Contreras;NO;Cancha Basquetbol Aire Libre;La Florida;25000;0;;16/9/25;NO;
;08/04/25;08/04/25;10/04/25;reservada;14427366-4;Luis Contreras;NO;Cabaña 12;La Florida;240000;0;;5/4/25;NO;
;5/2/25;5/2/25 8:00;5/2/25 9:00;cancelada;18965892-3;Juan Perez;NO;Cancha Futbolito Aire Libre;Providencia;25000;0;;2/2/25;NO;
;4/10/25;4/10/25 17:00;4/10/25 18:00;reservada;18426969-4;Pedro Rojas;SI;Salon Eventos 1;La Florida;100000;0;;30/9/25;NO;
;13/06/25;13/06/25;17/06/25;cancelada;9226402-5;Ana Silva;SI;Cabaña 15;Providencia;480000;0;;13/6/25;NO;
;11/01/25;11/01/25;17/01/25;reservada;21554696-9;Maria Gonzalez;NO;Cabaña 9;Santiago Centro;720000;0;;11/1/25;NO;
;04/07/25;04/07/25;12/07/25;reservada;20928234-8;Pedro Rojas;NO;Cabaña 15;Providencia;960000;0;;29/6/25;SI;
;05/05/25;05/05/25;09/05/25;reservada;10701917-0;Pedro Rojas;NO;Cabaña 12;Santa Cruz;480000;0;;1/5/25;NO;
;03/01/25;03/01/25;08/01/25;cancelada;17911506-9;Pedro Rojas;NO;Cabaña 13;Santiago Centro;600000;0;;1/1/25;NO;
;17/10/25;17/10/25;23/10/25;ejecutada;17294352-7;Ana Silva;NO;Cabaña 17;Santa Cruz;720000;720000;transferencia;13/10/25;NO;
