sucursal_nombre;direccion_sucursal;comuna_nombre;lugar_nombre;tipo_lugar;capacidad_personas;precio;descuento_socio_evento;tipo_precio;dia_semana;hora_inicio;hora_termino;fecha_inicio_vigencia;fecha_fin_vigencia;registro_incorrecto;tipo_error
Santiago Centro;Av Alameda 900;Santiago;mesa1_restaurant1;restaurant;4;;;mesa_hora;sabado;10:00;23:00;10/4/24;24/4/24;NO;
Santiago Centro;Av Alameda 900;Santiago;mesa2_restaurant1;restaurant;4;;;mesa_hora;jueves;10:00;23:00;18/10/24;1/11/24;NO;
Santiago Centro;Av Alameda 900;Santiago;mesa3_restaurant1;restaurant;4;nueve mil;;mesa_hora;miercoles;10:00;23:00;30/1/25;1/3/25;SI;precio
Santiago Centro;Av Alameda 900;Santiago;mesa4_restaurant1;restaurant;4;;;mesa_hora;jueves;10:00;23:00;2024-07;6/8/24;SI;fecha
Santiago Centro;Av Alameda 900;Santiago;mesa5_restaurant1;restaurant;4;;;mesa_hora;martes;10:00;23:00;24/9/24;1/10/24;NO;
Santiago Centro;Av Alameda 900;Santiago;mesa6_restaurant1;restaurant;4;;;mesa_hora;lunes;10:00;23:00;25/4/25;24/7/25;NO;
Santiago Centro;Av Alameda 900;Santiago;mesa7_restaurant1;restaurant;4;;;mesa_hora;viernes;10:00;23:00;12/8/25;26/8/25;NO;
Santiago Centro;Av Alameda 900;Santiago;mesa8_restaurant1;restaurant;4;;;mesa_hora;miercoles;10:00;23:00;5/5/25;19/5/25;NO;
Santiago Centro;Av Alameda 900;Santiago;mesa1_restaurant2;restaurant;4;;;mesa_hora;domingo;10:00;23:00;11/1/24;10/4/24;NO;
Santiago Centro;Av Alameda 900;Santiago;mesa2_restaurant2;restaurant;4;;;mesa_hora;domingo;10:00;23:00;21/6/24;20/8/24;NO;
Santiago Centro;Av Alameda 900;Santiago;mesa3_restaurant2;restaurant;4;;;mesa_hora;domingo;10:00;23:00;20/9/24;19/11/24;NO;
Santiago Centro;Av Alameda 900;Santiago;mesa4_restaurant2;restaurant;4;;;mesa_hora;viernes;10:00;23:00;30/1/24;6/2/24;NO;
Santiago Centro;Av Alameda 900;Santiago;mesa5_restaurant2;restaurant;4;;;mesa_hora;sabado;10:00;23:00;9/6/25;23/6/25;NO;
Santiago Centro;Av Alameda 900;Santiago;mesa6_restaurant2;restaurant;4;;;mesa_hora;domingo;10:00;23:00;25/1/25;25/4/25;NO;
Santiago Centro;Av Alameda 900;Santiago;mesa7_restaurant2;restaurant;4;;;mesa_hora;miercoles;10:00;23:00;30/5/24;28/8/24;NO;
Santiago Centro;Av Alameda 900;Santiago;mesa8_restaurant2;restaurant;4;;;mesa_hora;martes;10:00;23:00;25/8/25;1/9/25;NO;
Santiago Centro;Av Alameda 900;Santiago;linea1_piscina1;piscina;1;30000;;linea_hora;jueves;20:00;21:00;19/11/25;26/11/25;NO;
Santiago Centro;Av Alameda 900;Santiago;linea2_piscina1;piscina;1;230000;21;linea_hora;martes;20:00;21:00;2024-11;19/12/24;SI;fecha
Santiago Centro;Av Alameda 900;Santiago;linea3_piscina1;piscina;1;20000;71;linea_hora;martes;10:00;11:00;2/11/25;9/11/25;NO;
Santiago Centro;Av Alameda 900;Santiago;linea4_piscina1;piscina;1;20000;80;linea_hora;miercoles;12:00;13:00;5/1/25;5/4/25;NO;
Santiago Centro;Av Alameda 900;Santiago;linea5_piscina1;piscina;1;190000;79;linea_hora;viernes;12:00;13:00;29/9/25;13/10/25;NO;
Santiago Centro;Av Alameda 900;Santiago;linea6_piscina1;piscina;1;10000;52;linea_hora;domingo;11:00;12:00;16/8/24;14/11/24;NO;
Santiago Centro;Av Alameda 900;Santiago;linea7_piscina1;piscina;1;200000;;linea_hora;jueves;18:00;19:00;4/10/24;11/10/24;NO;
Santiago Centro;Av Alameda 900;Santiago;linea8_piscina1;piscina;1;40000;;linea_hora;martes;20:00;21:00;15/8/25;22/8/25;NO;
Santiago Centro;Av Alameda 900;Santiago;linea1_piscina2;piscina;1;10000;18;linea_hora;lunes;8:00;9:00;7/5/25;6/6/25;NO;
Santiago Centro;Av Alameda 900;Santiago;linea2_piscina2;piscina;1;220000;39;linea_hora;sabado;17:00;18:00;26/10/24;24/1/25;NO;
Santiago Centro;Av Alameda 900;Santiago;linea3_piscina2;piscina;1;120000;;linea_hora;martes;13:00;14:00;22/4/24;29/4/24;NO;
Santiago Centro;Av Alameda 900;Santiago;linea4_piscina2;piscina;1;10000;27;linea_hora;jueves;12:00;13:00;9/5/24;8/7/24;NO;
Santiago Centro;Av Alameda 900;Santiago;linea5_piscina2;piscina;1;130000;;linea_hora;lunes;9:00;10:00;22/4/25;21/6/25;NO;
Santiago Centro;Av Alameda 900;Santiago;linea6_piscina2;piscina;1;160000;78;linea_hora;viernes;13:00;14:00;12/3/24;11/4/24;NO;
Santiago Centro;Av Alameda 900;Santiago;linea7_piscina2;piscina;1;190000;25;linea_hora;lunes;17:00;18:00;4/4/25;3/7/25;NO;
Santiago Centro;Av Alameda 900;Santiago;linea8_piscina2;piscina;1;30000;;linea_hora;domingo;20:00;21:00;19/10/24;2/11/24;NO;
Santiago Centro;Av Alameda 900;Santiago;SalonEventos1;salon_eventos;36;180000;68;tramo;viernes;20:00;23:59;21/11/25;21/12/25;NO;
Santiago Centro;Av Alameda 900;Santiago;SalonEventos2;salon_eventos;140;40000;34;dia;domingo;0:00;23:59;2/8/24;31/10/24;NO;
Santiago Centro;Av Alameda 900;Santiago;SalonEventos3;salon_eventos;126;120000;1;tramo;miercoles;8:00;14:00;12/8/24;11/10/24;NO;
Santiago Centro;Av Alameda 900;Santiago;SalonEventos4;salon_eventos;155;240000;55;tramo;martes;8:00;14:00;19/9/24;18/12/24;NO;
Santiago Centro;Av Alameda 900;Santiago;Cabana1;cabana;4;60000;;dia;lunes;0:00;23:59;30/5/25;28/8/25;NO;
Santiago Centro;Av Alameda 900;Santiago;Cabana2;cabana;5;160000;;dia;miercoles;0:00;23:59;19/4/24;18/6/24;NO;
Santiago Centro;Av Alameda 900;Santiago;Cabana3;cabana;4;nueve mil;78;dia;jueves;0:00;23:59;2025-10;2/12/25;SI;precio/fecha
Santiago Centro;Av Alameda 900;Santiago;Cabana4;cabana;8;10000;80;dia;sabado;0:00;23:59;23/4/24;22/6/24;NO;
Santiago Centro;Av Alameda 900;Santiago;Cabana5;cabana;7;250000;80;dia;lunes;0:00;23:59;5/9/25;5/10/25;NO;
Santiago Centro;Av Alameda 900;Santiago;Cabana6;cabana;5;120000;1;dia;jueves;0:00;23:59;26/7/25;9/8/25;NO;
Santiago Centro;Av Alameda 900;Santiago;Cabana7;cabana;7;10000;49;dia;domingo;0:00;23:59;7/6/25;6/8/25;NO;
Santiago Centro;Av Alameda 900;Santiago;Cabana8;cabana;7;10000;24;dia;viernes;0:00;23:59;23/6/25;30/6/25;NO;
Santiago Centro;Av Alameda 900;Santiago;Cabana9;cabana;7;10000;20;dia;domingo;0:00;23:59;27/2/25;28/4/25;NO;
Santiago Centro;Av Alameda 900;Santiago;Cabana10;cabana;4;180000;25;dia;viernes;0:00;23:59;22/6/25;21/8/25;NO;
Santiago Centro;Av Alameda 900;Santiago;Cabana11;cabana;8;240000;;dia;viernes;0:00;23:59;9/3/24;8/4/24;NO;
Santiago Centro;Av Alameda 900;Santiago;Cabana12;cabana;5;80000;;dia;sabado;0:00;23:59;25/9/24;25/10/24;NO;
Santiago Centro;Av Alameda 900;Santiago;Cabana13;cabana;7;150000;;dia;domingo;0:00;23:59;28/8/25;27/9/25;NO;
Santiago Centro;Av Alameda 900;Santiago;Cabana14;cabana;4;160000;;dia;miercoles;0:00;23:59;10/7/24;9/8/24;SI;
Santiago Centro;Av Alameda 900;Santiago;Cabana15;cabana;7;250000;48;dia;domingo;0:00;23:59;4/7/25;11/7/25;NO;
Santiago Centro;Av Alameda 900;Santiago;Cabana16;cabana;4;160000;77;dia;sabado;0:00;23:59;5/2/24;5/4/24;NO;
Santiago Centro;Av Alameda 900;Santiago;Cabana17;cabana;6;230000;;dia;martes;0:00;23:59;12/10/24;26/10/24;SI;horario
Santiago Centro;Av Alameda 900;Santiago;Cabana18;cabana;5;240000;31;dia;sabado;0:00;23:59;3/9/24;2/12/24;NO;
Santiago Centro;Av Alameda 900;Santiago;Cabana19;cabana;7;nueve mil;21;dia;lunes;0:00;23:59;13/5/25;27/5/25;SI;precio
Santiago Centro;Av Alameda 900;Santiago;Cabana20;cabana;8;140000;71;dia;lunes;0:00;23:59;3/2/24;4/3/24;NO;
Santiago Centro;Av Alameda 900;Santiago;Cancha_tenis_aire_libre;cancha_aire_libre;11;200000;15;hora;miercoles;21:00;22:00;2025-04;4/5/25;SI;fecha
Santiago Centro;Av Alameda 900;Santiago;Cancha_tenis_techada;cancha_techada;14;200000;39;hora;lunes;22:00;23:00;1/11/24;15/11/24;NO;
Santiago Centro;Av Alameda 900;Santiago;Cancha_basquetbol_aire_libre;cancha_aire_libre;15;100000;;hora;miercoles;22:00;23:00;29/8/25;12/9/25;NO;
Santiago Centro;Av Alameda 900;Santiago;Cancha_basquetbol_techada;cancha_techada;12;nueve mil;;hora;lunes;8:00;9:00;2024-04;17/6/24;SI;precio/fecha
Santiago Centro;Av Alameda 900;Santiago;Cancha_futbolito_aire_libre;cancha_aire_libre;22;200000;;hora;viernes;15:00;16:00;26/12/24;25/1/25;NO;
Santiago Centro;Av Alameda 900;Santiago;Cancha_futbolito_techada;cancha_techada;10;50000;27;hora;domingo;16:00;17:00;24/6/25;22/9/25;SI;
Santiago Centro;Av Alameda 900;Santiago;Cancha_padel_aire_libre;cancha_aire_libre;14;70000;6;hora;domingo;16:00;17:00;18/3/25;17/4/25;NO;
Santiago Centro;Av Alameda 900;Santiago;Cancha_padel_techada;cancha_techada;20;140000;3;hora;miercoles;13:00;14:00;18/11/25;18/12/25;NO;
Providencia;Av Pedro de Valdivia 2100;Providencia;mesa1_restaurant1;restaurant;4;;;mesa_hora;lunes;10:00;23:00;2/1/25;16/1/25;NO;
Providencia;Av Pedro de Valdivia 2100;Providencia;mesa2_restaurant1;restaurant;4;;;mesa_hora;sabado;10:00;23:00;7/7/24;6/8/24;NO;
Providencia;Av Pedro de Valdivia 2100;Providencia;mesa3_restaurant1;restaurant;4;;;mesa_hora;miercoles;10:00;23:00;2025-02;17/2/25;SI;fecha
Providencia;Av Pedro de Valdivia 2100;Providencia;mesa4_restaurant1;restaurant;4;;;mesa_hora;sabado;10:00;23:00;15/3/25;29/3/25;NO;
Providencia;Av Pedro de Valdivia 2100;Providencia;mesa5_restaurant1;restaurant;4;;;mesa_hora;sabado;10:00;23:00;26/10/25;9/11/25;NO;
Providencia;Av Pedro de Valdivia 2100;Providencia;mesa6_restaurant1;restaurant;4;;;mesa_hora;martes;10:00;23:00;18/9/24;2/10/24;NO;
Providencia;Av Pedro de Valdivia 2100;Providencia;mesa7_restaurant1;restaurant;4;;;mesa_hora;lunes;10:00;23:00;13/2/24;13/5/24;NO;
Providencia;Av Pedro de Valdivia 2100;Providencia;mesa8_restaurant1;restaurant;4;;;mesa_hora;martes;10:00;23:00;4/12/24;3/1/25;NO;
Providencia;Av Pedro de Valdivia 2100;Providencia;mesa1_restaurant2;restaurant;4;;;mesa_hora;domingo;10:00;23:00;18/4/24;17/7/24;NO;
Providencia;Av Pedro de Valdivia 2100;Providencia;mesa2_restaurant2;restaurant;4;;;mesa_hora;lunes;10:00;23:00;30/5/25;6/6/25;NO;
Providencia;Av Pedro de Valdivia 2100;Providencia;mesa3_restaurant2;restaurant;4;;;mesa_hora;martes;10:00;23:00;4/10/25;11/10/25;NO;
Providencia;Av Pedro de Valdivia 2100;Providencia;mesa4_restaurant2;restaurant;4;;;mesa_hora;sabado;10:00;23:00;30/4/24;29/7/24;NO;
Providencia;Av Pedro de Valdivia 2100;Providencia;mesa5_restaurant2;restaurant;4;;;mesa_hora;viernes;10:00;23:00;27/11/25;26/1/26;NO;
Providencia;Av Pedro de Valdivia 2100;Providencia;mesa6_restaurant2;restaurant;4;;;mesa_hora;sabado;10:00;23:00;10/10/24;9/12/24;NO;
Providencia;Av Pedro de Valdivia 2100;Providencia;mesa7_restaurant2;restaurant;4;;;mesa_hora;martes;10:00;23:00;24/12/24;23/1/25;NO;
Providencia;Av Pedro de Valdivia 2100;Providencia;mesa8_restaurant2;restaurant;4;;;mesa_hora;viernes;10:00;23:00;17/6/25;24/6/25;NO;
Providencia;Av Pedro de Valdivia 2100;Providencia;linea1_piscina1;piscina;1;30000;;linea_hora;viernes;21:00;22:00;18/6/24;2/7/24;NO;
Providencia;Av Pedro de Valdivia 2100;Providencia;linea2_piscina1;piscina;1;220000;;linea_hora;miercoles;16:00;17:00;28/5/24;27/7/24;NO;
Providencia;Av Pedro de Valdivia 2100;Providencia;linea3_piscina1;piscina;1;230000;;linea_hora;domingo;19:00;20:00;12/2/25;26/2/25;SI;
Providencia;Av Pedro de Valdivia 2100;Providencia;linea4_piscina1;piscina;1;200000;76;linea_hora;sabado;16:00;17:00;29/8/25;28/10/25;NO;
Providencia;Av Pedro de Valdivia 2100;Providencia;linea5_piscina1;piscina;1;200000;54;linea_hora;sabado;18:00;19:00;16/4/24;30/4/24;NO;
Providencia;Av Pedro de Valdivia 2100;Providencia;linea6_piscina1;piscina;1;20000;12;linea_hora;martes;12:00;13:00;2024-07;16/8/24;SI;fecha
Providencia;Av Pedro de Valdivia 2100;Providencia;linea7_piscina1;piscina;1;nueve mil;;linea_hora;jueves;20:00;21:00;2025-10;2/1/26;SI;precio/fecha
Providencia;Av Pedro de Valdivia 2100;Providencia;linea8_piscina1;piscina;1;170000;;linea_hora;jueves;17:00;18:00;19/1/24;2/2/24;NO;
Providencia;Av Pedro de Valdivia 2100;Providencia;linea1_piscina2;piscina;1;40000;;linea_hora;sabado;20:00;21:00;20/1/24;19/2/24;SI;
Providencia;Av Pedro de Valdivia 2100;Providencia;linea2_piscina2;piscina;1;230000;55;linea_hora;miercoles;8:00;8:30;22/12/24;20/2/25;SI;horario
Providencia;Av Pedro de Valdivia 2100;Providencia;linea3_piscina2;piscina;1;60000;62;linea_hora;martes;18:00;19:00;7/6/25;5/9/25;NO;
Providencia;Av Pedro de Valdivia 2100;Providencia;linea4_piscina2;piscina;1;60000;;linea_hora;martes;8:00;9:00;14/5/24;21/5/24;NO;
Providencia;Av Pedro de Valdivia 2100;Providencia;linea5_piscina2;piscina;1;10000;;linea_hora;jueves;11:00;12:00;1/7/24;8/7/24;NO;
Providencia;Av Pedro de Valdivia 2100;Providencia;linea6_piscina2;piscina;1;80000;;linea_hora;domingo;13:00;14:00;6/3/25;4/6/25;NO;
Providencia;Av Pedro de Valdivia 2100;Providencia;linea7_piscina2;piscina;1;160000;10;linea_hora;viernes;16:00;17:00;14/10/24;28/10/24;NO;
Providencia;Av Pedro de Valdivia 2100;Providencia;linea8_piscina2;piscina;1;80000;30;linea_hora;miercoles;9:00;10:00;24/9/24;8/10/24;NO;
Providencia;Av Pedro de Valdivia 2100;Providencia;SalonEventos1;salon_eventos;159;210000;16;tramo;miercoles;20:00;23:59;16/8/24;30/8/24;NO;
Providencia;Av Pedro de Valdivia 2100;Providencia;SalonEventos2;salon_eventos;108;150000;80;tramo;miercoles;14:00;20:00;19/1/25;20/3/25;NO;
Providencia;Av Pedro de Valdivia 2100;Providencia;SalonEventos3;salon_eventos;85;120000;76;tramo;miercoles;20:00;23:59;7/3/24;14/3/24;NO;
Providencia;Av Pedro de Valdivia 2100;Providencia;SalonEventos4;salon_eventos;44;140000;28;tramo;martes;14:00;20:00;12/4/25;26/4/25;NO;
Providencia;Av Pedro de Valdivia 2100;Providencia;Cabana1;cabana;5;60000;;dia;lunes;0:00;23:59;19/8/25;17/11/25;SI;horario
Providencia;Av Pedro de Valdivia 2100;Providencia;Cabana2;cabana;7;220000;20;dia;miercoles;0:00;23:59;12/3/24;11/5/24;NO;
Providencia;Av Pedro de Valdivia 2100;Providencia;Cabana3;cabana;4;40000;53;dia;miercoles;0:00;23:59;20/2/24;5/3/24;NO;
Providencia;Av Pedro de Valdivia 2100;Providencia;Cabana4;cabana;5;150000;34;dia;jueves;0:00;23:59;10/8/24;8/11/24;NO;
Providencia;Av Pedro de Valdivia 2100;Providencia;Cabana5;cabana;7;60000;34;dia;miercoles;0:00;23:59;2/9/24;1/12/24;NO;
Providencia;Av Pedro de Valdivia 2100;Providencia;Cabana6;cabana;4;nueve mil;41;dia;viernes;0:00;23:59;2024-07;26/8/24;SI;precio/fecha
Providencia;Av Pedro de Valdivia 2100;Providencia;Cabana7;cabana;6;160000;10;dia;lunes;0:00;23:59;9/5/24;7/8/24;NO;
Providencia;Av Pedro de Valdivia 2100;Providencia;Cabana8;cabana;4;30000;3;dia;viernes;0:00;23:59;11/5/25;10/6/25;NO;
Providencia;Av Pedro de Valdivia 2100;Providencia;Cabana9;cabana;4;250000;44;dia;miercoles;0:00;23:59;16/9/24;15/11/24;NO;
Providencia;Av Pedro de Valdivia 2100;Providencia;Cabana10;cabana;8;120000;5;dia;domingo;0:00;23:59;23/5/24;6/6/24;NO;
Providencia;Av Pedro de Valdivia 2100;Providencia;Cabana11;cabana;6;nueve mil;;dia;jueves;0:00;23:59;2025-10;28/10/25;SI;precio/fecha
Providencia;Av Pedro de Valdivia 2100;Providencia;Cabana12;cabana;7;140000;9;dia;jueves;0:00;23:59;13/10/24;27/10/24;NO;
Providencia;Av Pedro de Valdivia 2100;Providencia;Cabana13;cabana;5;60000;;dia;sabado;0:00;23:59;29/3/24;27/6/24;NO;
Providencia;Av Pedro de Valdivia 2100;Providencia;Cabana14;cabana;4;200000;33;dia;sabado;0:00;23:59;5/6/25;19/6/25;NO;
Providencia;Av Pedro de Valdivia 2100;Providencia;Cabana15;cabana;5;210000;68;dia;sabado;0:00;23:59;27/4/24;27/5/24;NO;
Providencia;Av Pedro de Valdivia 2100;Providencia;Cabana16;cabana;8;140000;53;dia;martes;0:00;23:59;15/3/25;14/5/25;NO;
Providencia;Av Pedro de Valdivia 2100;Providencia;Cabana17;cabana;4;220000;;dia;domingo;0:00;23:59;24/4/24;23/7/24;NO;
Providencia;Av Pedro de Valdivia 2100;Providencia;Cabana18;cabana;8;140000;;dia;jueves;0:00;23:59;16/3/25;23/3/25;NO;
Providencia;Av Pedro de Valdivia 2100;Providencia;Cabana19;cabana;5;50000;63;dia;lunes;0:00;23:59;18/3/24;25/3/24;NO;
Providencia;Av Pedro de Valdivia 2100;Providencia;Cabana20;cabana;4;100000;69;dia;sabado;0:00;23:59;14/1/25;13/2/25;NO;
Providencia;Av Pedro de Valdivia 2100;Providencia;Cancha_tenis_aire_libre;cancha_aire_libre;10;120000;42;hora;miercoles;18:00;19:00;4/11/25;18/11/25;NO;
Providencia;Av Pedro de Valdivia 2100;Providencia;Cancha_tenis_techada;cancha_techada;15;180000;;hora;martes;20:00;21:00;25/8/25;1/9/25;NO;
Providencia;Av Pedro de Valdivia 2100;Providencia;Cancha_basquetbol_aire_libre;cancha_aire_libre;14;210000;;hora;lunes;8:00;9:00;31/10/25;30/12/25;NO;
Providencia;Av Pedro de Valdivia 2100;Providencia;Cancha_basquetbol_techada;cancha_techada;15;150000;4;hora;lunes;16:00;17:00;9/2/24;23/2/24;NO;
Providencia;Av Pedro de Valdivia 2100;Providencia;Cancha_futbolito_aire_libre;cancha_aire_libre;12;20000;;hora;domingo;19:00;20:00;29/5/24;12/6/24;NO;
Providencia;Av Pedro de Valdivia 2100;Providencia;Cancha_futbolito_techada;cancha_techada;20;240000;22;hora;domingo;19:00;20:00;30/7/25;13/8/25;NO;
Providencia;Av Pedro de Valdivia 2100;Providencia;Cancha_padel_aire_libre;cancha_aire_libre;20;210000;67;hora;domingo;20:00;21:00;26/10/24;25/12/24;NO;
Providencia;Av Pedro de Valdivia 2100;Providencia;Cancha_padel_techada;cancha_techada;14;100000;73;hora;jueves;17:00;18:00;8/10/24;22/10/24;NO;
La Florida;Av. Vicu–a Mackenna 10777;La Florida;mesa1_restaurant1;restaurant;4;;;mesa_hora;sabado;10:00;23:00;25/3/24;1/4/24;NO;
La Florida;Av. Vicu–a Mackenna 10777;La Florida;mesa2_restaurant1;restaurant;4;;;mesa_hora;miercoles;10:00;23:00;16/10/25;14/1/26;NO;
La Florida;Av. Vicu–a Mackenna 10777;La Florida;mesa3_restaurant1;restaurant;4;;;mesa_hora;viernes;10:00;23:00;14/3/24;21/3/24;NO;
La Florida;Av. Vicu–a Mackenna 10777;La Florida;mesa4_restaurant1;restaurant;4;;;mesa_hora;domingo;10:00;23:00;8/6/25;8/7/25;NO;
La Florida;Av. Vicu–a Mackenna 10777;La Florida;mesa5_restaurant1;restaurant;4;;;mesa_hora;lunes;10:00;23:00;3/6/24;17/6/24;NO;
La Florida;Av. Vicu–a Mackenna 10777;La Florida;mesa6_restaurant1;restaurant;4;;;mesa_hora;sabado;10:00;23:00;18/1/24;1/2/24;NO;
La Florida;Av. Vicu–a Mackenna 10777;La Florida;mesa7_restaurant1;restaurant;4;;;mesa_hora;martes;10:00;23:00;1/7/25;29/9/25;NO;
La Florida;Av. Vicu–a Mackenna 10777;La Florida;mesa8_restaurant1;restaurant;4;;;mesa_hora;martes;10:00;23:00;4/10/25;3/12/25;NO;
La Florida;Av. Vicu–a Mackenna 10777;La Florida;mesa1_restaurant2;restaurant;4;;;mesa_hora;lunes;10:00;23:00;8/1/25;9/3/25;NO;
La Florida;Av. Vicu–a Mackenna 10777;La Florida;mesa2_restaurant2;restaurant;4;;;mesa_hora;lunes;10:00;23:00;11/3/25;9/6/25;NO;
La Florida;Av. Vicu–a Mackenna 10777;La Florida;mesa3_restaurant2;restaurant;4;;;mesa_hora;sabado;10:00;23:00;11/3/24;18/3/24;NO;
La Florida;Av. Vicu–a Mackenna 10777;La Florida;mesa4_restaurant2;restaurant;4;;;mesa_hora;sabado;10:00;23:00;10/3/25;8/6/25;NO;
La Florida;Av. Vicu–a Mackenna 10777;La Florida;mesa5_restaurant2;restaurant;4;;;mesa_hora;miercoles;10:00;23:00;10/2/24;10/5/24;NO;
La Florida;Av. Vicu–a Mackenna 10777;La Florida;mesa6_restaurant2;restaurant;4;;;mesa_hora;domingo;10:00;23:00;22/10/24;21/12/24;NO;
La Florida;Av. Vicu–a Mackenna 10777;La Florida;mesa7_restaurant2;restaurant;4;;;mesa_hora;miercoles;10:00;23:00;21/9/24;21/10/24;NO;
La Florida;Av. Vicu–a Mackenna 10777;La Florida;mesa8_restaurant2;restaurant;4;;;mesa_hora;viernes;10:00;23:00;14/10/25;12/1/26;NO;
La Florida;Av. Vicu–a Mackenna 10777;La Florida;linea1_piscina1;piscina;1;80000;1;linea_hora;sabado;18:00;19:00;10/10/25;8/1/26;NO;
La Florida;Av. Vicu–a Mackenna 10777;La Florida;linea2_piscina1;piscina;1;20000;46;linea_hora;lunes;9:00;10:00;17/10/25;16/12/25;NO;
La Florida;Av. Vicu–a Mackenna 10777;La Florida;linea3_piscina1;piscina;1;220000;62;linea_hora;martes;9:00;10:00;8/1/25;15/1/25;NO;
La Florida;Av. Vicu–a Mackenna 10777;La Florida;linea4_piscina1;piscina;1;70000;17;linea_hora;jueves;18:00;19:00;9/9/25;23/9/25;NO;
La Florida;Av. Vicu–a Mackenna 10777;La Florida;linea5_piscina1;piscina;1;110000;;linea_hora;miercoles;21:00;22:00;31/7/25;29/10/25;NO;
La Florida;Av. Vicu–a Mackenna 10777;La Florida;linea6_piscina1;piscina;1;100000;2;linea_hora;lunes;17:00;18:00;9/10/25;23/10/25;NO;
La Florida;Av. Vicu–a Mackenna 10777;La Florida;linea7_piscina1;piscina;1;220000;;linea_hora;sabado;17:00;18:00;2/5/25;31/7/25;NO;
La Florida;Av. Vicu–a Mackenna 10777;La Florida;linea8_piscina1;piscina;1;60000;;linea_hora;viernes;20:00;21:00;2025-03;9/3/25;SI;fecha
La Florida;Av. Vicu–a Mackenna 10777;La Florida;linea1_piscina2;piscina;1;170000;70;linea_hora;jueves;8:00;8:30;25/3/24;8/4/24;SI;horario
La Florida;Av. Vicu–a Mackenna 10777;La Florida;linea2_piscina2;piscina;1;250000;79;linea_hora;lunes;8:00;8:30;9/1/24;8/2/24;SI;horario
La Florida;Av. Vicu–a Mackenna 10777;La Florida;linea3_piscina2;piscina;1;30000;56;linea_hora;martes;9:00;10:00;17/3/24;24/3/24;NO;
La Florida;Av. Vicu–a Mackenna 10777;La Florida;linea4_piscina2;piscina;1;nueve mil;;linea_hora;lunes;17:00;18:00;2024-06;23/6/24;SI;precio/fecha
La Florida;Av. Vicu–a Mackenna 10777;La Florida;linea5_piscina2;piscina;1;nueve mil;27;linea_hora;sabado;12:00;13:00;2025-11;1/2/26;SI;precio/fecha
La Florida;Av. Vicu–a Mackenna 10777;La Florida;linea6_piscina2;piscina;1;10000;;linea_hora;domingo;11:00;12:00;21/9/24;28/9/24;NO;
La Florida;Av. Vicu–a Mackenna 10777;La Florida;linea7_piscina2;piscina;1;10000;68;linea_hora;miercoles;16:00;17:00;19/12/24;2/1/25;NO;
La Florida;Av. Vicu–a Mackenna 10777;La Florida;linea8_piscina2;piscina;1;140000;;linea_hora;miercoles;11:00;12:00;26/6/25;3/7/25;NO;
La Florida;Av. Vicu–a Mackenna 10777;La Florida;SalonEventos1;salon_eventos;162;220000;;dia;domingo;0:00;23:59;23/7/25;22/8/25;NO;
La Florida;Av. Vicu–a Mackenna 10777;La Florida;SalonEventos2;salon_eventos;177;220000;12;tramo;jueves;14:00;20:00;29/2/24;29/5/24;NO;
La Florida;Av. Vicu–a Mackenna 10777;La Florida;SalonEventos3;salon_eventos;181;nueve mil;34;tramo;sabado;8:00;14:00;2024-03;14/5/24;SI;precio/fecha
La Florida;Av. Vicu–a Mackenna 10777;La Florida;SalonEventos4;salon_eventos;77;240000;;tramo;viernes;8:00;14:00;4/2/25;5/4/25;NO;
La Florida;Av. Vicu–a Mackenna 10777;La Florida;Cabana1;cabana;8;250000;73;dia;miercoles;0:00;23:59;19/4/25;18/6/25;NO;
La Florida;Av. Vicu–a Mackenna 10777;La Florida;Cabana2;cabana;7;130000;44;dia;sabado;0:00;23:59;17/10/24;15/1/25;NO;
La Florida;Av. Vicu–a Mackenna 10777;La Florida;Cabana3;cabana;4;230000;;dia;viernes;0:00;23:59;28/6/24;5/7/24;NO;
La Florida;Av. Vicu–a Mackenna 10777;La Florida;Cabana4;cabana;5;60000;41;dia;lunes;0:00;23:59;20/3/25;27/3/25;NO;
La Florida;Av. Vicu–a Mackenna 10777;La Florida;Cabana5;cabana;4;150000;29;dia;miercoles;0:00;23:59;24/8/24;23/9/24;NO;
La Florida;Av. Vicu–a Mackenna 10777;La Florida;Cabana6;cabana;8;250000;42;dia;domingo;0:00;23:59;25/11/24;2/12/24;NO;
La Florida;Av. Vicu–a Mackenna 10777;La Florida;Cabana7;cabana;5;30000;;dia;miercoles;0:00;23:59;30/3/25;29/5/25;NO;
La Florida;Av. Vicu–a Mackenna 10777;La Florida;Cabana8;cabana;6;80000;;dia;martes;0:00;23:59;10/9/25;10/10/25;NO;
La Florida;Av. Vicu–a Mackenna 10777;La Florida;Cabana9;cabana;6;180000;27;dia;sabado;0:00;23:59;12/7/24;10/10/24;SI;horario
La Florida;Av. Vicu–a Mackenna 10777;La Florida;Cabana10;cabana;4;210000;19;dia;lunes;0:00;23:59;1/7/24;31/7/24;NO;
La Florida;Av. Vicu–a Mackenna 10777;La Florida;Cabana11;cabana;4;150000;5;dia;domingo;0:00;23:59;19/2/25;21/3/25;NO;
La Florida;Av. Vicu–a Mackenna 10777;La Florida;Cabana12;cabana;7;nueve mil;;dia;martes;0:00;23:59;6/10/25;20/10/25;SI;precio
La Florida;Av. Vicu–a Mackenna 10777;La Florida;Cabana13;cabana;5;60000;68;dia;sabado;0:00;23:59;13/4/25;12/7/25;NO;
La Florida;Av. Vicu–a Mackenna 10777;La Florida;Cabana14;cabana;5;210000;;dia;jueves;0:00;23:59;19/6/24;26/6/24;NO;
La Florida;Av. Vicu–a Mackenna 10777;La Florida;Cabana15;cabana;7;150000;25;dia;jueves;0:00;23:59;16/7/24;23/7/24;NO;
La Florida;Av. Vicu–a Mackenna 10777;La Florida;Cabana16;cabana;4;120000;24;dia;domingo;0:00;23:59;13/4/25;13/5/25;NO;
La Florida;Av. Vicu–a Mackenna 10777;La Florida;Cabana17;cabana;8;140000;;dia;lunes;0:00;23:59;6/10/25;5/11/25;NO;
La Florida;Av. Vicu–a Mackenna 10777;La Florida;Cabana18;cabana;7;140000;62;dia;jueves;0:00;23:59;2025-02;6/5/25;SI;fecha
La Florida;Av. Vicu–a Mackenna 10777;La Florida;Cabana19;cabana;5;130000;53;dia;sabado;0:00;23:59;31/8/24;30/9/24;NO;
La Florida;Av. Vicu–a Mackenna 10777;La Florida;Cabana20;cabana;7;110000;;dia;sabado;0:00;23:59;17/7/24;15/9/24;NO;
La Florida;Av. Vicu–a Mackenna 10777;La Florida;Cancha_tenis_aire_libre;cancha_aire_libre;19;10000;;hora;domingo;22:00;23:00;29/7/25;27/10/25;NO;
La Florida;Av. Vicu–a Mackenna 10777;La Florida;Cancha_tenis_techada;cancha_techada;11;220000;35;hora;sabado;22:00;23:00;26/11/24;3/12/24;NO;
La Florida;Av. Vicu–a Mackenna 10777;La Florida;Cancha_basquetbol_aire_libre;cancha_aire_libre;13;160000;52;hora;jueves;11:00;12:00;9/3/24;7/6/24;NO;
La Florida;Av. Vicu–a Mackenna 10777;La Florida;Cancha_basquetbol_techada;cancha_techada;20;40000;26;hora;lunes;15:00;16:00;29/8/24;28/9/24;NO;
La Florida;Av. Vicu–a Mackenna 10777;La Florida;Cancha_futbolito_aire_libre;cancha_aire_libre;13;30000;34;hora;viernes;15:00;16:00;18/2/24;3/3/24;NO;
La Florida;Av. Vicu–a Mackenna 10777;La Florida;Cancha_futbolito_techada;cancha_techada;11;220000;55;hora;viernes;11:00;12:00;10/3/25;17/3/25;NO;
La Florida;Av. Vicu–a Mackenna 10777;La Florida;Cancha_padel_aire_libre;cancha_aire_libre;11;240000;28;hora;jueves;10:00;11:00;18/3/25;17/5/25;NO;
La Florida;Av. Vicu–a Mackenna 10777;La Florida;Cancha_padel_techada;cancha_techada;20;120000;56;hora;lunes;20:00;21:00;28/2/24;6/3/24;SI;
Santa Cruz;Ramon Sanfurgo 800;Santa Cruz;mesa1_restaurant1;restaurant;4;;;mesa_hora;domingo;10:00;23:00;25/2/25;11/3/25;NO;
Santa Cruz;Ramon Sanfurgo 800;Santa Cruz;mesa2_restaurant1;restaurant;4;;;mesa_hora;sabado;10:00;23:00;29/2/24;29/4/24;NO;
Santa Cruz;Ramon Sanfurgo 800;Santa Cruz;mesa3_restaurant1;restaurant;4;;;mesa_hora;jueves;10:00;23:00;8/4/24;22/4/24;NO;
Santa Cruz;Ramon Sanfurgo 800;Santa Cruz;mesa4_restaurant1;restaurant;4;;;mesa_hora;sabado;10:00;23:00;1/10/24;8/10/24;NO;
Santa Cruz;Ramon Sanfurgo 800;Santa Cruz;mesa5_restaurant1;restaurant;4;;;mesa_hora;domingo;10:00;23:00;21/9/25;20/11/25;NO;
Santa Cruz;Ramon Sanfurgo 800;Santa Cruz;mesa6_restaurant1;restaurant;4;;;mesa_hora;jueves;10:00;23:00;23/11/24;22/1/25;NO;
Santa Cruz;Ramon Sanfurgo 800;Santa Cruz;mesa7_restaurant1;restaurant;4;nueve mil;;mesa_hora;martes;10:00;23:00;2025-04;7/5/25;SI;precio/fecha
Santa Cruz;Ramon Sanfurgo 800;Santa Cruz;mesa8_restaurant1;restaurant;4;;;mesa_hora;lunes;10:00;23:00;8/2/24;15/2/24;NO;
Santa Cruz;Ramon Sanfurgo 800;Santa Cruz;mesa1_restaurant2;restaurant;4;;;mesa_hora;martes;10:00;23:00;26/7/25;2/8/25;NO;
Santa Cruz;Ramon Sanfurgo 800;Santa Cruz;mesa2_restaurant2;restaurant;4;;;mesa_hora;domingo;10:00;23:00;2/11/25;2/12/25;NO;
Santa Cruz;Ramon Sanfurgo 800;Santa Cruz;mesa3_restaurant2;restaurant;4;nueve mil;;mesa_hora;domingo;10:00;23:00;2/10/24;16/10/24;SI;precio
Santa Cruz;Ramon Sanfurgo 800;Santa Cruz;mesa4_restaurant2;restaurant;4;nueve mil;;mesa_hora;jueves;10:00;23:00;29/2/24;29/4/24;SI;precio
Santa Cruz;Ramon Sanfurgo 800;Santa Cruz;mesa5_restaurant2;restaurant;4;;;mesa_hora;lunes;10:00;23:00;30/11/25;28/2/26;NO;
Santa Cruz;Ramon Sanfurgo 800;Santa Cruz;mesa6_restaurant2;restaurant;4;;;mesa_hora;viernes;10:00;23:00;18/6/25;18/7/25;NO;
Santa Cruz;Ramon Sanfurgo 800;Santa Cruz;mesa7_restaurant2;restaurant;4;;;mesa_hora;viernes;10:00;23:00;11/2/25;12/5/25;NO;
Santa Cruz;Ramon Sanfurgo 800;Santa Cruz;mesa8_restaurant2;restaurant;4;;;mesa_hora;sabado;10:00;23:00;5/4/24;5/5/24;NO;
Santa Cruz;Ramon Sanfurgo 800;Santa Cruz;linea1_piscina1;piscina;1;170000;79;linea_hora;jueves;11:00;12:00;2/1/25;3/3/25;NO;
Santa Cruz;Ramon Sanfurgo 800;Santa Cruz;linea2_piscina1;piscina;1;30000;;linea_hora;miercoles;12:00;13:00;26/5/24;25/6/24;NO;
Santa Cruz;Ramon Sanfurgo 800;Santa Cruz;linea3_piscina1;piscina;1;170000;0;linea_hora;jueves;18:00;19:00;25/5/24;8/6/24;NO;
Santa Cruz;Ramon Sanfurgo 800;Santa Cruz;linea4_piscina1;piscina;1;120000;65;linea_hora;sabado;16:00;17:00;16/1/24;16/3/24;NO;
Santa Cruz;Ramon Sanfurgo 800;Santa Cruz;linea5_piscina1;piscina;1;220000;;linea_hora;viernes;11:00;12:00;1/1/25;8/1/25;NO;
Santa Cruz;Ramon Sanfurgo 800;Santa Cruz;linea6_piscina1;piscina;1;130000;72;linea_hora;viernes;11:00;12:00;11/12/24;18/12/24;SI;
Santa Cruz;Ramon Sanfurgo 800;Santa Cruz;linea7_piscina1;piscina;1;60000;;linea_hora;martes;10:00;11:00;17/12/24;24/12/24;NO;
Santa Cruz;Ramon Sanfurgo 800;Santa Cruz;linea8_piscina1;piscina;1;40000;9;linea_hora;viernes;13:00;14:00;18/7/25;17/8/25;NO;
Santa Cruz;Ramon Sanfurgo 800;Santa Cruz;linea1_piscina2;piscina;1;40000;;linea_hora;domingo;18:00;19:00;2024-02;18/2/24;SI;fecha
Santa Cruz;Ramon Sanfurgo 800;Santa Cruz;linea2_piscina2;piscina;1;50000;48;linea_hora;martes;15:00;16:00;17/12/24;17/3/25;NO;
Santa Cruz;Ramon Sanfurgo 800;Santa Cruz;linea3_piscina2;piscina;1;150000;66;linea_hora;domingo;18:00;19:00;9/1/24;16/1/24;NO;
Santa Cruz;Ramon Sanfurgo 800;Santa Cruz;linea4_piscina2;piscina;1;70000;;linea_hora;domingo;20:00;21:00;20/10/24;3/11/24;NO;
Santa Cruz;Ramon Sanfurgo 800;Santa Cruz;linea5_piscina2;piscina;1;240000;27;linea_hora;miercoles;12:00;13:00;4/1/24;11/1/24;NO;
Santa Cruz;Ramon Sanfurgo 800;Santa Cruz;linea6_piscina2;piscina;1;110000;31;linea_hora;sabado;11:00;12:00;15/10/25;13/1/26;NO;
Santa Cruz;Ramon Sanfurgo 800;Santa Cruz;linea7_piscina2;piscina;1;nueve mil;21;linea_hora;lunes;21:00;22:00;7/11/25;21/11/25;SI;precio
Santa Cruz;Ramon Sanfurgo 800;Santa Cruz;linea8_piscina2;piscina;1;150000;1;linea_hora;jueves;9:00;10:00;6/10/24;13/10/24;NO;
Santa Cruz;Ramon Sanfurgo 800;Santa Cruz;SalonEventos1;salon_eventos;120;200000;;dia;domingo;0:00;23:59;1/5/24;30/6/24;NO;
Santa Cruz;Ramon Sanfurgo 800;Santa Cruz;SalonEventos2;salon_eventos;184;170000;73;tramo;martes;20:00;23:59;14/7/24;12/10/24;NO;
Santa Cruz;Ramon Sanfurgo 800;Santa Cruz;SalonEventos3;salon_eventos;159;170000;11;tramo;sabado;8:00;14:00;23/8/24;6/9/24;NO;
Santa Cruz;Ramon Sanfurgo 800;Santa Cruz;SalonEventos4;salon_eventos;78;250000;;dia;viernes;0:00;23:59;22/11/24;6/12/24;NO;
Santa Cruz;Ramon Sanfurgo 800;Santa Cruz;Cabana1;cabana;4;40000;;dia;domingo;0:00;23:59;28/10/24;11/11/24;NO;
Santa Cruz;Ramon Sanfurgo 800;Santa Cruz;Cabana2;cabana;5;70000;71;dia;viernes;0:00;23:59;13/11/25;12/1/26;NO;
Santa Cruz;Ramon Sanfurgo 800;Santa Cruz;Cabana3;cabana;4;250000;;dia;martes;0:00;23:59;28/1/25;28/4/25;NO;
Santa Cruz;Ramon Sanfurgo 800;Santa Cruz;Cabana4;cabana;4;110000;;dia;domingo;0:00;23:59;29/1/24;28/4/24;NO;
Santa Cruz;Ramon Sanfurgo 800;Santa Cruz;Cabana5;cabana;7;nueve mil;30;dia;jueves;0:00;23:59;2024-11;8/1/25;SI;precio/fecha
Santa Cruz;Ramon Sanfurgo 800;Santa Cruz;Cabana6;cabana;4;210000;;dia;domingo;0:00;23:59;18/8/24;1/9/24;NO;
Santa Cruz;Ramon Sanfurgo 800;Santa Cruz;Cabana7;cabana;5;100000;32;dia;viernes;0:00;23:59;22/5/24;21/7/24;NO;
Santa Cruz;Ramon Sanfurgo 800;Santa Cruz;Cabana8;cabana;4;30000;;dia;domingo;0:00;23:59;27/8/24;25/11/24;NO;
Santa Cruz;Ramon Sanfurgo 800;Santa Cruz;Cabana9;cabana;7;200000;;dia;domingo;0:00;23:59;13/12/24;13/3/25;NO;
Santa Cruz;Ramon Sanfurgo 800;Santa Cruz;Cabana10;cabana;4;230000;5;dia;domingo;0:00;23:59;6/10/24;5/12/24;NO;
Santa Cruz;Ramon Sanfurgo 800;Santa Cruz;Cabana11;cabana;6;160000;6;dia;jueves;0:00;23:59;3/10/25;1/1/26;NO;
Santa Cruz;Ramon Sanfurgo 800;Santa Cruz;Cabana12;cabana;7;160000;;dia;lunes;0:00;23:59;9/6/25;23/6/25;NO;
Santa Cruz;Ramon Sanfurgo 800;Santa Cruz;Cabana13;cabana;6;10000;18;dia;martes;0:00;23:59;8/9/24;7/11/24;NO;
Santa Cruz;Ramon Sanfurgo 800;Santa Cruz;Cabana14;cabana;7;230000;41;dia;viernes;0:00;23:59;11/5/25;25/5/25;NO;
Santa Cruz;Ramon Sanfurgo 800;Santa Cruz;Cabana15;cabana;6;60000;;dia;viernes;0:00;23:59;2025-11;27/12/25;SI;fecha
Santa Cruz;Ramon Sanfurgo 800;Santa Cruz;Cabana16;cabana;5;30000;;dia;sabado;0:00;23:59;26/9/24;3/10/24;NO;
Santa Cruz;Ramon Sanfurgo 800;Santa Cruz;Cabana17;cabana;5;90000;;dia;sabado;0:00;23:59;2024-04;4/7/24;SI;fecha
Santa Cruz;Ramon Sanfurgo 800;Santa Cruz;Cabana18;cabana;6;40000;47;dia;sabado;0:00;23:59;22/12/24;22/3/25;NO;
Santa Cruz;Ramon Sanfurgo 800;Santa Cruz;Cabana19;cabana;8;30000;16;dia;domingo;0:00;23:59;11/2/25;12/5/25;NO;
Santa Cruz;Ramon Sanfurgo 800;Santa Cruz;Cabana20;cabana;5;170000;56;dia;sabado;0:00;23:59;30/6/24;7/7/24;NO;
Santa Cruz;Ramon Sanfurgo 800;Santa Cruz;Cancha_tenis_aire_libre;cancha_aire_libre;10;160000;;hora;martes;10:00;11:00;14/5/25;28/5/25;NO;
Santa Cruz;Ramon Sanfurgo 800;Santa Cruz;Cancha_tenis_techada;cancha_techada;21;180000;1;hora;miercoles;13:00;14:00;21/9/24;5/10/24;NO;
Santa Cruz;Ramon Sanfurgo 800;Santa Cruz;Cancha_basquetbol_aire_libre;cancha_aire_libre;22;20000;;hora;viernes;21:00;22:00;17/4/25;24/4/25;NO;
Santa Cruz;Ramon Sanfurgo 800;Santa Cruz;Cancha_basquetbol_techada;cancha_techada;13;200000;;hora;martes;12:00;13:00;19/9/24;19/10/24;NO;
Santa Cruz;Ramon Sanfurgo 800;Santa Cruz;Cancha_futbolito_aire_libre;cancha_aire_libre;10;180000;31;hora;jueves;10:00;11:00;8/4/25;7/7/25;NO;
Santa Cruz;Ramon Sanfurgo 800;Santa Cruz;Cancha_futbolito_techada;cancha_techada;10;60000;;hora;sabado;12:00;13:00;26/4/24;3/5/24;NO;
Santa Cruz;Ramon Sanfurgo 800;Santa Cruz;Cancha_padel_aire_libre;cancha_aire_libre;14;30000;;hora;martes;20:00;21:00;17/4/24;1/5/24;NO;
Santa Cruz;Ramon Sanfurgo 800;Santa Cruz;Cancha_padel_techada;cancha_techada;22;70000;78;hora;miercoles;19:00;20:00;2025-02;19/2/25;SI;fecha
Santiago Centro;Av Alameda 900;Santiago;mesa1_restaurant1;restaurant;4;;;mesa_hora;jueves;10:00;23:00;2/8/24;31/10/24;NO;
Santiago Centro;Av Alameda 900;Santiago;mesa2_restaurant1;restaurant;4;;;mesa_hora;miercoles;10:00;23:00;11/5/25;18/5/25;NO;
Santiago Centro;Av Alameda 900;Santiago;mesa3_restaurant1;restaurant;4;;;mesa_hora;sabado;10:00;23:00;10/5/24;24/5/24;NO;
Santiago Centro;Av Alameda 900;Santiago;mesa4_restaurant1;restaurant;4;;;mesa_hora;miercoles;10:00;23:00;8/2/25;9/4/25;SI;horario
Santiago Centro;Av Alameda 900;Santiago;mesa5_restaurant1;restaurant;4;;;mesa_hora;lunes;10:00;23:00;6/4/24;13/4/24;NO;
Santiago Centro;Av Alameda 900;Santiago;mesa6_restaurant1;restaurant;4;;;mesa_hora;domingo;10:00;23:00;21/10/24;28/10/24;NO;
Santiago Centro;Av Alameda 900;Santiago;mesa7_restaurant1;restaurant;4;;;mesa_hora;sabado;10:00;23:00;28/11/25;12/12/25;NO;
Santiago Centro;Av Alameda 900;Santiago;mesa8_restaurant1;restaurant;4;;;mesa_hora;sabado;10:00;23:00;2024-05;19/5/24;SI;fecha
Santiago Centro;Av Alameda 900;Santiago;mesa1_restaurant2;restaurant;4;;;mesa_hora;miercoles;10:00;23:00;8/10/25;6/1/26;SI;horario
Santiago Centro;Av Alameda 900;Santiago;mesa2_restaurant2;restaurant;4;;;mesa_hora;martes;10:00;23:00;1/2/24;8/2/24;NO;
Santiago Centro;Av Alameda 900;Santiago;mesa3_restaurant2;restaurant;4;;;mesa_hora;miercoles;10:00;23:00;22/3/24;21/4/24;NO;
Santiago Centro;Av Alameda 900;Santiago;mesa4_restaurant2;restaurant;4;;;mesa_hora;sabado;10:00;23:00;21/2/25;7/3/25;NO;
Santiago Centro;Av Alameda 900;Santiago;mesa5_restaurant2;restaurant;4;;;mesa_hora;miercoles;10:00;23:00;17/8/25;15/11/25;NO;
Santiago Centro;Av Alameda 900;Santiago;mesa6_restaurant2;restaurant;4;;;mesa_hora;jueves;10:00;23:00;1/2/25;15/2/25;NO;
Santiago Centro;Av Alameda 900;Santiago;mesa7_restaurant2;restaurant;4;;;mesa_hora;martes;10:00;23:00;24/6/24;23/8/24;NO;
Santiago Centro;Av Alameda 900;Santiago;mesa8_restaurant2;restaurant;4;;;mesa_hora;martes;10:00;23:00;16/10/25;14/1/26;NO;
Santiago Centro;Av Alameda 900;Santiago;linea1_piscina1;piscina;1;150000;;linea_hora;martes;14:00;15:00;11/11/24;11/12/24;NO;
Santiago Centro;Av Alameda 900;Santiago;linea2_piscina1;piscina;1;140000;68;linea_hora;lunes;9:00;10:00;3/2/25;10/2/25;NO;
Santiago Centro;Av Alameda 900;Santiago;linea3_piscina1;piscina;1;180000;;linea_hora;jueves;22:00;23:00;26/1/24;2/2/24;NO;
Santiago Centro;Av Alameda 900;Santiago;linea4_piscina1;piscina;1;10000;;linea_hora;sabado;21:00;22:00;20/4/25;19/7/25;SI;
Santiago Centro;Av Alameda 900;Santiago;linea5_piscina1;piscina;1;nueve mil;72;linea_hora;martes;8:00;9:00;4/2/25;5/5/25;SI;precio
Santiago Centro;Av Alameda 900;Santiago;linea6_piscina1;piscina;1;220000;;linea_hora;sabado;10:00;11:00;5/4/24;5/5/24;NO;
Santiago Centro;Av Alameda 900;Santiago;linea7_piscina1;piscina;1;180000;45;linea_hora;lunes;21:00;22:00;19/8/25;18/10/25;NO;
Santiago Centro;Av Alameda 900;Santiago;linea8_piscina1;piscina;1;nueve mil;38;linea_hora;domingo;17:00;18:00;2/5/25;31/7/25;SI;precio
Santiago Centro;Av Alameda 900;Santiago;linea1_piscina2;piscina;1;140000;54;linea_hora;martes;14:00;15:00;25/5/24;1/6/24;NO;
Santiago Centro;Av Alameda 900;Santiago;linea2_piscina2;piscina;1;140000;26;linea_hora;miercoles;9:00;10:00;14/10/25;21/10/25;NO;
Santiago Centro;Av Alameda 900;Santiago;linea3_piscina2;piscina;1;10000;80;linea_hora;lunes;15:00;16:00;17/7/24;31/7/24;NO;
Santiago Centro;Av Alameda 900;Santiago;linea4_piscina2;piscina;1;nueve mil;41;linea_hora;lunes;19:00;20:00;2025-01;16/1/25;SI;precio/fecha
Santiago Centro;Av Alameda 900;Santiago;linea5_piscina2;piscina;1;100000;;linea_hora;sabado;10:00;11:00;26/4/24;3/5/24;NO;
Santiago Centro;Av Alameda 900;Santiago;linea6_piscina2;piscina;1;nueve mil;60;linea_hora;sabado;18:00;19:00;5/10/24;12/10/24;SI;precio
Santiago Centro;Av Alameda 900;Santiago;linea7_piscina2;piscina;1;180000;73;linea_hora;sabado;17:00;18:00;31/1/25;2/3/25;NO;
Santiago Centro;Av Alameda 900;Santiago;linea8_piscina2;piscina;1;230000;30;linea_hora;viernes;8:00;8:30;17/11/24;24/11/24;SI;horario
Santiago Centro;Av Alameda 900;Santiago;SalonEventos1;salon_eventos;106;130000;;tramo;martes;14:00;20:00;11/5/24;9/8/24;NO;
Santiago Centro;Av Alameda 900;Santiago;SalonEventos2;salon_eventos;36;40000;;tramo;sabado;20:00;23:59;28/8/24;4/9/24;NO;
Santiago Centro;Av Alameda 900;Santiago;SalonEventos3;salon_eventos;21;250000;69;tramo;lunes;8:00;14:00;12/8/25;10/11/25;NO;
Santiago Centro;Av Alameda 900;Santiago;SalonEventos4;salon_eventos;39;40000;9;tramo;domingo;14:00;20:00;10/8/24;9/10/24;NO;
Santiago Centro;Av Alameda 900;Santiago;Cabana1;cabana;7;160000;37;dia;jueves;0:00;23:59;8/8/25;7/9/25;NO;
Santiago Centro;Av Alameda 900;Santiago;Cabana2;cabana;4;nueve mil;;dia;miercoles;0:00;23:59;2024-01;22/2/24;SI;precio/fecha
Santiago Centro;Av Alameda 900;Santiago;Cabana3;cabana;4;250000;58;dia;jueves;0:00;23:59;24/5/24;22/8/24;NO;
Santiago Centro;Av Alameda 900;Santiago;Cabana4;cabana;7;240000;48;dia;martes;0:00;23:59;20/10/24;19/12/24;NO;
Santiago Centro;Av Alameda 900;Santiago;Cabana5;cabana;7;100000;70;dia;sabado;0:00;23:59;19/7/24;18/8/24;NO;
Santiago Centro;Av Alameda 900;Santiago;Cabana6;cabana;4;70000;;dia;miercoles;0:00;23:59;31/3/25;29/6/25;NO;
Santiago Centro;Av Alameda 900;Santiago;Cabana7;cabana;6;20000;;dia;domingo;0:00;23:59;27/3/24;3/4/24;NO;
Santiago Centro;Av Alameda 900;Santiago;Cabana8;cabana;5;240000;24;dia;domingo;0:00;23:59;31/1/25;2/3/25;NO;
Santiago Centro;Av Alameda 900;Santiago;Cabana9;cabana;7;240000;;dia;viernes;0:00;23:59;2024-07;13/8/24;SI;fecha
Santiago Centro;Av Alameda 900;Santiago;Cabana10;cabana;6;180000;78;dia;domingo;0:00;23:59;27/3/24;26/5/24;NO;
Santiago Centro;Av Alameda 900;Santiago;Cabana11;cabana;5;nueve mil;;dia;lunes;0:00;23:59;4/11/25;11/11/25;SI;precio
Santiago Centro;Av Alameda 900;Santiago;Cabana12;cabana;7;60000;23;dia;domingo;0:00;23:59;12/3/24;19/3/24;NO;
Santiago Centro;Av Alameda 900;Santiago;Cabana13;cabana;5;250000;;dia;sabado;0:00;23:59;6/10/25;5/12/25;NO;
Santiago Centro;Av Alameda 900;Santiago;Cabana14;cabana;4;120000;66;dia;martes;0:00;23:59;20/8/24;27/8/24;NO;
Santiago Centro;Av Alameda 900;Santiago;Cabana15;cabana;5;180000;;dia;lunes;0:00;23:59;25/4/24;9/5/24;NO;
Santiago Centro;Av Alameda 900;Santiago;Cabana16;cabana;7;170000;76;dia;domingo;0:00;23:59;18/9/25;2/10/25;NO;
Santiago Centro;Av Alameda 900;Santiago;Cabana17;cabana;7;220000;21;dia;jueves;0:00;23:59;12/6/24;19/6/24;NO;
Santiago Centro;Av Alameda 900;Santiago;Cabana18;cabana;5;200000;51;dia;lunes;0:00;23:59;14/11/25;13/1/26;NO;
Santiago Centro;Av Alameda 900;Santiago;Cabana19;cabana;5;80000;24;dia;jueves;0:00;23:59;12/9/25;26/9/25;NO;
Santiago Centro;Av Alameda 900;Santiago;Cabana20;cabana;6;150000;;dia;viernes;0:00;23:59;8/3/24;22/3/24;NO;
Santiago Centro;Av Alameda 900;Santiago;Cancha_tenis_aire_libre;cancha_aire_libre;21;170000;0;hora;domingo;22:00;23:00;24/10/24;22/1/25;NO;
Santiago Centro;Av Alameda 900;Santiago;Cancha_tenis_techada;cancha_techada;14;250000;22;hora;jueves;20:00;21:00;29/12/24;27/2/25;NO;
Santiago Centro;Av Alameda 900;Santiago;Cancha_basquetbol_aire_libre;cancha_aire_libre;21;210000;62;hora;viernes;9:00;10:00;17/11/25;17/12/25;NO;
Santiago Centro;Av Alameda 900;Santiago;Cancha_basquetbol_techada;cancha_techada;22;90000;52;hora;domingo;10:00;11:00;27/1/25;3/2/25;NO;
Santiago Centro;Av Alameda 900;Santiago;Cancha_futbolito_aire_libre;cancha_aire_libre;21;250000;;hora;sabado;18:00;19:00;5/6/25;5/7/25;NO;
Santiago Centro;Av Alameda 900;Santiago;Cancha_futbolito_techada;cancha_techada;20;160000;76;hora;viernes;8:00;9:00;9/11/24;7/2/25;NO;
Santiago Centro;Av Alameda 900;Santiago;Cancha_padel_aire_libre;cancha_aire_libre;12;60000;62;hora;martes;8:00;9:00;20/2/25;6/3/25;NO;
Santiago Centro;Av Alameda 900;Santiago;Cancha_padel_techada;cancha_techada;12;100000;;hora;lunes;17:00;18:00;13/5/24;12/6/24;NO;
Providencia;Av Pedro de Valdivia 2100;Providencia;mesa1_restaurant1;restaurant;4;;;mesa_hora;domingo;10:00;23:00;13/6/25;20/6/25;NO;
Providencia;Av Pedro de Valdivia 2100;Providencia;mesa2_restaurant1;restaurant;4;;;mesa_hora;domingo;10:00;23:00;22/8/25;21/10/25;NO;
Providencia;Av Pedro de Valdivia 2100;Providencia;mesa3_restaurant1;restaurant;4;;;mesa_hora;viernes;10:00;23:00;2025-07;21/9/25;SI;fecha
Providencia;Av Pedro de Valdivia 2100;Providencia;mesa4_restaurant1;restaurant;4;;;mesa_hora;martes;10:00;23:00;5/11/25;5/12/25;NO;
Providencia;Av Pedro de Valdivia 2100;Providencia;mesa5_restaurant1;restaurant;4;;;mesa_hora;lunes;10:00;23:00;30/6/24;7/7/24;NO;
Providencia;Av Pedro de Valdivia 2100;Providencia;mesa6_restaurant1;restaurant;4;;;mesa_hora;sabado;10:00;23:00;17/7/24;16/8/24;NO;
Providencia;Av Pedro de Valdivia 2100;Providencia;mesa7_restaurant1;restaurant;4;;;mesa_hora;lunes;10:00;23:00;5/4/25;4/6/25;NO;
Providencia;Av Pedro de Valdivia 2100;Providencia;mesa8_restaurant1;restaurant;4;;;mesa_hora;jueves;10:00;23:00;25/6/25;9/7/25;SI;horario
Providencia;Av Pedro de Valdivia 2100;Providencia;mesa1_restaurant2;restaurant;4;;;mesa_hora;martes;10:00;23:00;5/5/24;4/6/24;NO;
Providencia;Av Pedro de Valdivia 2100;Providencia;mesa2_restaurant2;restaurant;4;;;mesa_hora;viernes;10:00;23:00;16/4/24;16/5/24;NO;
Providencia;Av Pedro de Valdivia 2100;Providencia;mesa3_restaurant2;restaurant;4;;;mesa_hora;viernes;10:00;23:00;7/1/25;8/3/25;NO;
Providencia;Av Pedro de Valdivia 2100;Providencia;mesa4_restaurant2;restaurant;4;;;mesa_hora;martes;10:00;23:00;18/4/25;2/5/25;NO;
Providencia;Av Pedro de Valdivia 2100;Providencia;mesa5_restaurant2;restaurant;4;;;mesa_hora;viernes;10:00;23:00;10/8/24;17/8/24;NO;
Providencia;Av Pedro de Valdivia 2100;Providencia;mesa6_restaurant2;restaurant;4;;;mesa_hora;martes;10:00;23:00;8/4/24;7/7/24;NO;
Providencia;Av Pedro de Valdivia 2100;Providencia;mesa7_restaurant2;restaurant;4;;;mesa_hora;jueves;10:00;23:00;31/7/25;30/8/25;NO;
Providencia;Av Pedro de Valdivia 2100;Providencia;mesa8_restaurant2;restaurant;4;;;mesa_hora;jueves;10:00;23:00;10/4/25;9/6/25;NO;
Providencia;Av Pedro de Valdivia 2100;Providencia;linea1_piscina1;piscina;1;130000;35;linea_hora;domingo;19:00;20:00;17/5/25;15/8/25;NO;
Providencia;Av Pedro de Valdivia 2100;Providencia;linea2_piscina1;piscina;1;80000;;linea_hora;viernes;19:00;20:00;29/3/24;12/4/24;NO;
Providencia;Av Pedro de Valdivia 2100;Providencia;linea3_piscina1;piscina;1;30000;55;linea_hora;lunes;21:00;22:00;12/2/24;26/2/24;NO;
Providencia;Av Pedro de Valdivia 2100;Providencia;linea4_piscina1;piscina;1;10000;42;linea_hora;viernes;20:00;21:00;13/4/24;13/5/24;NO;
Providencia;Av Pedro de Valdivia 2100;Providencia;linea5_piscina1;piscina;1;140000;;linea_hora;martes;18:00;19:00;10/7/24;17/7/24;NO;
Providencia;Av Pedro de Valdivia 2100;Providencia;linea6_piscina1;piscina;1;60000;;linea_hora;viernes;8:00;8:30;24/2/24;2/3/24;SI;horario
Providencia;Av Pedro de Valdivia 2100;Providencia;linea7_piscina1;piscina;1;10000;;linea_hora;sabado;8:00;9:00;13/2/24;27/2/24;NO;
Providencia;Av Pedro de Valdivia 2100;Providencia;linea8_piscina1;piscina;1;250000;21;linea_hora;jueves;9:00;10:00;25/4/25;24/6/25;NO;
Providencia;Av Pedro de Valdivia 2100;Providencia;linea1_piscina2;piscina;1;170000;;linea_hora;martes;9:00;10:00;7/6/25;7/7/25;NO;
Providencia;Av Pedro de Valdivia 2100;Providencia;linea2_piscina2;piscina;1;110000;37;linea_hora;sabado;19:00;20:00;12/4/25;12/5/25;NO;
Providencia;Av Pedro de Valdivia 2100;Providencia;linea3_piscina2;piscina;1;190000;31;linea_hora;lunes;19:00;20:00;25/3/24;24/4/24;NO;
Providencia;Av Pedro de Valdivia 2100;Providencia;linea4_piscina2;piscina;1;100000;43;linea_hora;martes;9:00;10:00;22/12/24;29/12/24;NO;
Providencia;Av Pedro de Valdivia 2100;Providencia;linea5_piscina2;piscina;1;20000;49;linea_hora;sabado;10:00;11:00;2/10/25;1/11/25;NO;
Providencia;Av Pedro de Valdivia 2100;Providencia;linea6_piscina2;piscina;1;150000;;linea_hora;viernes;19:00;20:00;10/3/24;9/4/24;NO;
Providencia;Av Pedro de Valdivia 2100;Providencia;linea7_piscina2;piscina;1;100000;52;linea_hora;miercoles;15:00;16:00;8/6/24;7/8/24;NO;
Providencia;Av Pedro de Valdivia 2100;Providencia;linea8_piscina2;piscina;1;90000;;linea_hora;miercoles;14:00;15:00;9/3/25;8/5/25;SI;
Providencia;Av Pedro de Valdivia 2100;Providencia;SalonEventos1;salon_eventos;61;nueve mil;;tramo;miercoles;8:00;14:00;10/7/25;9/8/25;SI;precio
Providencia;Av Pedro de Valdivia 2100;Providencia;SalonEventos2;salon_eventos;126;240000;58;tramo;sabado;14:00;20:00;14/7/25;12/9/25;NO;
Providencia;Av Pedro de Valdivia 2100;Providencia;SalonEventos3;salon_eventos;139;220000;50;dia;lunes;0:00;23:59;11/11/25;25/11/25;NO;
Providencia;Av Pedro de Valdivia 2100;Providencia;SalonEventos4;salon_eventos;69;40000;66;tramo;sabado;8:00;14:00;22/10/25;21/11/25;NO;
Providencia;Av Pedro de Valdivia 2100;Providencia;Cabana1;cabana;5;60000;37;dia;lunes;0:00;23:59;27/1/25;10/2/25;NO;
Providencia;Av Pedro de Valdivia 2100;Providencia;Cabana2;cabana;6;150000;25;dia;jueves;0:00;23:59;16/5/25;30/5/25;NO;
Providencia;Av Pedro de Valdivia 2100;Providencia;Cabana3;cabana;7;240000;31;dia;domingo;0:00;23:59;18/5/25;17/6/25;NO;
Providencia;Av Pedro de Valdivia 2100;Providencia;Cabana4;cabana;6;170000;74;dia;jueves;0:00;23:59;31/10/25;30/12/25;NO;
Providencia;Av Pedro de Valdivia 2100;Providencia;Cabana5;cabana;6;120000;;dia;viernes;0:00;23:59;23/11/24;7/12/24;NO;
Providencia;Av Pedro de Valdivia 2100;Providencia;Cabana6;cabana;5;240000;;dia;domingo;0:00;23:59;1/8/25;31/8/25;NO;
Providencia;Av Pedro de Valdivia 2100;Providencia;Cabana7;cabana;7;50000;;dia;lunes;0:00;23:59;24/2/25;3/3/25;NO;
Providencia;Av Pedro de Valdivia 2100;Providencia;Cabana8;cabana;4;110000;75;dia;sabado;0:00;23:59;1/2/25;15/2/25;NO;
Providencia;Av Pedro de Valdivia 2100;Providencia;Cabana9;cabana;8;50000;80;dia;lunes;0:00;23:59;21/10/25;20/11/25;NO;
Providencia;Av Pedro de Valdivia 2100;Providencia;Cabana10;cabana;6;150000;4;dia;miercoles;0:00;23:59;29/2/24;30/3/24;NO;
Providencia;Av Pedro de Valdivia 2100;Providencia;Cabana11;cabana;7;190000;66;dia;martes;0:00;23:59;3/10/24;2/12/24;NO;
Providencia;Av Pedro de Valdivia 2100;Providencia;Cabana12;cabana;5;150000;29;dia;domingo;0:00;23:59;30/3/24;29/5/24;NO;
Providencia;Av Pedro de Valdivia 2100;Providencia;Cabana13;cabana;6;250000;75;dia;martes;0:00;23:59;8/4/25;15/4/25;NO;
Providencia;Av Pedro de Valdivia 2100;Providencia;Cabana14;cabana;4;50000;66;dia;martes;0:00;23:59;25/6/24;9/7/24;NO;
Providencia;Av Pedro de Valdivia 2100;Providencia;Cabana15;cabana;6;130000;30;dia;miercoles;0:00;23:59;2/8/24;1/9/24;NO;
Providencia;Av Pedro de Valdivia 2100;Providencia;Cabana16;cabana;5;220000;61;dia;domingo;0:00;23:59;17/11/24;1/12/24;NO;
Providencia;Av Pedro de Valdivia 2100;Providencia;Cabana17;cabana;6;220000;32;dia;miercoles;0:00;23:59;31/7/24;29/10/24;NO;
Providencia;Av Pedro de Valdivia 2100;Providencia;Cabana18;cabana;7;70000;73;dia;martes;0:00;23:59;17/5/24;24/5/24;NO;
Providencia;Av Pedro de Valdivia 2100;Providencia;Cabana19;cabana;7;130000;32;dia;lunes;0:00;23:59;23/11/24;30/11/24;NO;
Providencia;Av Pedro de Valdivia 2100;Providencia;Cabana20;cabana;4;20000;56;dia;lunes;0:00;23:59;26/9/25;10/10/25;NO;
Providencia;Av Pedro de Valdivia 2100;Providencia;Cancha_tenis_aire_libre;cancha_aire_libre;16;nueve mil;45;hora;sabado;10:00;11:00;2025-07;28/9/25;SI;precio/fecha
Providencia;Av Pedro de Valdivia 2100;Providencia;Cancha_tenis_techada;cancha_techada;18;10000;47;hora;domingo;10:00;11:00;25/1/24;24/2/24;NO;
Providencia;Av Pedro de Valdivia 2100;Providencia;Cancha_basquetbol_aire_libre;cancha_aire_libre;19;250000;;hora;martes;18:00;19:00;14/11/24;12/2/25;NO;
Providencia;Av Pedro de Valdivia 2100;Providencia;Cancha_basquetbol_techada;cancha_techada;10;120000;76;hora;miercoles;21:00;22:00;25/1/25;8/2/25;NO;
Providencia;Av Pedro de Valdivia 2100;Providencia;Cancha_futbolito_aire_libre;cancha_aire_libre;20;80000;76;hora;domingo;10:00;11:00;1/4/25;15/4/25;NO;
Providencia;Av Pedro de Valdivia 2100;Providencia;Cancha_futbolito_techada;cancha_techada;18;250000;78;hora;domingo;22:00;23:00;5/11/24;5/12/24;NO;
Providencia;Av Pedro de Valdivia 2100;Providencia;Cancha_padel_aire_libre;cancha_aire_libre;19;110000;;hora;lunes;13:00;14:00;16/3/25;15/4/25;NO;
Providencia;Av Pedro de Valdivia 2100;Providencia;Cancha_padel_techada;cancha_techada;11;160000;46;hora;viernes;9:00;10:00;4/6/25;18/6/25;NO;
La Florida;Av. Vicu–a Mackenna 10777;La Florida;mesa1_restaurant1;restaurant;4;;;mesa_hora;jueves;10:00;23:00;15/8/25;13/11/25;NO;
La Florida;Av. Vicu–a Mackenna 10777;La Florida;mesa2_restaurant1;restaurant;4;;;mesa_hora;miercoles;10:00;23:00;19/9/24;18/11/24;NO;
La Florida;Av. Vicu–a Mackenna 10777;La Florida;mesa3_restaurant1;restaurant;4;;;mesa_hora;martes;10:00;23:00;20/9/25;19/11/25;SI;
La Florida;Av. Vicu–a Mackenna 10777;La Florida;mesa4_restaurant1;restaurant;4;;;mesa_hora;martes;10:00;23:00;28/2/24;6/3/24;NO;
La Florida;Av. Vicu–a Mackenna 10777;La Florida;mesa5_restaurant1;restaurant;4;;;mesa_hora;jueves;10:00;23:00;11/5/24;25/5/24;NO;
La Florida;Av. Vicu–a Mackenna 10777;La Florida;mesa6_restaurant1;restaurant;4;;;mesa_hora;viernes;10:00;23:00;18/8/25;17/9/25;NO;
La Florida;Av. Vicu–a Mackenna 10777;La Florida;mesa7_restaurant1;restaurant;4;;;mesa_hora;sabado;10:00;23:00;12/10/24;10/1/25;NO;
La Florida;Av. Vicu–a Mackenna 10777;La Florida;mesa8_restaurant1;restaurant;4;;;mesa_hora;jueves;10:00;23:00;3/4/24;2/6/24;NO;
La Florida;Av. Vicu–a Mackenna 10777;La Florida;mesa1_restaurant2;restaurant;4;;;mesa_hora;martes;10:00;23:00;1/5/25;8/5/25;NO;
La Florida;Av. Vicu–a Mackenna 10777;La Florida;mesa2_restaurant2;restaurant;4;;;mesa_hora;jueves;10:00;23:00;14/7/24;12/10/24;NO;
La Florida;Av. Vicu–a Mackenna 10777;La Florida;mesa3_restaurant2;restaurant;4;;;mesa_hora;miercoles;10:00;23:00;6/8/24;13/8/24;NO;
La Florida;Av. Vicu–a Mackenna 10777;La Florida;mesa4_restaurant2;restaurant;4;;;mesa_hora;miercoles;10:00;23:00;19/3/25;17/6/25;NO;
La Florida;Av. Vicu–a Mackenna 10777;La Florida;mesa5_restaurant2;restaurant;4;;;mesa_hora;viernes;10:00;23:00;20/10/24;19/12/24;NO;
La Florida;Av. Vicu–a Mackenna 10777;La Florida;mesa6_restaurant2;restaurant;4;nueve mil;;mesa_hora;viernes;10:00;23:00;2025-07;9/8/25;SI;precio/fecha
La Florida;Av. Vicu–a Mackenna 10777;La Florida;mesa7_restaurant2;restaurant;4;;;mesa_hora;sabado;10:00;23:00;25/7/25;23/10/25;NO;
La Florida;Av. Vicu–a Mackenna 10777;La Florida;mesa8_restaurant2;restaurant;4;;;mesa_hora;jueves;10:00;23:00;30/7/25;29/8/25;NO;
La Florida;Av. Vicu–a Mackenna 10777;La Florida;linea1_piscina1;piscina;1;150000;;linea_hora;lunes;19:00;20:00;10/6/25;9/8/25;NO;
La Florida;Av. Vicu–a Mackenna 10777;La Florida;linea2_piscina1;piscina;1;40000;;linea_hora;sabado;18:00;19:00;3/6/25;2/8/25;NO;
La Florida;Av. Vicu–a Mackenna 10777;La Florida;linea3_piscina1;piscina;1;190000;20;linea_hora;domingo;8:00;8:30;18/5/25;16/8/25;SI;horario
La Florida;Av. Vicu–a Mackenna 10777;La Florida;linea4_piscina1;piscina;1;40000;;linea_hora;sabado;14:00;15:00;20/3/25;19/5/25;NO;
La Florida;Av. Vicu–a Mackenna 10777;La Florida;linea5_piscina1;piscina;1;30000;;linea_hora;domingo;21:00;22:00;5/5/25;4/7/25;NO;
La Florida;Av. Vicu–a Mackenna 10777;La Florida;linea6_piscina1;piscina;1;60000;19;linea_hora;domingo;19:00;20:00;21/2/24;6/3/24;NO;
La Florida;Av. Vicu–a Mackenna 10777;La Florida;linea7_piscina1;piscina;1;20000;;linea_hora;jueves;22:00;23:00;30/8/24;29/9/24;NO;
La Florida;Av. Vicu–a Mackenna 10777;La Florida;linea8_piscina1;piscina;1;130000;1;linea_hora;domingo;14:00;15:00;26/4/24;25/6/24;NO;
La Florida;Av. Vicu–a Mackenna 10777;La Florida;linea1_piscina2;piscina;1;40000;76;linea_hora;domingo;20:00;21:00;17/1/25;31/1/25;NO;
La Florida;Av. Vicu–a Mackenna 10777;La Florida;linea2_piscina2;piscina;1;250000;;linea_hora;sabado;16:00;17:00;6/8/25;4/11/25;NO;
La Florida;Av. Vicu–a Mackenna 10777;La Florida;linea3_piscina2;piscina;1;150000;;linea_hora;domingo;22:00;23:00;1/1/24;31/1/24;NO;
La Florida;Av. Vicu–a Mackenna 10777;La Florida;linea4_piscina2;piscina;1;220000;23;linea_hora;viernes;15:00;16:00;28/4/25;12/5/25;NO;
La Florida;Av. Vicu–a Mackenna 10777;La Florida;linea5_piscina2;piscina;1;150000;;linea_hora;viernes;13:00;14:00;16/2/25;23/2/25;NO;
La Florida;Av. Vicu–a Mackenna 10777;La Florida;linea6_piscina2;piscina;1;180000;51;linea_hora;jueves;10:00;11:00;9/12/24;23/12/24;NO;
La Florida;Av. Vicu–a Mackenna 10777;La Florida;linea7_piscina2;piscina;1;150000;;linea_hora;miercoles;15:00;16:00;5/8/25;12/8/25;NO;
La Florida;Av. Vicu–a Mackenna 10777;La Florida;linea8_piscina2;piscina;1;20000;;linea_hora;martes;15:00;16:00;16/6/24;16/7/24;NO;
La Florida;Av. Vicu–a Mackenna 10777;La Florida;SalonEventos1;salon_eventos;99;40000;68;tramo;martes;8:00;14:00;6/6/24;6/7/24;NO;
La Florida;Av. Vicu–a Mackenna 10777;La Florida;SalonEventos2;salon_eventos;115;nueve mil;37;tramo;martes;14:00;20:00;16/8/24;15/10/24;SI;precio
La Florida;Av. Vicu–a Mackenna 10777;La Florida;SalonEventos3;salon_eventos;195;130000;11;tramo;jueves;20:00;23:59;8/7/25;6/10/25;NO;
La Florida;Av. Vicu–a Mackenna 10777;La Florida;SalonEventos4;salon_eventos;163;220000;8;tramo;viernes;8:00;14:00;13/2/25;27/2/25;NO;
La Florida;Av. Vicu–a Mackenna 10777;La Florida;Cabana1;cabana;6;20000;29;dia;sabado;0:00;23:59;28/1/25;4/2/25;NO;
La Florida;Av. Vicu–a Mackenna 10777;La Florida;Cabana2;cabana;8;70000;9;dia;domingo;0:00;23:59;15/1/25;14/2/25;NO;
La Florida;Av. Vicu–a Mackenna 10777;La Florida;Cabana3;cabana;5;110000;;dia;miercoles;0:00;23:59;3/8/25;10/8/25;NO;
La Florida;Av. Vicu–a Mackenna 10777;La Florida;Cabana4;cabana;7;nueve mil;;dia;jueves;0:00;23:59;29/11/25;6/12/25;SI;precio
La Florida;Av. Vicu–a Mackenna 10777;La Florida;Cabana5;cabana;8;20000;67;dia;lunes;0:00;23:59;13/8/25;11/11/25;NO;
La Florida;Av. Vicu–a Mackenna 10777;La Florida;Cabana6;cabana;4;20000;36;dia;martes;0:00;23:59;2024-08;21/8/24;SI;fecha
La Florida;Av. Vicu–a Mackenna 10777;La Florida;Cabana7;cabana;6;170000;;dia;sabado;0:00;23:59;7/1/24;6/2/24;NO;
La Florida;Av. Vicu–a Mackenna 10777;La Florida;Cabana8;cabana;4;40000;58;dia;miercoles;0:00;23:59;21/9/24;28/9/24;NO;
La Florida;Av. Vicu–a Mackenna 10777;La Florida;Cabana9;cabana;8;240000;1;dia;viernes;0:00;23:59;17/6/25;15/9/25;NO;
La Florida;Av. Vicu–a Mackenna 10777;La Florida;Cabana10;cabana;6;200000;14;dia;miercoles;0:00;23:59;17/10/25;16/12/25;NO;
La Florida;Av. Vicu–a Mackenna 10777;La Florida;Cabana11;cabana;4;160000;;dia;martes;0:00;23:59;2/10/25;1/12/25;NO;
La Florida;Av. Vicu–a Mackenna 10777;La Florida;Cabana12;cabana;7;110000;70;dia;sabado;0:00;23:59;23/3/25;21/6/25;NO;
La Florida;Av. Vicu–a Mackenna 10777;La Florida;Cabana13;cabana;4;230000;78;dia;lunes;0:00;23:59;12/5/25;11/7/25;NO;
La Florida;Av. Vicu–a Mackenna 10777;La Florida;Cabana14;cabana;5;90000;;dia;martes;0:00;23:59;18/7/25;25/7/25;NO;
La Florida;Av. Vicu–a Mackenna 10777;La Florida;Cabana15;cabana;7;140000;;dia;martes;0:00;23:59;14/4/24;13/7/24;NO;
La Florida;Av. Vicu–a Mackenna 10777;La Florida;Cabana16;cabana;7;40000;69;dia;domingo;0:00;23:59;16/7/25;30/7/25;SI;horario
La Florida;Av. Vicu–a Mackenna 10777;La Florida;Cabana17;cabana;8;240000;1;dia;viernes;0:00;23:59;7/2/25;9/3/25;NO;
La Florida;Av. Vicu–a Mackenna 10777;La Florida;Cabana18;cabana;7;90000;59;dia;viernes;0:00;23:59;23/7/25;30/7/25;NO;
La Florida;Av. Vicu–a Mackenna 10777;La Florida;Cabana19;cabana;8;150000;58;dia;martes;0:00;23:59;27/4/25;4/5/25;NO;
La Florida;Av. Vicu–a Mackenna 10777;La Florida;Cabana20;cabana;4;80000;40;dia;viernes;0:00;23:59;11/9/24;10/11/24;SI;horario
La Florida;Av. Vicu–a Mackenna 10777;La Florida;Cancha_tenis_aire_libre;cancha_aire_libre;20;200000;;hora;domingo;21:00;22:00;13/9/24;12/11/24;NO;
La Florida;Av. Vicu–a Mackenna 10777;La Florida;Cancha_tenis_techada;cancha_techada;12;130000;;hora;lunes;9:00;10:00;4/12/24;18/12/24;NO;
La Florida;Av. Vicu–a Mackenna 10777;La Florida;Cancha_basquetbol_aire_libre;cancha_aire_libre;13;70000;22;hora;martes;8:00;8:30;7/6/24;21/6/24;SI;horario
La Florida;Av. Vicu–a Mackenna 10777;La Florida;Cancha_basquetbol_techada;cancha_techada;14;160000;40;hora;jueves;13:00;14:00;8/11/25;22/11/25;NO;
La Florida;Av. Vicu–a Mackenna 10777;La Florida;Cancha_futbolito_aire_libre;cancha_aire_libre;16;170000;20;hora;domingo;17:00;18:00;21/2/24;22/3/24;NO;
La Florida;Av. Vicu–a Mackenna 10777;La Florida;Cancha_futbolito_techada;cancha_techada;18;10000;79;hora;miercoles;14:00;15:00;10/5/25;17/5/25;NO;
La Florida;Av. Vicu–a Mackenna 10777;La Florida;Cancha_padel_aire_libre;cancha_aire_libre;18;140000;66;hora;jueves;22:00;23:00;10/1/25;24/1/25;SI;
La Florida;Av. Vicu–a Mackenna 10777;La Florida;Cancha_padel_techada;cancha_techada;19;30000;76;hora;martes;12:00;13:00;22/9/24;21/12/24;NO;
Santa Cruz;Ramon Sanfurgo 800;Santa Cruz;mesa1_restaurant1;restaurant;4;;;mesa_hora;sabado;10:00;23:00;7/5/24;21/5/24;NO;
Santa Cruz;Ramon Sanfurgo 800;Santa Cruz;mesa2_restaurant1;restaurant;4;;;mesa_hora;miercoles;10:00;23:00;6/6/24;20/6/24;NO;
Santa Cruz;Ramon Sanfurgo 800;Santa Cruz;mesa3_restaurant1;restaurant;4;;;mesa_hora;lunes;10:00;23:00;19/10/24;2/11/24;NO;
Santa Cruz;Ramon Sanfurgo 800;Santa Cruz;mesa4_restaurant1;restaurant;4;;;mesa_hora;sabado;10:00;23:00;18/9/25;18/10/25;NO;
Santa Cruz;Ramon Sanfurgo 800;Santa Cruz;mesa5_restaurant1;restaurant;4;;;mesa_hora;jueves;10:00;23:00;2/10/25;1/12/25;NO;
Santa Cruz;Ramon Sanfurgo 800;Santa Cruz;mesa6_restaurant1;restaurant;4;;;mesa_hora;viernes;10:00;23:00;27/10/24;26/12/24;NO;
Santa Cruz;Ramon Sanfurgo 800;Santa Cruz;mesa7_restaurant1;restaurant;4;;;mesa_hora;viernes;10:00;23:00;23/7/24;21/9/24;NO;
Santa Cruz;Ramon Sanfurgo 800;Santa Cruz;mesa8_restaurant1;restaurant;4;;;mesa_hora;martes;10:00;23:00;12/2/25;26/2/25;NO;
Santa Cruz;Ramon Sanfurgo 800;Santa Cruz;mesa1_restaurant2;restaurant;4;;;mesa_hora;lunes;10:00;23:00;22/1/25;23/3/25;NO;
Santa Cruz;Ramon Sanfurgo 800;Santa Cruz;mesa2_restaurant2;restaurant;4;;;mesa_hora;domingo;10:00;23:00;28/6/25;27/8/25;SI;
Santa Cruz;Ramon Sanfurgo 800;Santa Cruz;mesa3_restaurant2;restaurant;4;;;mesa_hora;domingo;10:00;23:00;13/10/24;11/1/25;NO;
Santa Cruz;Ramon Sanfurgo 800;Santa Cruz;mesa4_restaurant2;restaurant;4;;;mesa_hora;sabado;10:00;23:00;2/5/24;31/7/24;NO;
Santa Cruz;Ramon Sanfurgo 800;Santa Cruz;mesa5_restaurant2;restaurant;4;;;mesa_hora;miercoles;10:00;23:00;1/3/25;15/3/25;NO;
Santa Cruz;Ramon Sanfurgo 800;Santa Cruz;mesa6_restaurant2;restaurant;4;;;mesa_hora;sabado;10:00;23:00;14/11/24;21/11/24;NO;
Santa Cruz;Ramon Sanfurgo 800;Santa Cruz;mesa7_restaurant2;restaurant;4;;;mesa_hora;miercoles;10:00;23:00;21/4/25;5/5/25;NO;
Santa Cruz;Ramon Sanfurgo 800;Santa Cruz;mesa8_restaurant2;restaurant;4;nueve mil;;mesa_hora;viernes;10:00;23:00;18/7/25;16/10/25;SI;precio
Santa Cruz;Ramon Sanfurgo 800;Santa Cruz;linea1_piscina1;piscina;1;140000;;linea_hora;viernes;20:00;21:00;20/7/25;18/9/25;NO;
Santa Cruz;Ramon Sanfurgo 800;Santa Cruz;linea2_piscina1;piscina;1;110000;34;linea_hora;lunes;11:00;12:00;12/5/24;11/6/24;NO;
Santa Cruz;Ramon Sanfurgo 800;Santa Cruz;linea3_piscina1;piscina;1;250000;;linea_hora;jueves;17:00;18:00;25/7/25;23/10/25;NO;
Santa Cruz;Ramon Sanfurgo 800;Santa Cruz;linea4_piscina1;piscina;1;220000;74;linea_hora;sabado;9:00;10:00;19/8/24;18/9/24;SI;
Santa Cruz;Ramon Sanfurgo 800;Santa Cruz;linea5_piscina1;piscina;1;210000;2;linea_hora;jueves;9:00;10:00;9/6/25;16/6/25;NO;
Santa Cruz;Ramon Sanfurgo 800;Santa Cruz;linea6_piscina1;piscina;1;140000;64;linea_hora;jueves;11:00;12:00;21/5/24;19/8/24;NO;
Santa Cruz;Ramon Sanfurgo 800;Santa Cruz;linea7_piscina1;piscina;1;30000;;linea_hora;martes;8:00;9:00;3/2/24;3/4/24;NO;
Santa Cruz;Ramon Sanfurgo 800;Santa Cruz;linea8_piscina1;piscina;1;250000;51;linea_hora;sabado;17:00;18:00;25/10/24;24/11/24;NO;
Santa Cruz;Ramon Sanfurgo 800;Santa Cruz;linea1_piscina2;piscina;1;110000;41;linea_hora;domingo;10:00;11:00;26/1/25;2/2/25;NO;
Santa Cruz;Ramon Sanfurgo 800;Santa Cruz;linea2_piscina2;piscina;1;30000;43;linea_hora;sabado;11:00;12:00;23/1/24;30/1/24;NO;
Santa Cruz;Ramon Sanfurgo 800;Santa Cruz;linea3_piscina2;piscina;1;10000;65;linea_hora;domingo;14:00;15:00;5/1/25;6/3/25;NO;
Santa Cruz;Ramon Sanfurgo 800;Santa Cruz;linea4_piscina2;piscina;1;160000;;linea_hora;jueves;21:00;22:00;21/7/24;20/8/24;NO;
Santa Cruz;Ramon Sanfurgo 800;Santa Cruz;linea5_piscina2;piscina;1;230000;7;linea_hora;martes;11:00;12:00;28/2/24;29/3/24;NO;
Santa Cruz;Ramon Sanfurgo 800;Santa Cruz;linea6_piscina2;piscina;1;40000;64;linea_hora;jueves;8:00;8:30;26/2/24;4/3/24;SI;horario
Santa Cruz;Ramon Sanfurgo 800;Santa Cruz;linea7_piscina2;piscina;1;110000;;linea_hora;domingo;18:00;19:00;22/11/25;22/12/25;NO;
Santa Cruz;Ramon Sanfurgo 800;Santa Cruz;linea8_piscina2;piscina;1;80000;52;linea_hora;lunes;8:00;8:30;23/3/25;22/5/25;SI;horario
Santa Cruz;Ramon Sanfurgo 800;Santa Cruz;SalonEventos1;salon_eventos;85;120000;17;tramo;sabado;8:00;14:00;19/12/24;18/1/25;NO;
Santa Cruz;Ramon Sanfurgo 800;Santa Cruz;SalonEventos2;salon_eventos;130;240000;36;tramo;jueves;8:00;8:30;3/3/25;2/5/25;SI;horario
Santa Cruz;Ramon Sanfurgo 800;Santa Cruz;SalonEventos3;salon_eventos;166;70000;5;tramo;jueves;8:00;14:00;20/3/25;3/4/25;NO;
Santa Cruz;Ramon Sanfurgo 800;Santa Cruz;SalonEventos4;salon_eventos;122;80000;;tramo;jueves;20:00;23:59;21/7/24;28/7/24;NO;
Santa Cruz;Ramon Sanfurgo 800;Santa Cruz;Cabana1;cabana;8;30000;6;dia;miercoles;0:00;23:59;26/3/25;24/6/25;NO;
Santa Cruz;Ramon Sanfurgo 800;Santa Cruz;Cabana2;cabana;4;90000;;dia;martes;0:00;23:59;2024-05;20/7/24;SI;fecha
Santa Cruz;Ramon Sanfurgo 800;Santa Cruz;Cabana3;cabana;8;80000;;dia;domingo;0:00;23:59;13/8/24;11/11/24;NO;
Santa Cruz;Ramon Sanfurgo 800;Santa Cruz;Cabana4;cabana;7;70000;54;dia;martes;0:00;23:59;25/3/25;23/6/25;SI;
Santa Cruz;Ramon Sanfurgo 800;Santa Cruz;Cabana5;cabana;8;210000;;dia;lunes;0:00;23:59;17/8/24;16/10/24;SI;horario
Santa Cruz;Ramon Sanfurgo 800;Santa Cruz;Cabana6;cabana;6;250000;9;dia;lunes;0:00;23:59;13/2/25;14/5/25;NO;
Santa Cruz;Ramon Sanfurgo 800;Santa Cruz;Cabana7;cabana;8;220000;75;dia;jueves;0:00;23:59;8/2/24;15/2/24;NO;
Santa Cruz;Ramon Sanfurgo 800;Santa Cruz;Cabana8;cabana;8;230000;;dia;martes;0:00;23:59;14/6/25;21/6/25;NO;
Santa Cruz;Ramon Sanfurgo 800;Santa Cruz;Cabana9;cabana;7;240000;20;dia;lunes;0:00;23:59;7/8/24;5/11/24;SI;horario
Santa Cruz;Ramon Sanfurgo 800;Santa Cruz;Cabana10;cabana;8;90000;;dia;viernes;0:00;23:59;2/8/24;16/8/24;NO;
Santa Cruz;Ramon Sanfurgo 800;Santa Cruz;Cabana11;cabana;7;230000;;dia;sabado;0:00;23:59;2/9/25;1/11/25;NO;
Santa Cruz;Ramon Sanfurgo 800;Santa Cruz;Cabana12;cabana;5;240000;;dia;sabado;0:00;23:59;3/3/25;2/5/25;NO;
Santa Cruz;Ramon Sanfurgo 800;Santa Cruz;Cabana13;cabana;6;140000;;dia;miercoles;0:00;23:59;26/11/25;24/2/26;NO;
Santa Cruz;Ramon Sanfurgo 800;Santa Cruz;Cabana14;cabana;7;20000;52;dia;viernes;0:00;23:59;15/11/25;15/12/25;NO;
Santa Cruz;Ramon Sanfurgo 800;Santa Cruz;Cabana15;cabana;8;130000;43;dia;lunes;0:00;23:59;29/3/24;12/4/24;NO;
Santa Cruz;Ramon Sanfurgo 800;Santa Cruz;Cabana16;cabana;6;120000;;dia;miercoles;0:00;23:59;15/7/24;13/9/24;NO;
Santa Cruz;Ramon Sanfurgo 800;Santa Cruz;Cabana17;cabana;6;200000;45;dia;lunes;0:00;23:59;1/10/25;30/11/25;NO;
Santa Cruz;Ramon Sanfurgo 800;Santa Cruz;Cabana18;cabana;7;80000;;dia;miercoles;0:00;23:59;16/8/25;15/9/25;NO;
Santa Cruz;Ramon Sanfurgo 800;Santa Cruz;Cabana19;cabana;8;240000;45;dia;lunes;0:00;23:59;12/9/24;11/11/24;NO;
Santa Cruz;Ramon Sanfurgo 800;Santa Cruz;Cabana20;cabana;5;190000;;dia;sabado;0:00;23:59;7/10/25;21/10/25;SI;horario
Santa Cruz;Ramon Sanfurgo 800;Santa Cruz;Cancha_tenis_aire_libre;cancha_aire_libre;19;90000;43;hora;martes;10:00;11:00;17/8/24;15/11/24;NO;
Santa Cruz;Ramon Sanfurgo 800;Santa Cruz;Cancha_tenis_techada;cancha_techada;22;240000;;hora;martes;8:00;8:30;4/5/25;3/6/25;SI;horario
Santa Cruz;Ramon Sanfurgo 800;Santa Cruz;Cancha_basquetbol_aire_libre;cancha_aire_libre;11;30000;40;hora;domingo;19:00;20:00;22/5/24;29/5/24;NO;
Santa Cruz;Ramon Sanfurgo 800;Santa Cruz;Cancha_basquetbol_techada;cancha_techada;21;30000;16;hora;miercoles;21:00;22:00;21/5/24;28/5/24;NO;
Santa Cruz;Ramon Sanfurgo 800;Santa Cruz;Cancha_futbolito_aire_libre;cancha_aire_libre;14;40000;;hora;viernes;22:00;23:00;10/5/24;9/6/24;NO;
Santa Cruz;Ramon Sanfurgo 800;Santa Cruz;Cancha_futbolito_techada;cancha_techada;11;180000;67;hora;martes;12:00;13:00;4/3/24;3/4/24;NO;
Santa Cruz;Ramon Sanfurgo 800;Santa Cruz;Cancha_padel_aire_libre;cancha_aire_libre;19;120000;;hora;miercoles;13:00;14:00;18/9/24;18/10/24;NO;
Santa Cruz;Ramon Sanfurgo 800;Santa Cruz;Cancha_padel_techada;cancha_techada;18;70000;;hora;viernes;10:00;11:00;17/1/24;16/4/24;NO;
Santiago Centro;Av Alameda 900;Santiago;mesa1_restaurant1;restaurant;4;;;mesa_hora;domingo;10:00;23:00;28/7/24;4/8/24;NO;
Santiago Centro;Av Alameda 900;Santiago;mesa2_restaurant1;restaurant;4;;;mesa_hora;miercoles;10:00;23:00;30/6/25;30/7/25;NO;
Santiago Centro;Av Alameda 900;Santiago;mesa3_restaurant1;restaurant;4;;;mesa_hora;martes;10:00;23:00;28/6/25;12/7/25;SI;
Santiago Centro;Av Alameda 900;Santiago;mesa4_restaurant1;restaurant;4;;;mesa_hora;lunes;10:00;23:00;13/11/24;27/11/24;NO;
Santiago Centro;Av Alameda 900;Santiago;mesa5_restaurant1;restaurant;4;;;mesa_hora;miercoles;10:00;23:00;29/4/25;6/5/25;NO;
Santiago Centro;Av Alameda 900;Santiago;mesa6_restaurant1;restaurant;4;;;mesa_hora;sabado;10:00;23:00;21/11/24;20/1/25;NO;
Santiago Centro;Av Alameda 900;Santiago;mesa7_restaurant1;restaurant;4;;;mesa_hora;sabado;10:00;23:00;17/7/24;15/10/24;NO;
Santiago Centro;Av Alameda 900;Santiago;mesa8_restaurant1;restaurant;4;;;mesa_hora;martes;10:00;23:00;24/1/25;24/4/25;NO;
Santiago Centro;Av Alameda 900;Santiago;mesa1_restaurant2;restaurant;4;;;mesa_hora;sabado;10:00;23:00;1/8/24;8/8/24;NO;
Santiago Centro;Av Alameda 900;Santiago;mesa2_restaurant2;restaurant;4;;;mesa_hora;lunes;10:00;23:00;16/9/25;30/9/25;NO;
Santiago Centro;Av Alameda 900;Santiago;mesa3_restaurant2;restaurant;4;nueve mil;;mesa_hora;martes;10:00;23:00;2025-04;20/6/25;SI;precio/fecha
Santiago Centro;Av Alameda 900;Santiago;mesa4_restaurant2;restaurant;4;;;mesa_hora;martes;10:00;23:00;20/2/25;21/5/25;NO;
Santiago Centro;Av Alameda 900;Santiago;mesa5_restaurant2;restaurant;4;;;mesa_hora;martes;10:00;23:00;13/1/24;27/1/24;NO;
Santiago Centro;Av Alameda 900;Santiago;mesa6_restaurant2;restaurant;4;;;mesa_hora;lunes;10:00;23:00;6/9/25;6/10/25;SI;horario
Santiago Centro;Av Alameda 900;Santiago;mesa7_restaurant2;restaurant;4;;;mesa_hora;sabado;10:00;23:00;10/7/24;17/7/24;NO;
Santiago Centro;Av Alameda 900;Santiago;mesa8_restaurant2;restaurant;4;;;mesa_hora;lunes;10:00;23:00;6/9/25;5/12/25;NO;
Santiago Centro;Av Alameda 900;Santiago;linea1_piscina1;piscina;1;240000;46;linea_hora;miercoles;14:00;15:00;21/4/24;20/7/24;NO;
Santiago Centro;Av Alameda 900;Santiago;linea2_piscina1;piscina;1;200000;12;linea_hora;sabado;22:00;23:00;24/12/24;24/3/25;NO;
Santiago Centro;Av Alameda 900;Santiago;linea3_piscina1;piscina;1;80000;;linea_hora;sabado;18:00;19:00;9/6/25;9/7/25;NO;
Santiago Centro;Av Alameda 900;Santiago;linea4_piscina1;piscina;1;10000;80;linea_hora;martes;17:00;18:00;5/8/25;19/8/25;NO;
Santiago Centro;Av Alameda 900;Santiago;linea5_piscina1;piscina;1;110000;;linea_hora;miercoles;8:00;9:00;23/11/25;30/11/25;NO;
Santiago Centro;Av Alameda 900;Santiago;linea6_piscina1;piscina;1;150000;74;linea_hora;sabado;16:00;17:00;1/1/25;8/1/25;NO;
Santiago Centro;Av Alameda 900;Santiago;linea7_piscina1;piscina;1;140000;;linea_hora;miercoles;9:00;10:00;28/11/25;26/2/26;NO;
Santiago Centro;Av Alameda 900;Santiago;linea8_piscina1;piscina;1;180000;;linea_hora;martes;12:00;13:00;11/6/24;9/9/24;NO;
Santiago Centro;Av Alameda 900;Santiago;linea1_piscina2;piscina;1;130000;9;linea_hora;lunes;18:00;19:00;24/12/24;7/1/25;NO;
Santiago Centro;Av Alameda 900;Santiago;linea2_piscina2;piscina;1;250000;57;linea_hora;martes;22:00;23:00;2025-11;13/12/25;SI;fecha
Santiago Centro;Av Alameda 900;Santiago;linea3_piscina2;piscina;1;100000;16;linea_hora;lunes;20:00;21:00;17/2/25;18/4/25;NO;
Santiago Centro;Av Alameda 900;Santiago;linea4_piscina2;piscina;1;110000;;linea_hora;martes;15:00;16:00;15/2/24;16/3/24;NO;
Santiago Centro;Av Alameda 900;Santiago;linea5_piscina2;piscina;1;50000;65;linea_hora;domingo;13:00;14:00;8/5/24;22/5/24;NO;
Santiago Centro;Av Alameda 900;Santiago;linea6_piscina2;piscina;1;100000;76;linea_hora;viernes;10:00;11:00;13/12/24;13/3/25;NO;
Santiago Centro;Av Alameda 900;Santiago;linea7_piscina2;piscina;1;160000;0;linea_hora;viernes;12:00;13:00;27/8/24;10/9/24;NO;
Santiago Centro;Av Alameda 900;Santiago;linea8_piscina2;piscina;1;240000;7;linea_hora;viernes;19:00;20:00;30/4/24;30/5/24;NO;
Santiago Centro;Av Alameda 900;Santiago;SalonEventos1;salon_eventos;136;70000;;tramo;jueves;8:00;14:00;3/12/24;2/1/25;NO;
Santiago Centro;Av Alameda 900;Santiago;SalonEventos2;salon_eventos;120;20000;53;tramo;viernes;20:00;23:59;1/3/25;15/3/25;NO;
Santiago Centro;Av Alameda 900;Santiago;SalonEventos3;salon_eventos;118;80000;67;dia;domingo;0:00;23:59;13/8/25;12/9/25;NO;
Santiago Centro;Av Alameda 900;Santiago;SalonEventos4;salon_eventos;103;180000;37;tramo;sabado;20:00;23:59;9/11/24;7/2/25;NO;
Santiago Centro;Av Alameda 900;Santiago;Cabana1;cabana;6;230000;30;dia;miercoles;0:00;23:59;1/9/25;8/9/25;NO;
Santiago Centro;Av Alameda 900;Santiago;Cabana2;cabana;4;220000;22;dia;martes;0:00;23:59;13/4/24;20/4/24;NO;
Santiago Centro;Av Alameda 900;Santiago;Cabana3;cabana;5;nueve mil;28;dia;domingo;0:00;23:59;7/10/25;6/11/25;SI;precio
Santiago Centro;Av Alameda 900;Santiago;Cabana4;cabana;7;100000;29;dia;viernes;0:00;23:59;6/11/24;6/12/24;NO;
Santiago Centro;Av Alameda 900;Santiago;Cabana5;cabana;6;240000;73;dia;jueves;0:00;23:59;24/11/25;22/2/26;NO;
Santiago Centro;Av Alameda 900;Santiago;Cabana6;cabana;7;170000;11;dia;jueves;0:00;23:59;8/12/24;15/12/24;NO;
Santiago Centro;Av Alameda 900;Santiago;Cabana7;cabana;4;200000;;dia;jueves;0:00;23:59;23/7/25;21/9/25;NO;
Santiago Centro;Av Alameda 900;Santiago;Cabana8;cabana;7;210000;;dia;viernes;0:00;23:59;3/2/24;4/3/24;NO;
Santiago Centro;Av Alameda 900;Santiago;Cabana9;cabana;4;10000;;dia;lunes;0:00;23:59;27/7/25;25/9/25;NO;
Santiago Centro;Av Alameda 900;Santiago;Cabana10;cabana;6;20000;29;dia;martes;0:00;23:59;30/12/24;13/1/25;NO;
Santiago Centro;Av Alameda 900;Santiago;Cabana11;cabana;6;50000;15;dia;martes;0:00;23:59;9/12/24;16/12/24;NO;
Santiago Centro;Av Alameda 900;Santiago;Cabana12;cabana;8;120000;4;dia;martes;0:00;23:59;28/5/24;26/8/24;NO;
Santiago Centro;Av Alameda 900;Santiago;Cabana13;cabana;6;10000;;dia;martes;0:00;23:59;29/3/25;12/4/25;NO;
Santiago Centro;Av Alameda 900;Santiago;Cabana14;cabana;4;50000;53;dia;martes;0:00;23:59;19/5/25;18/6/25;NO;
Santiago Centro;Av Alameda 900;Santiago;Cabana15;cabana;4;250000;50;dia;lunes;0:00;23:59;16/9/24;15/12/24;NO;
Santiago Centro;Av Alameda 900;Santiago;Cabana16;cabana;6;20000;51;dia;lunes;0:00;23:59;6/9/25;5/11/25;NO;
Santiago Centro;Av Alameda 900;Santiago;Cabana17;cabana;5;90000;6;dia;domingo;0:00;23:59;13/6/25;11/9/25;NO;
Santiago Centro;Av Alameda 900;Santiago;Cabana18;cabana;8;210000;65;dia;jueves;0:00;23:59;14/5/25;21/5/25;SI;horario
Santiago Centro;Av Alameda 900;Santiago;Cabana19;cabana;6;110000;35;dia;lunes;0:00;23:59;19/9/24;3/10/24;NO;
Santiago Centro;Av Alameda 900;Santiago;Cabana20;cabana;6;nueve mil;;dia;domingo;0:00;23:59;15/11/25;15/12/25;SI;precio
Santiago Centro;Av Alameda 900;Santiago;Cancha_tenis_aire_libre;cancha_aire_libre;19;140000;12;hora;lunes;8:00;9:00;29/7/25;27/10/25;NO;
Santiago Centro;Av Alameda 900;Santiago;Cancha_tenis_techada;cancha_techada;20;250000;;hora;miercoles;14:00;15:00;29/11/25;29/12/25;NO;
Santiago Centro;Av Alameda 900;Santiago;Cancha_basquetbol_aire_libre;cancha_aire_libre;17;nueve mil;20;hora;sabado;13:00;14:00;2025-04;5/7/25;SI;precio/fecha
Santiago Centro;Av Alameda 900;Santiago;Cancha_basquetbol_techada;cancha_techada;17;60000;;hora;sabado;8:00;9:00;5/10/25;4/11/25;NO;
Santiago Centro;Av Alameda 900;Santiago;Cancha_futbolito_aire_libre;cancha_aire_libre;15;90000;49;hora;martes;9:00;10:00;17/10/25;16/12/25;NO;
Santiago Centro;Av Alameda 900;Santiago;Cancha_futbolito_techada;cancha_techada;16;190000;58;hora;sabado;14:00;15:00;9/4/25;9/5/25;NO;
Santiago Centro;Av Alameda 900;Santiago;Cancha_padel_aire_libre;cancha_aire_libre;12;150000;49;hora;sabado;21:00;22:00;1/6/25;8/6/25;NO;
Santiago Centro;Av Alameda 900;Santiago;Cancha_padel_techada;cancha_techada;12;nueve mil;47;hora;miercoles;8:00;9:00;2025-06;16/9/25;SI;precio/fecha
Providencia;Av Pedro de Valdivia 2100;Providencia;mesa1_restaurant1;restaurant;4;;;mesa_hora;lunes;10:00;23:00;8/3/24;22/3/24;NO;
Providencia;Av Pedro de Valdivia 2100;Providencia;mesa2_restaurant1;restaurant;4;;;mesa_hora;jueves;10:00;23:00;27/6/25;26/8/25;NO;
Providencia;Av Pedro de Valdivia 2100;Providencia;mesa3_restaurant1;restaurant;4;;;mesa_hora;viernes;10:00;23:00;20/10/25;27/10/25;NO;
Providencia;Av Pedro de Valdivia 2100;Providencia;mesa4_restaurant1;restaurant;4;;;mesa_hora;viernes;10:00;23:00;19/11/24;18/1/25;NO;
Providencia;Av Pedro de Valdivia 2100;Providencia;mesa5_restaurant1;restaurant;4;;;mesa_hora;miercoles;10:00;23:00;29/5/24;28/6/24;NO;
Providencia;Av Pedro de Valdivia 2100;Providencia;mesa6_restaurant1;restaurant;4;;;mesa_hora;viernes;10:00;23:00;24/9/24;23/11/24;NO;
Providencia;Av Pedro de Valdivia 2100;Providencia;mesa7_restaurant1;restaurant;4;;;mesa_hora;martes;10:00;23:00;11/10/24;18/10/24;NO;
Providencia;Av Pedro de Valdivia 2100;Providencia;mesa8_restaurant1;restaurant;4;;;mesa_hora;viernes;10:00;23:00;7/4/25;7/5/25;NO;
Providencia;Av Pedro de Valdivia 2100;Providencia;mesa1_restaurant2;restaurant;4;;;mesa_hora;viernes;10:00;23:00;9/6/25;7/9/25;NO;
Providencia;Av Pedro de Valdivia 2100;Providencia;mesa2_restaurant2;restaurant;4;;;mesa_hora;domingo;10:00;23:00;8/8/24;7/9/24;NO;
Providencia;Av Pedro de Valdivia 2100;Providencia;mesa3_restaurant2;restaurant;4;;;mesa_hora;lunes;10:00;23:00;29/11/24;13/12/24;NO;
Providencia;Av Pedro de Valdivia 2100;Providencia;mesa4_restaurant2;restaurant;4;;;mesa_hora;martes;10:00;23:00;20/9/25;19/11/25;NO;
Providencia;Av Pedro de Valdivia 2100;Providencia;mesa5_restaurant2;restaurant;4;;;mesa_hora;jueves;10:00;23:00;17/6/25;24/6/25;NO;
Providencia;Av Pedro de Valdivia 2100;Providencia;mesa6_restaurant2;restaurant;4;;;mesa_hora;martes;10:00;23:00;28/5/24;27/7/24;NO;
Providencia;Av Pedro de Valdivia 2100;Providencia;mesa7_restaurant2;restaurant;4;;;mesa_hora;lunes;10:00;23:00;11/8/24;18/8/24;NO;
Providencia;Av Pedro de Valdivia 2100;Providencia;mesa8_restaurant2;restaurant;4;;;mesa_hora;viernes;10:00;23:00;9/8/24;8/9/24;SI;
Providencia;Av Pedro de Valdivia 2100;Providencia;linea1_piscina1;piscina;1;40000;66;linea_hora;sabado;8:00;8:30;7/4/24;21/4/24;SI;horario
Providencia;Av Pedro de Valdivia 2100;Providencia;linea2_piscina1;piscina;1;80000;64;linea_hora;martes;22:00;23:00;6/9/25;5/11/25;NO;
Providencia;Av Pedro de Valdivia 2100;Providencia;linea3_piscina1;piscina;1;90000;;linea_hora;domingo;19:00;20:00;11/4/24;11/5/24;NO;
Providencia;Av Pedro de Valdivia 2100;Providencia;linea4_piscina1;piscina;1;30000;73;linea_hora;miercoles;16:00;17:00;1/12/25;8/12/25;SI;
Providencia;Av Pedro de Valdivia 2100;Providencia;linea5_piscina1;piscina;1;nueve mil;4;linea_hora;lunes;9:00;10:00;5/4/24;19/4/24;SI;precio
Providencia;Av Pedro de Valdivia 2100;Providencia;linea6_piscina1;piscina;1;180000;;linea_hora;viernes;18:00;19:00;27/10/25;10/11/25;NO;
Providencia;Av Pedro de Valdivia 2100;Providencia;linea7_piscina1;piscina;1;nueve mil;;linea_hora;sabado;20:00;21:00;2025-02;27/5/25;SI;precio/fecha
Providencia;Av Pedro de Valdivia 2100;Providencia;linea8_piscina1;piscina;1;160000;1;linea_hora;miercoles;9:00;10:00;2024-06;20/6/24;SI;fecha
Providencia;Av Pedro de Valdivia 2100;Providencia;linea1_piscina2;piscina;1;140000;57;linea_hora;miercoles;10:00;11:00;21/10/24;28/10/24;NO;
Providencia;Av Pedro de Valdivia 2100;Providencia;linea2_piscina2;piscina;1;220000;;linea_hora;lunes;9:00;10:00;12/10/25;26/10/25;NO;
Providencia;Av Pedro de Valdivia 2100;Providencia;linea3_piscina2;piscina;1;200000;27;linea_hora;domingo;21:00;22:00;28/4/24;28/5/24;NO;
Providencia;Av Pedro de Valdivia 2100;Providencia;linea4_piscina2;piscina;1;nueve mil;74;linea_hora;viernes;18:00;19:00;2024-03;24/3/24;SI;precio/fecha
Providencia;Av Pedro de Valdivia 2100;Providencia;linea5_piscina2;piscina;1;90000;78;linea_hora;sabado;11:00;12:00;7/1/24;6/2/24;NO;
Providencia;Av Pedro de Valdivia 2100;Providencia;linea6_piscina2;piscina;1;160000;60;linea_hora;martes;21:00;22:00;13/5/24;12/7/24;NO;
Providencia;Av Pedro de Valdivia 2100;Providencia;linea7_piscina2;piscina;1;140000;;linea_hora;viernes;9:00;10:00;25/9/25;25/10/25;SI;
Providencia;Av Pedro de Valdivia 2100;Providencia;linea8_piscina2;piscina;1;220000;49;linea_hora;domingo;17:00;18:00;13/4/25;27/4/25;NO;
Providencia;Av Pedro de Valdivia 2100;Providencia;SalonEventos1;salon_eventos;133;190000;;tramo;lunes;20:00;23:59;27/6/25;4/7/25;NO;
Providencia;Av Pedro de Valdivia 2100;Providencia;SalonEventos2;salon_eventos;147;250000;36;tramo;martes;20:00;23:59;24/11/25;1/12/25;NO;
Providencia;Av Pedro de Valdivia 2100;Providencia;SalonEventos3;salon_eventos;86;nueve mil;24;tramo;miercoles;14:00;20:00;5/3/24;4/4/24;SI;precio
Providencia;Av Pedro de Valdivia 2100;Providencia;SalonEventos4;salon_eventos;45;140000;42;tramo;miercoles;8:00;14:00;16/7/24;15/8/24;NO;
Providencia;Av Pedro de Valdivia 2100;Providencia;Cabana1;cabana;5;130000;64;dia;viernes;0:00;23:59;4/3/25;18/3/25;NO;
Providencia;Av Pedro de Valdivia 2100;Providencia;Cabana2;cabana;7;190000;4;dia;viernes;0:00;23:59;6/9/25;5/12/25;NO;
Providencia;Av Pedro de Valdivia 2100;Providencia;Cabana3;cabana;8;20000;65;dia;lunes;0:00;23:59;14/12/24;13/1/25;NO;
Providencia;Av Pedro de Valdivia 2100;Providencia;Cabana4;cabana;4;90000;;dia;miercoles;0:00;23:59;7/7/24;21/7/24;NO;
Providencia;Av Pedro de Valdivia 2100;Providencia;Cabana5;cabana;7;80000;30;dia;miercoles;0:00;23:59;21/1/24;21/3/24;NO;
Providencia;Av Pedro de Valdivia 2100;Providencia;Cabana6;cabana;8;210000;;dia;miercoles;0:00;23:59;25/9/25;9/10/25;NO;
Providencia;Av Pedro de Valdivia 2100;Providencia;Cabana7;cabana;5;210000;45;dia;miercoles;0:00;23:59;12/2/25;14/3/25;NO;
Providencia;Av Pedro de Valdivia 2100;Providencia;Cabana8;cabana;5;110000;17;dia;viernes;0:00;23:59;27/1/24;3/2/24;NO;
Providencia;Av Pedro de Valdivia 2100;Providencia;Cabana9;cabana;4;150000;71;dia;martes;0:00;23:59;28/11/25;12/12/25;NO;
Providencia;Av Pedro de Valdivia 2100;Providencia;Cabana10;cabana;5;240000;44;dia;lunes;0:00;23:59;13/5/24;20/5/24;NO;
Providencia;Av Pedro de Valdivia 2100;Providencia;Cabana11;cabana;8;210000;;dia;domingo;0:00;23:59;5/7/24;12/7/24;NO;
Providencia;Av Pedro de Valdivia 2100;Providencia;Cabana12;cabana;4;90000;9;dia;martes;0:00;23:59;29/11/24;28/1/25;NO;
Providencia;Av Pedro de Valdivia 2100;Providencia;Cabana13;cabana;5;90000;11;dia;jueves;0:00;23:59;1/4/25;15/4/25;NO;
Providencia;Av Pedro de Valdivia 2100;Providencia;Cabana14;cabana;8;80000;76;dia;jueves;0:00;23:59;18/3/24;17/4/24;NO;
Providencia;Av Pedro de Valdivia 2100;Providencia;Cabana15;cabana;6;120000;33;dia;martes;0:00;23:59;25/8/25;24/10/25;NO;
Providencia;Av Pedro de Valdivia 2100;Providencia;Cabana16;cabana;5;180000;;dia;domingo;0:00;23:59;3/7/24;2/8/24;NO;
Providencia;Av Pedro de Valdivia 2100;Providencia;Cabana17;cabana;7;180000;58;dia;viernes;0:00;23:59;26/7/24;25/8/24;NO;
Providencia;Av Pedro de Valdivia 2100;Providencia;Cabana18;cabana;6;190000;60;dia;lunes;0:00;23:59;4/1/25;11/1/25;NO;
Providencia;Av Pedro de Valdivia 2100;Providencia;Cabana19;cabana;5;180000;73;dia;jueves;0:00;23:59;1/3/24;15/3/24;NO;
Providencia;Av Pedro de Valdivia 2100;Providencia;Cabana20;cabana;7;120000;68;dia;martes;0:00;23:59;12/3/24;26/3/24;NO;
Providencia;Av Pedro de Valdivia 2100;Providencia;Cancha_tenis_aire_libre;cancha_aire_libre;17;120000;;hora;viernes;16:00;17:00;13/1/24;20/1/24;NO;
Providencia;Av Pedro de Valdivia 2100;Providencia;Cancha_tenis_techada;cancha_techada;10;170000;;hora;miercoles;15:00;16:00;29/11/25;13/12/25;NO;
Providencia;Av Pedro de Valdivia 2100;Providencia;Cancha_basquetbol_aire_libre;cancha_aire_libre;11;120000;;hora;lunes;18:00;19:00;10/4/24;17/4/24;NO;
Providencia;Av Pedro de Valdivia 2100;Providencia;Cancha_basquetbol_techada;cancha_techada;15;120000;70;hora;domingo;20:00;21:00;10/6/25;9/8/25;NO;
Providencia;Av Pedro de Valdivia 2100;Providencia;Cancha_futbolito_aire_libre;cancha_aire_libre;21;250000;73;hora;viernes;9:00;10:00;6/3/25;13/3/25;NO;
Providencia;Av Pedro de Valdivia 2100;Providencia;Cancha_futbolito_techada;cancha_techada;18;140000;64;hora;miercoles;13:00;14:00;28/6/25;26/9/25;NO;
Providencia;Av Pedro de Valdivia 2100;Providencia;Cancha_padel_aire_libre;cancha_aire_libre;20;90000;;hora;lunes;22:00;23:00;18/10/25;1/11/25;NO;
Providencia;Av Pedro de Valdivia 2100;Providencia;Cancha_padel_techada;cancha_techada;14;70000;;hora;martes;11:00;12:00;28/10/24;27/11/24;NO;
La Florida;Av. Vicu–a Mackenna 10777;La Florida;mesa1_restaurant1;restaurant;4;;;mesa_hora;lunes;10:00;23:00;24/1/24;23/2/24;NO;
La Florida;Av. Vicu–a Mackenna 10777;La Florida;mesa2_restaurant1;restaurant;4;;;mesa_hora;domingo;10:00;23:00;29/6/24;13/7/24;NO;
La Florida;Av. Vicu–a Mackenna 10777;La Florida;mesa3_restaurant1;restaurant;4;;;mesa_hora;viernes;10:00;23:00;3/9/25;17/9/25;NO;
La Florida;Av. Vicu–a Mackenna 10777;La Florida;mesa4_restaurant1;restaurant;4;;;mesa_hora;viernes;10:00;23:00;6/4/25;13/4/25;NO;
La Florida;Av. Vicu–a Mackenna 10777;La Florida;mesa5_restaurant1;restaurant;4;;;mesa_hora;martes;10:00;23:00;7/2/25;8/4/25;NO;
La Florida;Av. Vicu–a Mackenna 10777;La Florida;mesa6_restaurant1;restaurant;4;;;mesa_hora;martes;10:00;23:00;6/9/24;5/11/24;NO;
La Florida;Av. Vicu–a Mackenna 10777;La Florida;mesa7_restaurant1;restaurant;4;;;mesa_hora;jueves;10:00;23:00;17/3/25;31/3/25;NO;
La Florida;Av. Vicu–a Mackenna 10777;La Florida;mesa8_restaurant1;restaurant;4;;;mesa_hora;lunes;10:00;23:00;12/1/25;12/4/25;NO;
La Florida;Av. Vicu–a Mackenna 10777;La Florida;mesa1_restaurant2;restaurant;4;;;mesa_hora;miercoles;10:00;23:00;19/5/24;17/8/24;NO;
La Florida;Av. Vicu–a Mackenna 10777;La Florida;mesa2_restaurant2;restaurant;4;;;mesa_hora;jueves;10:00;23:00;28/7/25;11/8/25;NO;
La Florida;Av. Vicu–a Mackenna 10777;La Florida;mesa3_restaurant2;restaurant;4;;;mesa_hora;jueves;10:00;23:00;6/7/24;4/9/24;NO;
La Florida;Av. Vicu–a Mackenna 10777;La Florida;mesa4_restaurant2;restaurant;4;;;mesa_hora;sabado;10:00;23:00;30/4/25;7/5/25;NO;
La Florida;Av. Vicu–a Mackenna 10777;La Florida;mesa5_restaurant2;restaurant;4;;;mesa_hora;martes;10:00;23:00;28/7/24;27/8/24;NO;
La Florida;Av. Vicu–a Mackenna 10777;La Florida;mesa6_restaurant2;restaurant;4;;;mesa_hora;viernes;10:00;23:00;8/8/24;15/8/24;NO;
La Florida;Av. Vicu–a Mackenna 10777;La Florida;mesa7_restaurant2;restaurant;4;;;mesa_hora;miercoles;10:00;23:00;14/11/24;12/2/25;NO;
La Florida;Av. Vicu–a Mackenna 10777;La Florida;mesa8_restaurant2;restaurant;4;;;mesa_hora;jueves;10:00;23:00;25/3/24;1/4/24;NO;
La Florida;Av. Vicu–a Mackenna 10777;La Florida;linea1_piscina1;piscina;1;10000;76;linea_hora;viernes;18:00;19:00;22/6/24;6/7/24;NO;
La Florida;Av. Vicu–a Mackenna 10777;La Florida;linea2_piscina1;piscina;1;110000;12;linea_hora;miercoles;16:00;17:00;4/1/24;3/4/24;NO;
La Florida;Av. Vicu–a Mackenna 10777;La Florida;linea3_piscina1;piscina;1;10000;;linea_hora;lunes;10:00;11:00;27/2/24;28/3/24;NO;
La Florida;Av. Vicu–a Mackenna 10777;La Florida;linea4_piscina1;piscina;1;120000;21;linea_hora;martes;21:00;22:00;2/12/24;2/3/25;NO;
La Florida;Av. Vicu–a Mackenna 10777;La Florida;linea5_piscina1;piscina;1;130000;;linea_hora;martes;19:00;20:00;2/11/24;1/1/25;NO;
La Florida;Av. Vicu–a Mackenna 10777;La Florida;linea6_piscina1;piscina;1;140000;;linea_hora;domingo;15:00;16:00;1/6/25;15/6/25;NO;
La Florida;Av. Vicu–a Mackenna 10777;La Florida;linea7_piscina1;piscina;1;220000;42;linea_hora;domingo;18:00;19:00;27/10/25;26/11/25;NO;
La Florida;Av. Vicu–a Mackenna 10777;La Florida;linea8_piscina1;piscina;1;nueve mil;46;linea_hora;miercoles;20:00;21:00;21/9/24;20/11/24;SI;precio
La Florida;Av. Vicu–a Mackenna 10777;La Florida;linea1_piscina2;piscina;1;120000;36;linea_hora;viernes;8:00;9:00;31/10/24;30/12/24;NO;
La Florida;Av. Vicu–a Mackenna 10777;La Florida;linea2_piscina2;piscina;1;100000;65;linea_hora;miercoles;18:00;19:00;23/6/25;22/8/25;NO;
La Florida;Av. Vicu–a Mackenna 10777;La Florida;linea3_piscina2;piscina;1;40000;64;linea_hora;jueves;22:00;23:00;8/1/24;8/3/24;NO;
La Florida;Av. Vicu–a Mackenna 10777;La Florida;linea4_piscina2;piscina;1;240000;53;linea_hora;lunes;14:00;15:00;28/9/25;28/10/25;NO;
La Florida;Av. Vicu–a Mackenna 10777;La Florida;linea5_piscina2;piscina;1;190000;;linea_hora;lunes;8:00;9:00;24/10/25;7/11/25;NO;
La Florida;Av. Vicu–a Mackenna 10777;La Florida;linea6_piscina2;piscina;1;20000;51;linea_hora;miercoles;12:00;13:00;13/3/25;27/3/25;NO;
La Florida;Av. Vicu–a Mackenna 10777;La Florida;linea7_piscina2;piscina;1;40000;3;linea_hora;sabado;15:00;16:00;27/3/24;26/4/24;NO;
La Florida;Av. Vicu–a Mackenna 10777;La Florida;linea8_piscina2;piscina;1;nueve mil;55;linea_hora;sabado;20:00;21:00;1/4/24;31/5/24;SI;precio
La Florida;Av. Vicu–a Mackenna 10777;La Florida;SalonEventos1;salon_eventos;85;160000;;dia;martes;0:00;23:59;6/1/25;13/1/25;SI;
La Florida;Av. Vicu–a Mackenna 10777;La Florida;SalonEventos2;salon_eventos;123;210000;79;dia;sabado;0:00;23:59;3/4/24;2/6/24;NO;
La Florida;Av. Vicu–a Mackenna 10777;La Florida;SalonEventos3;salon_eventos;23;190000;35;dia;miercoles;0:00;23:59;18/2/25;20/3/25;NO;
La Florida;Av. Vicu–a Mackenna 10777;La Florida;SalonEventos4;salon_eventos;126;90000;58;tramo;miercoles;14:00;20:00;29/1/24;5/2/24;NO;
La Florida;Av. Vicu–a Mackenna 10777;La Florida;Cabana1;cabana;6;130000;4;dia;viernes;0:00;23:59;28/9/24;5/10/24;SI;
La Florida;Av. Vicu–a Mackenna 10777;La Florida;Cabana2;cabana;7;230000;77;dia;domingo;0:00;23:59;16/11/24;15/1/25;NO;
La Florida;Av. Vicu–a Mackenna 10777;La Florida;Cabana3;cabana;7;30000;42;dia;lunes;0:00;23:59;22/5/25;29/5/25;NO;
La Florida;Av. Vicu–a Mackenna 10777;La Florida;Cabana4;cabana;7;150000;59;dia;sabado;0:00;23:59;4/10/25;2/1/26;NO;
La Florida;Av. Vicu–a Mackenna 10777;La Florida;Cabana5;cabana;6;170000;59;dia;miercoles;0:00;23:59;13/4/24;13/5/24;NO;
La Florida;Av. Vicu–a Mackenna 10777;La Florida;Cabana6;cabana;8;40000;;dia;miercoles;0:00;23:59;28/1/25;27/2/25;NO;
La Florida;Av. Vicu–a Mackenna 10777;La Florida;Cabana7;cabana;5;250000;44;dia;sabado;0:00;23:59;21/3/25;20/4/25;NO;
La Florida;Av. Vicu–a Mackenna 10777;La Florida;Cabana8;cabana;7;250000;45;dia;sabado;0:00;23:59;4/1/25;18/1/25;NO;
La Florida;Av. Vicu–a Mackenna 10777;La Florida;Cabana9;cabana;5;10000;37;dia;domingo;0:00;23:59;22/10/25;29/10/25;NO;
La Florida;Av. Vicu–a Mackenna 10777;La Florida;Cabana10;cabana;5;60000;61;dia;jueves;0:00;23:59;10/8/24;9/10/24;SI;
La Florida;Av. Vicu–a Mackenna 10777;La Florida;Cabana11;cabana;7;190000;20;dia;viernes;0:00;23:59;18/7/24;16/10/24;NO;
La Florida;Av. Vicu–a Mackenna 10777;La Florida;Cabana12;cabana;7;180000;;dia;lunes;0:00;23:59;6/1/24;20/1/24;NO;
La Florida;Av. Vicu–a Mackenna 10777;La Florida;Cabana13;cabana;5;90000;;dia;martes;0:00;23:59;25/3/25;23/6/25;NO;
La Florida;Av. Vicu–a Mackenna 10777;La Florida;Cabana14;cabana;8;50000;4;dia;lunes;0:00;23:59;19/3/24;18/4/24;NO;
La Florida;Av. Vicu–a Mackenna 10777;La Florida;Cabana15;cabana;7;nueve mil;55;dia;sabado;0:00;23:59;23/5/24;22/6/24;SI;precio
La Florida;Av. Vicu–a Mackenna 10777;La Florida;Cabana16;cabana;5;30000;20;dia;viernes;0:00;23:59;19/8/24;2/9/24;NO;
La Florida;Av. Vicu–a Mackenna 10777;La Florida;Cabana17;cabana;5;140000;;dia;martes;0:00;23:59;7/11/25;5/2/26;NO;
La Florida;Av. Vicu–a Mackenna 10777;La Florida;Cabana18;cabana;8;250000;78;dia;lunes;0:00;23:59;22/1/24;21/2/24;NO;
La Florida;Av. Vicu–a Mackenna 10777;La Florida;Cabana19;cabana;6;120000;72;dia;sabado;0:00;23:59;16/3/25;23/3/25;NO;
La Florida;Av. Vicu–a Mackenna 10777;La Florida;Cabana20;cabana;4;160000;;dia;martes;0:00;23:59;20/9/25;27/9/25;NO;
La Florida;Av. Vicu–a Mackenna 10777;La Florida;Cancha_tenis_aire_libre;cancha_aire_libre;13;160000;76;hora;miercoles;14:00;15:00;4/2/24;11/2/24;NO;
La Florida;Av. Vicu–a Mackenna 10777;La Florida;Cancha_tenis_techada;cancha_techada;21;120000;66;hora;domingo;22:00;23:00;16/11/25;16/12/25;NO;
La Florida;Av. Vicu–a Mackenna 10777;La Florida;Cancha_basquetbol_aire_libre;cancha_aire_libre;16;20000;40;hora;miercoles;15:00;16:00;2/10/24;16/10/24;NO;
La Florida;Av. Vicu–a Mackenna 10777;La Florida;Cancha_basquetbol_techada;cancha_techada;16;170000;;hora;jueves;20:00;21:00;1/10/25;30/12/25;NO;
La Florida;Av. Vicu–a Mackenna 10777;La Florida;Cancha_futbolito_aire_libre;cancha_aire_libre;18;130000;17;hora;lunes;20:00;21:00;9/6/25;23/6/25;NO;
La Florida;Av. Vicu–a Mackenna 10777;La Florida;Cancha_futbolito_techada;cancha_techada;15;220000;57;hora;lunes;9:00;10:00;12/5/25;10/8/25;SI;
La Florida;Av. Vicu–a Mackenna 10777;La Florida;Cancha_padel_aire_libre;cancha_aire_libre;10;20000;13;hora;lunes;13:00;14:00;14/1/24;28/1/24;NO;
La Florida;Av. Vicu–a Mackenna 10777;La Florida;Cancha_padel_techada;cancha_techada;22;10000;49;hora;viernes;20:00;21:00;12/5/24;26/5/24;NO;
Santa Cruz;Ramon Sanfurgo 800;Santa Cruz;mesa1_restaurant1;restaurant;4;;;mesa_hora;viernes;10:00;23:00;12/3/24;10/6/24;NO;
Santa Cruz;Ramon Sanfurgo 800;Santa Cruz;mesa2_restaurant1;restaurant;4;;;mesa_hora;martes;10:00;23:00;21/7/24;19/9/24;NO;
Santa Cruz;Ramon Sanfurgo 800;Santa Cruz;mesa3_restaurant1;restaurant;4;;;mesa_hora;miercoles;10:00;23:00;28/2/24;29/3/24;NO;
Santa Cruz;Ramon Sanfurgo 800;Santa Cruz;mesa4_restaurant1;restaurant;4;;;mesa_hora;miercoles;10:00;23:00;22/11/25;22/12/25;NO;
Santa Cruz;Ramon Sanfurgo 800;Santa Cruz;mesa5_restaurant1;restaurant;4;;;mesa_hora;miercoles;10:00;23:00;2024-05;30/7/24;SI;fecha
Santa Cruz;Ramon Sanfurgo 800;Santa Cruz;mesa6_restaurant1;restaurant;4;;;mesa_hora;sabado;10:00;23:00;8/6/24;15/6/24;NO;
Santa Cruz;Ramon Sanfurgo 800;Santa Cruz;mesa7_restaurant1;restaurant;4;;;mesa_hora;domingo;10:00;23:00;2025-10;30/10/25;SI;fecha
Santa Cruz;Ramon Sanfurgo 800;Santa Cruz;mesa8_restaurant1;restaurant;4;;;mesa_hora;sabado;10:00;23:00;12/10/24;10/1/25;SI;
Santa Cruz;Ramon Sanfurgo 800;Santa Cruz;mesa1_restaurant2;restaurant;4;;;mesa_hora;jueves;10:00;23:00;18/10/24;16/1/25;NO;
Santa Cruz;Ramon Sanfurgo 800;Santa Cruz;mesa2_restaurant2;restaurant;4;;;mesa_hora;viernes;10:00;23:00;2/11/25;1/1/26;NO;
Santa Cruz;Ramon Sanfurgo 800;Santa Cruz;mesa3_restaurant2;restaurant;4;;;mesa_hora;lunes;10:00;23:00;1/12/25;15/12/25;NO;
Santa Cruz;Ramon Sanfurgo 800;Santa Cruz;mesa4_restaurant2;restaurant;4;;;mesa_hora;sabado;10:00;23:00;2/1/25;9/1/25;NO;
Santa Cruz;Ramon Sanfurgo 800;Santa Cruz;mesa5_restaurant2;restaurant;4;;;mesa_hora;jueves;10:00;23:00;22/4/25;29/4/25;SI;
Santa Cruz;Ramon Sanfurgo 800;Santa Cruz;mesa6_restaurant2;restaurant;4;;;mesa_hora;sabado;10:00;23:00;6/11/25;20/11/25;NO;
Santa Cruz;Ramon Sanfurgo 800;Santa Cruz;mesa7_restaurant2;restaurant;4;;;mesa_hora;domingo;10:00;23:00;6/7/25;13/7/25;NO;
Santa Cruz;Ramon Sanfurgo 800;Santa Cruz;mesa8_restaurant2;restaurant;4;;;mesa_hora;viernes;10:00;23:00;15/11/25;14/1/26;NO;
Santa Cruz;Ramon Sanfurgo 800;Santa Cruz;linea1_piscina1;piscina;1;170000;5;linea_hora;viernes;21:00;22:00;27/8/24;26/9/24;NO;
Santa Cruz;Ramon Sanfurgo 800;Santa Cruz;linea2_piscina1;piscina;1;240000;;linea_hora;miercoles;8:00;9:00;10/6/25;10/7/25;NO;
Santa Cruz;Ramon Sanfurgo 800;Santa Cruz;linea3_piscina1;piscina;1;70000;;linea_hora;jueves;17:00;18:00;28/9/24;28/10/24;NO;
Santa Cruz;Ramon Sanfurgo 800;Santa Cruz;linea4_piscina1;piscina;1;50000;;linea_hora;lunes;22:00;23:00;19/3/24;18/4/24;NO;
Santa Cruz;Ramon Sanfurgo 800;Santa Cruz;linea5_piscina1;piscina;1;40000;54;linea_hora;jueves;14:00;15:00;29/8/24;5/9/24;SI;
Santa Cruz;Ramon Sanfurgo 800;Santa Cruz;linea6_piscina1;piscina;1;180000;10;linea_hora;domingo;8:00;8:30;10/5/24;8/8/24;SI;horario
Santa Cruz;Ramon Sanfurgo 800;Santa Cruz;linea7_piscina1;piscina;1;60000;58;linea_hora;martes;18:00;19:00;2/3/24;1/4/24;NO;
Santa Cruz;Ramon Sanfurgo 800;Santa Cruz;linea8_piscina1;piscina;1;80000;19;linea_hora;viernes;18:00;19:00;20/9/24;4/10/24;NO;
Santa Cruz;Ramon Sanfurgo 800;Santa Cruz;linea1_piscina2;piscina;1;110000;22;linea_hora;domingo;20:00;21:00;26/12/24;9/1/25;NO;
Santa Cruz;Ramon Sanfurgo 800;Santa Cruz;linea2_piscina2;piscina;1;nueve mil;24;linea_hora;miercoles;10:00;11:00;7/2/25;21/2/25;SI;precio
Santa Cruz;Ramon Sanfurgo 800;Santa Cruz;linea3_piscina2;piscina;1;190000;32;linea_hora;viernes;9:00;10:00;20/10/25;19/12/25;NO;
Santa Cruz;Ramon Sanfurgo 800;Santa Cruz;linea4_piscina2;piscina;1;10000;25;linea_hora;viernes;10:00;11:00;2025-08;21/9/25;SI;fecha
Santa Cruz;Ramon Sanfurgo 800;Santa Cruz;linea5_piscina2;piscina;1;30000;;linea_hora;sabado;9:00;10:00;30/11/25;29/1/26;NO;
Santa Cruz;Ramon Sanfurgo 800;Santa Cruz;linea6_piscina2;piscina;1;140000;66;linea_hora;domingo;11:00;12:00;21/12/24;19/2/25;NO;
Santa Cruz;Ramon Sanfurgo 800;Santa Cruz;linea7_piscina2;piscina;1;210000;41;linea_hora;viernes;19:00;20:00;3/9/24;17/9/24;NO;
Santa Cruz;Ramon Sanfurgo 800;Santa Cruz;linea8_piscina2;piscina;1;50000;;linea_hora;jueves;18:00;19:00;6/4/25;5/6/25;NO;
Santa Cruz;Ramon Sanfurgo 800;Santa Cruz;SalonEventos1;salon_eventos;145;160000;53;tramo;domingo;20:00;23:59;1/3/24;15/3/24;NO;
Santa Cruz;Ramon Sanfurgo 800;Santa Cruz;SalonEventos2;salon_eventos;129;100000;;tramo;martes;8:00;14:00;2/10/24;16/10/24;NO;
Santa Cruz;Ramon Sanfurgo 800;Santa Cruz;SalonEventos3;salon_eventos;85;70000;;tramo;miercoles;20:00;23:59;28/1/25;27/2/25;NO;
Santa Cruz;Ramon Sanfurgo 800;Santa Cruz;SalonEventos4;salon_eventos;54;230000;65;dia;martes;0:00;23:59;19/2/25;20/5/25;NO;
Santa Cruz;Ramon Sanfurgo 800;Santa Cruz;Cabana1;cabana;5;100000;78;dia;viernes;0:00;23:59;15/12/24;13/2/25;NO;
Santa Cruz;Ramon Sanfurgo 800;Santa Cruz;Cabana2;cabana;4;40000;80;dia;sabado;0:00;23:59;29/8/24;28/9/24;NO;
Santa Cruz;Ramon Sanfurgo 800;Santa Cruz;Cabana3;cabana;6;90000;80;dia;martes;0:00;23:59;11/9/24;18/9/24;NO;
Santa Cruz;Ramon Sanfurgo 800;Santa Cruz;Cabana4;cabana;5;80000;69;dia;sabado;0:00;23:59;5/6/24;4/8/24;NO;
Santa Cruz;Ramon Sanfurgo 800;Santa Cruz;Cabana5;cabana;5;250000;0;dia;sabado;0:00;23:59;1/12/25;1/3/26;NO;
Santa Cruz;Ramon Sanfurgo 800;Santa Cruz;Cabana6;cabana;6;190000;40;dia;jueves;0:00;23:59;24/3/24;7/4/24;NO;
Santa Cruz;Ramon Sanfurgo 800;Santa Cruz;Cabana7;cabana;5;100000;15;dia;viernes;0:00;23:59;18/5/25;17/7/25;NO;
Santa Cruz;Ramon Sanfurgo 800;Santa Cruz;Cabana8;cabana;4;120000;57;dia;lunes;0:00;23:59;28/1/25;27/2/25;NO;
Santa Cruz;Ramon Sanfurgo 800;Santa Cruz;Cabana9;cabana;5;50000;50;dia;sabado;0:00;23:59;23/2/24;23/4/24;NO;
Santa Cruz;Ramon Sanfurgo 800;Santa Cruz;Cabana10;cabana;6;210000;64;dia;miercoles;0:00;23:59;12/4/25;12/5/25;NO;
Santa Cruz;Ramon Sanfurgo 800;Santa Cruz;Cabana11;cabana;8;80000;;dia;domingo;0:00;23:59;6/8/25;4/11/25;NO;
Santa Cruz;Ramon Sanfurgo 800;Santa Cruz;Cabana12;cabana;7;30000;;dia;domingo;0:00;23:59;25/1/25;26/3/25;NO;
Santa Cruz;Ramon Sanfurgo 800;Santa Cruz;Cabana13;cabana;7;190000;65;dia;jueves;0:00;23:59;9/1/24;8/4/24;NO;
Santa Cruz;Ramon Sanfurgo 800;Santa Cruz;Cabana14;cabana;5;180000;12;dia;lunes;0:00;23:59;14/2/24;14/5/24;NO;
Santa Cruz;Ramon Sanfurgo 800;Santa Cruz;Cabana15;cabana;5;230000;56;dia;lunes;0:00;23:59;9/3/25;7/6/25;NO;
Santa Cruz;Ramon Sanfurgo 800;Santa Cruz;Cabana16;cabana;7;90000;;dia;domingo;0:00;23:59;21/8/25;19/11/25;NO;
Santa Cruz;Ramon Sanfurgo 800;Santa Cruz;Cabana17;cabana;8;10000;13;dia;lunes;0:00;23:59;17/3/25;31/3/25;NO;
Santa Cruz;Ramon Sanfurgo 800;Santa Cruz;Cabana18;cabana;5;110000;72;dia;miercoles;0:00;23:59;6/10/25;20/10/25;NO;
Santa Cruz;Ramon Sanfurgo 800;Santa Cruz;Cabana19;cabana;6;70000;;dia;viernes;0:00;23:59;27/3/25;26/4/25;NO;
Santa Cruz;Ramon Sanfurgo 800;Santa Cruz;Cabana20;cabana;7;80000;12;dia;domingo;0:00;23:59;15/8/25;22/8/25;NO;
Santa Cruz;Ramon Sanfurgo 800;Santa Cruz;Cancha_tenis_aire_libre;cancha_aire_libre;10;140000;;hora;lunes;18:00;19:00;19/8/25;17/11/25;NO;
Santa Cruz;Ramon Sanfurgo 800;Santa Cruz;Cancha_tenis_techada;cancha_techada;14;120000;54;hora;viernes;11:00;12:00;30/1/24;29/4/24;NO;
Santa Cruz;Ramon Sanfurgo 800;Santa Cruz;Cancha_basquetbol_aire_libre;cancha_aire_libre;12;150000;67;hora;miercoles;16:00;17:00;25/2/24;3/3/24;NO;
Santa Cruz;Ramon Sanfurgo 800;Santa Cruz;Cancha_basquetbol_techada;cancha_techada;12;160000;72;hora;lunes;22:00;23:00;10/8/25;9/10/25;NO;
Santa Cruz;Ramon Sanfurgo 800;Santa Cruz;Cancha_futbolito_aire_libre;cancha_aire_libre;10;50000;24;hora;viernes;11:00;12:00;23/6/25;23/7/25;NO;
Santa Cruz;Ramon Sanfurgo 800;Santa Cruz;Cancha_futbolito_techada;cancha_techada;21;60000;19;hora;lunes;12:00;13:00;29/1/25;5/2/25;NO;
Santa Cruz;Ramon Sanfurgo 800;Santa Cruz;Cancha_padel_aire_libre;cancha_aire_libre;18;160000;;hora;viernes;22:00;23:00;21/1/25;28/1/25;SI;
Santa Cruz;Ramon Sanfurgo 800;Santa Cruz;Cancha_padel_techada;cancha_techada;15;nueve mil;;hora;viernes;21:00;22:00;2025-07;29/7/25;SI;precio/fecha
Santiago Centro;Av Alameda 900;Santiago;mesa1_restaurant1;restaurant;4;;;mesa_hora;jueves;10:00;23:00;2/9/25;2/10/25;NO;
Santiago Centro;Av Alameda 900;Santiago;mesa2_restaurant1;restaurant;4;;;mesa_hora;lunes;10:00;23:00;15/5/25;29/5/25;NO;
Santiago Centro;Av Alameda 900;Santiago;mesa3_restaurant1;restaurant;4;;;mesa_hora;domingo;10:00;23:00;21/10/24;20/11/24;NO;
Santiago Centro;Av Alameda 900;Santiago;mesa4_restaurant1;restaurant;4;;;mesa_hora;lunes;10:00;23:00;8/11/24;22/11/24;NO;
Santiago Centro;Av Alameda 900;Santiago;mesa5_restaurant1;restaurant;4;;;mesa_hora;miercoles;10:00;23:00;24/2/24;2/3/24;NO;
Santiago Centro;Av Alameda 900;Santiago;mesa6_restaurant1;restaurant;4;;;mesa_hora;viernes;10:00;23:00;26/8/24;9/9/24;NO;
Santiago Centro;Av Alameda 900;Santiago;mesa7_restaurant1;restaurant;4;;;mesa_hora;sabado;10:00;23:00;22/5/25;29/5/25;NO;
Santiago Centro;Av Alameda 900;Santiago;mesa8_restaurant1;restaurant;4;;;mesa_hora;sabado;10:00;23:00;23/11/25;30/11/25;NO;
Santiago Centro;Av Alameda 900;Santiago;mesa1_restaurant2;restaurant;4;;;mesa_hora;viernes;10:00;23:00;9/12/24;8/1/25;NO;
Santiago Centro;Av Alameda 900;Santiago;mesa2_restaurant2;restaurant;4;;;mesa_hora;sabado;10:00;23:00;1/7/25;29/9/25;NO;
Santiago Centro;Av Alameda 900;Santiago;mesa3_restaurant2;restaurant;4;;;mesa_hora;lunes;10:00;23:00;2025-01;7/2/25;SI;fecha
Santiago Centro;Av Alameda 900;Santiago;mesa4_restaurant2;restaurant;4;;;mesa_hora;martes;10:00;23:00;4/12/24;3/1/25;NO;
Santiago Centro;Av Alameda 900;Santiago;mesa5_restaurant2;restaurant;4;;;mesa_hora;miercoles;10:00;23:00;30/7/24;6/8/24;NO;
Santiago Centro;Av Alameda 900;Santiago;mesa6_restaurant2;restaurant;4;;;mesa_hora;viernes;10:00;23:00;13/8/25;12/9/25;NO;
Santiago Centro;Av Alameda 900;Santiago;mesa7_restaurant2;restaurant;4;;;mesa_hora;miercoles;10:00;23:00;4/10/24;2/1/25;NO;
Santiago Centro;Av Alameda 900;Santiago;mesa8_restaurant2;restaurant;4;;;mesa_hora;viernes;10:00;23:00;11/4/24;11/5/24;NO;
Santiago Centro;Av Alameda 900;Santiago;linea1_piscina1;piscina;1;110000;55;linea_hora;jueves;13:00;14:00;26/3/25;2/4/25;NO;
Santiago Centro;Av Alameda 900;Santiago;linea2_piscina1;piscina;1;70000;18;linea_hora;jueves;16:00;17:00;18/6/25;17/8/25;NO;
Santiago Centro;Av Alameda 900;Santiago;linea3_piscina1;piscina;1;170000;;linea_hora;miercoles;17:00;18:00;18/3/24;16/6/24;NO;
Santiago Centro;Av Alameda 900;Santiago;linea4_piscina1;piscina;1;150000;69;linea_hora;domingo;13:00;14:00;6/4/25;20/4/25;NO;
Santiago Centro;Av Alameda 900;Santiago;linea5_piscina1;piscina;1;100000;37;linea_hora;sabado;16:00;17:00;21/4/24;5/5/24;NO;
Santiago Centro;Av Alameda 900;Santiago;linea6_piscina1;piscina;1;150000;;linea_hora;miercoles;8:00;9:00;25/9/25;25/10/25;NO;
Santiago Centro;Av Alameda 900;Santiago;linea7_piscina1;piscina;1;130000;;linea_hora;sabado;18:00;19:00;16/1/24;15/4/24;NO;
Santiago Centro;Av Alameda 900;Santiago;linea8_piscina1;piscina;1;40000;32;linea_hora;sabado;17:00;18:00;30/6/24;14/7/24;NO;
Santiago Centro;Av Alameda 900;Santiago;linea1_piscina2;piscina;1;40000;3;linea_hora;sabado;11:00;12:00;15/2/25;17/3/25;NO;
Santiago Centro;Av Alameda 900;Santiago;linea2_piscina2;piscina;1;210000;60;linea_hora;miercoles;11:00;12:00;18/8/24;17/9/24;NO;
Santiago Centro;Av Alameda 900;Santiago;linea3_piscina2;piscina;1;140000;48;linea_hora;martes;10:00;11:00;24/1/25;24/4/25;NO;
Santiago Centro;Av Alameda 900;Santiago;linea4_piscina2;piscina;1;170000;70;linea_hora;miercoles;8:00;9:00;7/12/24;21/12/24;NO;
Santiago Centro;Av Alameda 900;Santiago;linea5_piscina2;piscina;1;20000;39;linea_hora;jueves;15:00;16:00;26/3/25;25/5/25;NO;
Santiago Centro;Av Alameda 900;Santiago;linea6_piscina2;piscina;1;110000;76;linea_hora;martes;19:00;20:00;17/8/25;16/10/25;NO;
Santiago Centro;Av Alameda 900;Santiago;linea7_piscina2;piscina;1;100000;;linea_hora;sabado;10:00;11:00;4/5/25;18/5/25;NO;
Santiago Centro;Av Alameda 900;Santiago;linea8_piscina2;piscina;1;240000;;linea_hora;martes;20:00;21:00;22/7/24;20/9/24;NO;
Santiago Centro;Av Alameda 900;Santiago;SalonEventos1;salon_eventos;38;90000;40;tramo;martes;20:00;23:59;30/1/25;30/4/25;NO;
Santiago Centro;Av Alameda 900;Santiago;SalonEventos2;salon_eventos;25;130000;;tramo;jueves;20:00;23:59;16/4/25;30/4/25;NO;
Santiago Centro;Av Alameda 900;Santiago;SalonEventos3;salon_eventos;87;140000;;dia;sabado;0:00;23:59;5/9/25;4/12/25;NO;
Santiago Centro;Av Alameda 900;Santiago;SalonEventos4;salon_eventos;176;150000;;tramo;viernes;8:00;14:00;10/7/25;8/9/25;NO;
Santiago Centro;Av Alameda 900;Santiago;Cabana1;cabana;6;30000;33;dia;sabado;0:00;23:59;18/3/24;17/5/24;NO;
Santiago Centro;Av Alameda 900;Santiago;Cabana2;cabana;4;250000;64;dia;martes;0:00;23:59;6/4/25;20/4/25;NO;
Santiago Centro;Av Alameda 900;Santiago;Cabana3;cabana;7;100000;18;dia;viernes;0:00;23:59;29/6/25;13/7/25;NO;
Santiago Centro;Av Alameda 900;Santiago;Cabana4;cabana;5;220000;47;dia;viernes;0:00;23:59;13/3/25;11/6/25;NO;
Santiago Centro;Av Alameda 900;Santiago;Cabana5;cabana;5;190000;;dia;miercoles;0:00;23:59;2/8/24;9/8/24;NO;
Santiago Centro;Av Alameda 900;Santiago;Cabana6;cabana;7;70000;39;dia;domingo;0:00;23:59;13/6/24;20/6/24;NO;
Santiago Centro;Av Alameda 900;Santiago;Cabana7;cabana;6;190000;;dia;sabado;0:00;23:59;20/5/24;19/6/24;NO;
Santiago Centro;Av Alameda 900;Santiago;Cabana8;cabana;7;30000;11;dia;jueves;0:00;23:59;15/5/25;13/8/25;NO;
Santiago Centro;Av Alameda 900;Santiago;Cabana9;cabana;8;110000;6;dia;lunes;0:00;23:59;24/8/24;31/8/24;NO;
Santiago Centro;Av Alameda 900;Santiago;Cabana10;cabana;5;130000;;dia;domingo;0:00;23:59;18/10/25;16/1/26;NO;
Santiago Centro;Av Alameda 900;Santiago;Cabana11;cabana;5;220000;;dia;sabado;0:00;23:59;2024-07;13/8/24;SI;fecha
Santiago Centro;Av Alameda 900;Santiago;Cabana12;cabana;8;240000;;dia;viernes;0:00;23:59;11/11/25;18/11/25;NO;
Santiago Centro;Av Alameda 900;Santiago;Cabana13;cabana;4;70000;37;dia;martes;0:00;23:59;18/4/25;2/5/25;NO;
Santiago Centro;Av Alameda 900;Santiago;Cabana14;cabana;8;110000;30;dia;viernes;0:00;23:59;25/7/24;1/8/24;NO;
Santiago Centro;Av Alameda 900;Santiago;Cabana15;cabana;4;40000;;dia;viernes;0:00;23:59;17/4/24;1/5/24;NO;
Santiago Centro;Av Alameda 900;Santiago;Cabana16;cabana;4;190000;19;dia;viernes;0:00;23:59;8/6/24;15/6/24;NO;
Santiago Centro;Av Alameda 900;Santiago;Cabana17;cabana;5;220000;19;dia;domingo;0:00;23:59;5/2/25;7/3/25;SI;
Santiago Centro;Av Alameda 900;Santiago;Cabana18;cabana;8;230000;;dia;domingo;0:00;23:59;8/12/24;7/1/25;NO;
Santiago Centro;Av Alameda 900;Santiago;Cabana19;cabana;6;50000;54;dia;jueves;0:00;23:59;19/1/24;18/4/24;SI;
Santiago Centro;Av Alameda 900;Santiago;Cabana20;cabana;4;240000;;dia;lunes;0:00;23:59;10/4/25;9/7/25;NO;
Santiago Centro;Av Alameda 900;Santiago;Cancha_tenis_aire_libre;cancha_aire_libre;21;10000;9;hora;martes;16:00;17:00;23/2/25;25/3/25;NO;
Santiago Centro;Av Alameda 900;Santiago;Cancha_tenis_techada;cancha_techada;18;80000;;hora;miercoles;9:00;10:00;28/1/25;4/2/25;NO;
Santiago Centro;Av Alameda 900;Santiago;Cancha_basquetbol_aire_libre;cancha_aire_libre;16;130000;;hora;martes;13:00;14:00;28/7/25;26/10/25;NO;
Santiago Centro;Av Alameda 900;Santiago;Cancha_basquetbol_techada;cancha_techada;22;180000;18;hora;jueves;18:00;19:00;10/10/25;9/11/25;NO;
Santiago Centro;Av Alameda 900;Santiago;Cancha_futbolito_aire_libre;cancha_aire_libre;19;90000;;hora;domingo;10:00;11:00;21/8/25;4/9/25;NO;
Santiago Centro;Av Alameda 900;Santiago;Cancha_futbolito_techada;cancha_techada;10;nueve mil;30;hora;martes;19:00;20:00;6/10/24;4/1/25;SI;precio
Santiago Centro;Av Alameda 900;Santiago;Cancha_padel_aire_libre;cancha_aire_libre;20;70000;58;hora;lunes;17:00;18:00;11/9/24;18/9/24;NO;
Santiago Centro;Av Alameda 900;Santiago;Cancha_padel_techada;cancha_techada;13;90000;2;hora;lunes;20:00;21:00;23/11/25;21/2/26;NO;
Providencia;Av Pedro de Valdivia 2100;Providencia;mesa1_restaurant1;restaurant;4;;;mesa_hora;jueves;10:00;23:00;1/11/25;30/1/26;NO;
Providencia;Av Pedro de Valdivia 2100;Providencia;mesa2_restaurant1;restaurant;4;;;mesa_hora;viernes;10:00;23:00;29/2/24;29/4/24;NO;
Providencia;Av Pedro de Valdivia 2100;Providencia;mesa3_restaurant1;restaurant;4;;;mesa_hora;viernes;10:00;23:00;19/3/25;17/6/25;NO;
Providencia;Av Pedro de Valdivia 2100;Providencia;mesa4_restaurant1;restaurant;4;;;mesa_hora;sabado;10:00;23:00;3/4/25;2/6/25;NO;
Providencia;Av Pedro de Valdivia 2100;Providencia;mesa5_restaurant1;restaurant;4;;;mesa_hora;martes;10:00;23:00;15/4/25;14/7/25;NO;
Providencia;Av Pedro de Valdivia 2100;Providencia;mesa6_restaurant1;restaurant;4;nueve mil;;mesa_hora;domingo;10:00;23:00;2024-05;22/6/24;SI;precio/fecha
Providencia;Av Pedro de Valdivia 2100;Providencia;mesa7_restaurant1;restaurant;4;;;mesa_hora;domingo;10:00;23:00;4/11/24;3/1/25;NO;
Providencia;Av Pedro de Valdivia 2100;Providencia;mesa8_restaurant1;restaurant;4;;;mesa_hora;miercoles;10:00;23:00;26/2/25;27/5/25;NO;
Providencia;Av Pedro de Valdivia 2100;Providencia;mesa1_restaurant2;restaurant;4;;;mesa_hora;martes;10:00;23:00;6/3/24;13/3/24;NO;
Providencia;Av Pedro de Valdivia 2100;Providencia;mesa2_restaurant2;restaurant;4;;;mesa_hora;domingo;10:00;23:00;4/4/25;18/4/25;NO;
Providencia;Av Pedro de Valdivia 2100;Providencia;mesa3_restaurant2;restaurant;4;;;mesa_hora;miercoles;10:00;23:00;13/9/24;12/12/24;NO;
Providencia;Av Pedro de Valdivia 2100;Providencia;mesa4_restaurant2;restaurant;4;;;mesa_hora;lunes;10:00;23:00;11/5/24;9/8/24;NO;
Providencia;Av Pedro de Valdivia 2100;Providencia;mesa5_restaurant2;restaurant;4;;;mesa_hora;miercoles;10:00;23:00;30/10/24;29/12/24;NO;
Providencia;Av Pedro de Valdivia 2100;Providencia;mesa6_restaurant2;restaurant;4;;;mesa_hora;martes;10:00;23:00;30/6/24;14/7/24;SI;
Providencia;Av Pedro de Valdivia 2100;Providencia;mesa7_restaurant2;restaurant;4;;;mesa_hora;miercoles;10:00;23:00;8/1/25;7/2/25;NO;
Providencia;Av Pedro de Valdivia 2100;Providencia;mesa8_restaurant2;restaurant;4;;;mesa_hora;martes;10:00;23:00;31/3/24;29/6/24;NO;
Providencia;Av Pedro de Valdivia 2100;Providencia;linea1_piscina1;piscina;1;80000;2;linea_hora;viernes;21:00;22:00;3/11/25;3/12/25;NO;
Providencia;Av Pedro de Valdivia 2100;Providencia;linea2_piscina1;piscina;1;160000;56;linea_hora;domingo;16:00;17:00;6/2/24;6/5/24;NO;
Providencia;Av Pedro de Valdivia 2100;Providencia;linea3_piscina1;piscina;1;10000;48;linea_hora;sabado;16:00;17:00;21/9/24;21/10/24;NO;
Providencia;Av Pedro de Valdivia 2100;Providencia;linea4_piscina1;piscina;1;120000;;linea_hora;jueves;8:00;8:30;19/2/25;21/3/25;SI;horario
Providencia;Av Pedro de Valdivia 2100;Providencia;linea5_piscina1;piscina;1;200000;21;linea_hora;martes;21:00;22:00;16/3/24;15/5/24;NO;
Providencia;Av Pedro de Valdivia 2100;Providencia;linea6_piscina1;piscina;1;120000;39;linea_hora;sabado;20:00;21:00;27/6/24;27/7/24;NO;
Providencia;Av Pedro de Valdivia 2100;Providencia;linea7_piscina1;piscina;1;160000;;linea_hora;viernes;21:00;22:00;27/1/24;10/2/24;NO;
Providencia;Av Pedro de Valdivia 2100;Providencia;linea8_piscina1;piscina;1;250000;22;linea_hora;jueves;11:00;12:00;29/7/25;27/9/25;NO;
Providencia;Av Pedro de Valdivia 2100;Providencia;linea1_piscina2;piscina;1;220000;;linea_hora;domingo;20:00;21:00;14/7/25;13/8/25;NO;
Providencia;Av Pedro de Valdivia 2100;Providencia;linea2_piscina2;piscina;1;100000;10;linea_hora;viernes;17:00;18:00;2025-02;20/5/25;SI;fecha
Providencia;Av Pedro de Valdivia 2100;Providencia;linea3_piscina2;piscina;1;200000;;linea_hora;jueves;17:00;18:00;2025-06;14/7/25;SI;fecha
Providencia;Av Pedro de Valdivia 2100;Providencia;linea4_piscina2;piscina;1;200000;;linea_hora;lunes;22:00;23:00;8/6/24;6/9/24;NO;
Providencia;Av Pedro de Valdivia 2100;Providencia;linea5_piscina2;piscina;1;70000;0;linea_hora;martes;14:00;15:00;14/4/24;13/6/24;NO;
Providencia;Av Pedro de Valdivia 2100;Providencia;linea6_piscina2;piscina;1;110000;19;linea_hora;domingo;18:00;19:00;5/3/25;4/4/25;NO;
Providencia;Av Pedro de Valdivia 2100;Providencia;linea7_piscina2;piscina;1;70000;56;linea_hora;miercoles;14:00;15:00;7/10/25;21/10/25;NO;
Providencia;Av Pedro de Valdivia 2100;Providencia;linea8_piscina2;piscina;1;120000;;linea_hora;martes;14:00;15:00;18/10/25;16/1/26;NO;
Providencia;Av Pedro de Valdivia 2100;Providencia;SalonEventos1;salon_eventos;142;100000;25;tramo;domingo;14:00;20:00;4/8/24;11/8/24;NO;
Providencia;Av Pedro de Valdivia 2100;Providencia;SalonEventos2;salon_eventos;130;130000;47;dia;domingo;0:00;23:59;11/1/25;11/4/25;NO;
Providencia;Av Pedro de Valdivia 2100;Providencia;SalonEventos3;salon_eventos;124;30000;62;tramo;domingo;20:00;23:59;21/8/25;20/10/25;NO;
Providencia;Av Pedro de Valdivia 2100;Providencia;SalonEventos4;salon_eventos;198;80000;46;tramo;lunes;8:00;14:00;3/9/25;17/9/25;NO;
Providencia;Av Pedro de Valdivia 2100;Providencia;Cabana1;cabana;4;nueve mil;66;dia;lunes;0:00;23:59;2024-02;13/3/24;SI;precio/fecha
Providencia;Av Pedro de Valdivia 2100;Providencia;Cabana2;cabana;5;210000;;dia;lunes;0:00;23:59;16/9/24;23/9/24;NO;
Providencia;Av Pedro de Valdivia 2100;Providencia;Cabana3;cabana;4;240000;28;dia;lunes;0:00;23:59;7/5/24;21/5/24;NO;
Providencia;Av Pedro de Valdivia 2100;Providencia;Cabana4;cabana;5;150000;50;dia;domingo;0:00;23:59;19/6/24;3/7/24;NO;
Providencia;Av Pedro de Valdivia 2100;Providencia;Cabana5;cabana;8;30000;79;dia;miercoles;0:00;23:59;6/7/25;20/7/25;NO;
Providencia;Av Pedro de Valdivia 2100;Providencia;Cabana6;cabana;8;160000;13;dia;domingo;0:00;23:59;1/5/24;8/5/24;NO;
Providencia;Av Pedro de Valdivia 2100;Providencia;Cabana7;cabana;7;190000;73;dia;sabado;0:00;23:59;19/4/24;19/5/24;NO;
Providencia;Av Pedro de Valdivia 2100;Providencia;Cabana8;cabana;4;120000;43;dia;viernes;0:00;23:59;18/3/24;17/4/24;NO;
Providencia;Av Pedro de Valdivia 2100;Providencia;Cabana9;cabana;8;30000;;dia;miercoles;0:00;23:59;13/5/24;20/5/24;NO;
Providencia;Av Pedro de Valdivia 2100;Providencia;Cabana10;cabana;5;150000;;dia;viernes;0:00;23:59;19/3/25;18/4/25;SI;
Providencia;Av Pedro de Valdivia 2100;Providencia;Cabana11;cabana;8;30000;43;dia;domingo;0:00;23:59;2/8/25;16/8/25;NO;
Providencia;Av Pedro de Valdivia 2100;Providencia;Cabana12;cabana;6;20000;55;dia;martes;0:00;23:59;2/5/24;31/7/24;NO;
Providencia;Av Pedro de Valdivia 2100;Providencia;Cabana13;cabana;5;230000;21;dia;domingo;0:00;23:59;12/10/25;11/12/25;NO;
Providencia;Av Pedro de Valdivia 2100;Providencia;Cabana14;cabana;6;140000;;dia;jueves;0:00;23:59;2024-01;5/2/24;SI;fecha
Providencia;Av Pedro de Valdivia 2100;Providencia;Cabana15;cabana;7;80000;78;dia;miercoles;0:00;23:59;8/8/24;7/9/24;NO;
Providencia;Av Pedro de Valdivia 2100;Providencia;Cabana16;cabana;5;120000;6;dia;viernes;0:00;23:59;2025-01;6/3/25;SI;fecha
Providencia;Av Pedro de Valdivia 2100;Providencia;Cabana17;cabana;6;200000;48;dia;jueves;0:00;23:59;28/4/24;12/5/24;NO;
Providencia;Av Pedro de Valdivia 2100;Providencia;Cabana18;cabana;5;nueve mil;;dia;domingo;0:00;23:59;2024-03;11/3/24;SI;precio/fecha
Providencia;Av Pedro de Valdivia 2100;Providencia;Cabana19;cabana;7;nueve mil;78;dia;martes;0:00;23:59;3/9/25;17/9/25;SI;precio
Providencia;Av Pedro de Valdivia 2100;Providencia;Cabana20;cabana;7;200000;51;dia;viernes;0:00;23:59;12/10/24;11/12/24;NO;
Providencia;Av Pedro de Valdivia 2100;Providencia;Cancha_tenis_aire_libre;cancha_aire_libre;17;230000;;hora;sabado;14:00;15:00;3/10/24;10/10/24;NO;
Providencia;Av Pedro de Valdivia 2100;Providencia;Cancha_tenis_techada;cancha_techada;13;50000;26;hora;sabado;10:00;11:00;25/9/25;2/10/25;NO;
Providencia;Av Pedro de Valdivia 2100;Providencia;Cancha_basquetbol_aire_libre;cancha_aire_libre;18;230000;43;hora;domingo;18:00;19:00;28/4/25;27/7/25;NO;
Providencia;Av Pedro de Valdivia 2100;Providencia;Cancha_basquetbol_techada;cancha_techada;11;180000;36;hora;viernes;8:00;9:00;4/3/25;18/3/25;NO;
Providencia;Av Pedro de Valdivia 2100;Providencia;Cancha_futbolito_aire_libre;cancha_aire_libre;22;210000;58;hora;lunes;20:00;21:00;22/5/25;21/7/25;NO;
Providencia;Av Pedro de Valdivia 2100;Providencia;Cancha_futbolito_techada;cancha_techada;19;140000;71;hora;miercoles;13:00;14:00;2025-11;18/1/26;SI;fecha
Providencia;Av Pedro de Valdivia 2100;Providencia;Cancha_padel_aire_libre;cancha_aire_libre;13;nueve mil;67;hora;miercoles;11:00;12:00;2024-06;11/8/24;SI;precio/fecha
Providencia;Av Pedro de Valdivia 2100;Providencia;Cancha_padel_techada;cancha_techada;11;150000;60;hora;sabado;9:00;10:00;18/12/24;17/1/25;NO;
La Florida;Av. Vicu–a Mackenna 10777;La Florida;mesa1_restaurant1;restaurant;4;nueve mil;;mesa_hora;viernes;10:00;23:00;2024-07;12/9/24;SI;precio/fecha
La Florida;Av. Vicu–a Mackenna 10777;La Florida;mesa2_restaurant1;restaurant;4;;;mesa_hora;lunes;10:00;23:00;9/10/25;16/10/25;NO;
La Florida;Av. Vicu–a Mackenna 10777;La Florida;mesa3_restaurant1;restaurant;4;;;mesa_hora;lunes;10:00;23:00;25/3/25;23/6/25;NO;
La Florida;Av. Vicu–a Mackenna 10777;La Florida;mesa4_restaurant1;restaurant;4;;;mesa_hora;lunes;10:00;23:00;28/1/24;27/4/24;NO;
La Florida;Av. Vicu–a Mackenna 10777;La Florida;mesa5_restaurant1;restaurant;4;;;mesa_hora;miercoles;10:00;23:00;15/7/24;13/10/24;NO;
La Florida;Av. Vicu–a Mackenna 10777;La Florida;mesa6_restaurant1;restaurant;4;;;mesa_hora;sabado;10:00;23:00;22/4/24;21/6/24;NO;
La Florida;Av. Vicu–a Mackenna 10777;La Florida;mesa7_restaurant1;restaurant;4;;;mesa_hora;miercoles;10:00;23:00;2/8/25;9/8/25;NO;
La Florida;Av. Vicu–a Mackenna 10777;La Florida;mesa8_restaurant1;restaurant;4;;;mesa_hora;domingo;10:00;23:00;8/9/25;7/12/25;NO;
La Florida;Av. Vicu–a Mackenna 10777;La Florida;mesa1_restaurant2;restaurant;4;;;mesa_hora;lunes;10:00;23:00;28/10/25;26/1/26;NO;
La Florida;Av. Vicu–a Mackenna 10777;La Florida;mesa2_restaurant2;restaurant;4;;;mesa_hora;lunes;10:00;23:00;17/2/24;17/5/24;NO;
La Florida;Av. Vicu–a Mackenna 10777;La Florida;mesa3_restaurant2;restaurant;4;;;mesa_hora;jueves;10:00;23:00;11/6/24;9/9/24;NO;
La Florida;Av. Vicu–a Mackenna 10777;La Florida;mesa4_restaurant2;restaurant;4;;;mesa_hora;miercoles;10:00;23:00;29/10/24;5/11/24;NO;
La Florida;Av. Vicu–a Mackenna 10777;La Florida;mesa5_restaurant2;restaurant;4;;;mesa_hora;domingo;10:00;23:00;16/4/24;23/4/24;NO;
La Florida;Av. Vicu–a Mackenna 10777;La Florida;mesa6_restaurant2;restaurant;4;;;mesa_hora;jueves;10:00;23:00;27/7/25;3/8/25;NO;
La Florida;Av. Vicu–a Mackenna 10777;La Florida;mesa7_restaurant2;restaurant;4;;;mesa_hora;domingo;10:00;23:00;21/1/24;20/4/24;NO;
La Florida;Av. Vicu–a Mackenna 10777;La Florida;mesa8_restaurant2;restaurant;4;;;mesa_hora;martes;10:00;23:00;17/11/25;24/11/25;NO;
La Florida;Av. Vicu–a Mackenna 10777;La Florida;linea1_piscina1;piscina;1;200000;34;linea_hora;jueves;16:00;17:00;9/8/25;8/10/25;NO;
La Florida;Av. Vicu–a Mackenna 10777;La Florida;linea2_piscina1;piscina;1;20000;;linea_hora;miercoles;18:00;19:00;29/6/24;13/7/24;NO;
La Florida;Av. Vicu–a Mackenna 10777;La Florida;linea3_piscina1;piscina;1;40000;49;linea_hora;jueves;11:00;12:00;2024-10;2/11/24;SI;fecha
La Florida;Av. Vicu–a Mackenna 10777;La Florida;linea4_piscina1;piscina;1;230000;;linea_hora;jueves;17:00;18:00;3/8/24;2/10/24;NO;
La Florida;Av. Vicu–a Mackenna 10777;La Florida;linea5_piscina1;piscina;1;60000;;linea_hora;lunes;21:00;22:00;24/2/25;10/3/25;NO;
La Florida;Av. Vicu–a Mackenna 10777;La Florida;linea6_piscina1;piscina;1;100000;14;linea_hora;sabado;20:00;21:00;24/10/24;23/12/24;NO;
La Florida;Av. Vicu–a Mackenna 10777;La Florida;linea7_piscina1;piscina;1;240000;;linea_hora;sabado;8:00;9:00;13/5/24;12/7/24;NO;
La Florida;Av. Vicu–a Mackenna 10777;La Florida;linea8_piscina1;piscina;1;130000;;linea_hora;jueves;10:00;11:00;30/9/25;30/10/25;NO;
La Florida;Av. Vicu–a Mackenna 10777;La Florida;linea1_piscina2;piscina;1;210000;33;linea_hora;jueves;20:00;21:00;9/2/25;10/4/25;NO;
La Florida;Av. Vicu–a Mackenna 10777;La Florida;linea2_piscina2;piscina;1;180000;78;linea_hora;jueves;19:00;20:00;24/10/24;23/12/24;NO;
La Florida;Av. Vicu–a Mackenna 10777;La Florida;linea3_piscina2;piscina;1;70000;;linea_hora;martes;8:00;8:30;31/3/25;14/4/25;SI;horario
La Florida;Av. Vicu–a Mackenna 10777;La Florida;linea4_piscina2;piscina;1;120000;24;linea_hora;domingo;17:00;18:00;15/1/24;29/1/24;NO;
La Florida;Av. Vicu–a Mackenna 10777;La Florida;linea5_piscina2;piscina;1;210000;;linea_hora;sabado;17:00;18:00;19/8/24;2/9/24;NO;
La Florida;Av. Vicu–a Mackenna 10777;La Florida;linea6_piscina2;piscina;1;140000;;linea_hora;miercoles;19:00;20:00;22/4/24;21/7/24;NO;
La Florida;Av. Vicu–a Mackenna 10777;La Florida;linea7_piscina2;piscina;1;210000;43;linea_hora;jueves;9:00;10:00;24/5/25;23/7/25;NO;
La Florida;Av. Vicu–a Mackenna 10777;La Florida;linea8_piscina2;piscina;1;120000;;linea_hora;domingo;18:00;19:00;1/8/25;30/10/25;NO;
La Florida;Av. Vicu–a Mackenna 10777;La Florida;SalonEventos1;salon_eventos;149;200000;47;dia;lunes;0:00;23:59;11/3/24;10/4/24;NO;
La Florida;Av. Vicu–a Mackenna 10777;La Florida;SalonEventos2;salon_eventos;62;120000;71;dia;jueves;0:00;23:59;30/5/25;13/6/25;NO;
La Florida;Av. Vicu–a Mackenna 10777;La Florida;SalonEventos3;salon_eventos;153;60000;;tramo;jueves;20:00;23:59;23/8/25;21/11/25;NO;
La Florida;Av. Vicu–a Mackenna 10777;La Florida;SalonEventos4;salon_eventos;109;190000;;dia;miercoles;0:00;23:59;26/11/25;24/2/26;NO;
La Florida;Av. Vicu–a Mackenna 10777;La Florida;Cabana1;cabana;6;250000;39;dia;lunes;0:00;23:59;9/9/24;8/11/24;NO;
La Florida;Av. Vicu–a Mackenna 10777;La Florida;Cabana2;cabana;7;200000;32;dia;miercoles;0:00;23:59;12/12/24;19/12/24;NO;
La Florida;Av. Vicu–a Mackenna 10777;La Florida;Cabana3;cabana;4;20000;66;dia;miercoles;0:00;23:59;9/7/24;16/7/24;NO;
La Florida;Av. Vicu–a Mackenna 10777;La Florida;Cabana4;cabana;8;70000;45;dia;martes;0:00;23:59;24/11/24;1/12/24;NO;
La Florida;Av. Vicu–a Mackenna 10777;La Florida;Cabana5;cabana;8;80000;35;dia;sabado;0:00;23:59;11/9/25;11/10/25;NO;
La Florida;Av. Vicu–a Mackenna 10777;La Florida;Cabana6;cabana;5;60000;10;dia;viernes;0:00;23:59;26/3/24;25/4/24;NO;
La Florida;Av. Vicu–a Mackenna 10777;La Florida;Cabana7;cabana;6;nueve mil;;dia;martes;0:00;23:59;19/4/25;18/7/25;SI;precio
La Florida;Av. Vicu–a Mackenna 10777;La Florida;Cabana8;cabana;8;230000;;dia;lunes;0:00;23:59;16/7/24;14/9/24;NO;
La Florida;Av. Vicu–a Mackenna 10777;La Florida;Cabana9;cabana;8;70000;;dia;sabado;0:00;23:59;8/9/24;7/11/24;NO;
La Florida;Av. Vicu–a Mackenna 10777;La Florida;Cabana10;cabana;6;120000;;dia;martes;0:00;23:59;25/1/24;8/2/24;NO;
La Florida;Av. Vicu–a Mackenna 10777;La Florida;Cabana11;cabana;4;200000;23;dia;jueves;0:00;23:59;17/1/24;16/2/24;NO;
La Florida;Av. Vicu–a Mackenna 10777;La Florida;Cabana12;cabana;8;250000;;dia;miercoles;0:00;23:59;29/7/25;27/10/25;NO;
La Florida;Av. Vicu–a Mackenna 10777;La Florida;Cabana13;cabana;6;130000;25;dia;jueves;0:00;23:59;27/7/24;3/8/24;NO;
La Florida;Av. Vicu–a Mackenna 10777;La Florida;Cabana14;cabana;5;220000;;dia;lunes;0:00;23:59;17/3/24;31/3/24;NO;
La Florida;Av. Vicu–a Mackenna 10777;La Florida;Cabana15;cabana;8;200000;14;dia;jueves;0:00;23:59;5/9/25;4/12/25;NO;
La Florida;Av. Vicu–a Mackenna 10777;La Florida;Cabana16;cabana;6;40000;;dia;miercoles;0:00;23:59;6/5/25;4/8/25;NO;
La Florida;Av. Vicu–a Mackenna 10777;La Florida;Cabana17;cabana;8;100000;35;dia;miercoles;0:00;23:59;28/10/25;11/11/25;NO;
La Florida;Av. Vicu–a Mackenna 10777;La Florida;Cabana18;cabana;6;160000;46;dia;sabado;0:00;23:59;9/12/24;16/12/24;NO;
La Florida;Av. Vicu–a Mackenna 10777;La Florida;Cabana19;cabana;6;30000;60;dia;domingo;0:00;23:59;3/9/24;2/11/24;NO;
La Florida;Av. Vicu–a Mackenna 10777;La Florida;Cabana20;cabana;4;210000;;dia;viernes;0:00;23:59;17/1/24;17/3/24;NO;
La Florida;Av. Vicu–a Mackenna 10777;La Florida;Cancha_tenis_aire_libre;cancha_aire_libre;18;190000;;hora;domingo;8:00;9:00;5/11/25;4/1/26;NO;
La Florida;Av. Vicu–a Mackenna 10777;La Florida;Cancha_tenis_techada;cancha_techada;14;190000;15;hora;martes;22:00;23:00;2/7/24;31/8/24;NO;
La Florida;Av. Vicu–a Mackenna 10777;La Florida;Cancha_basquetbol_aire_libre;cancha_aire_libre;11;190000;60;hora;domingo;10:00;11:00;13/3/24;27/3/24;NO;
La Florida;Av. Vicu–a Mackenna 10777;La Florida;Cancha_basquetbol_techada;cancha_techada;20;110000;;hora;domingo;12:00;13:00;23/7/24;22/8/24;NO;
La Florida;Av. Vicu–a Mackenna 10777;La Florida;Cancha_futbolito_aire_libre;cancha_aire_libre;12;60000;34;hora;lunes;18:00;19:00;18/3/24;17/5/24;NO;
La Florida;Av. Vicu–a Mackenna 10777;La Florida;Cancha_futbolito_techada;cancha_techada;15;140000;;hora;sabado;19:00;20:00;19/3/24;26/3/24;NO;
La Florida;Av. Vicu–a Mackenna 10777;La Florida;Cancha_padel_aire_libre;cancha_aire_libre;21;130000;69;hora;domingo;19:00;20:00;21/6/24;5/7/24;NO;
La Florida;Av. Vicu–a Mackenna 10777;La Florida;Cancha_padel_techada;cancha_techada;13;20000;0;hora;viernes;9:00;10:00;1/12/25;30/1/26;NO;
Santa Cruz;Ramon Sanfurgo 800;Santa Cruz;mesa1_restaurant1;restaurant;4;;;mesa_hora;lunes;10:00;23:00;20/4/25;4/5/25;NO;
Santa Cruz;Ramon Sanfurgo 800;Santa Cruz;mesa2_restaurant1;restaurant;4;;;mesa_hora;jueves;10:00;23:00;2025-07;14/7/25;SI;fecha
Santa Cruz;Ramon Sanfurgo 800;Santa Cruz;mesa3_restaurant1;restaurant;4;;;mesa_hora;martes;10:00;23:00;25/8/25;24/9/25;NO;
Santa Cruz;Ramon Sanfurgo 800;Santa Cruz;mesa4_restaurant1;restaurant;4;;;mesa_hora;martes;10:00;23:00;26/2/24;26/5/24;NO;
Santa Cruz;Ramon Sanfurgo 800;Santa Cruz;mesa5_restaurant1;restaurant;4;;;mesa_hora;viernes;10:00;23:00;30/11/24;28/2/25;NO;
Santa Cruz;Ramon Sanfurgo 800;Santa Cruz;mesa6_restaurant1;restaurant;4;;;mesa_hora;martes;10:00;23:00;19/4/25;19/5/25;NO;
Santa Cruz;Ramon Sanfurgo 800;Santa Cruz;mesa7_restaurant1;restaurant;4;;;mesa_hora;lunes;10:00;23:00;17/4/24;1/5/24;NO;
Santa Cruz;Ramon Sanfurgo 800;Santa Cruz;mesa8_restaurant1;restaurant;4;;;mesa_hora;sabado;10:00;23:00;23/6/24;30/6/24;NO;
Santa Cruz;Ramon Sanfurgo 800;Santa Cruz;mesa1_restaurant2;restaurant;4;;;mesa_hora;miercoles;10:00;23:00;1/8/25;8/8/25;NO;
Santa Cruz;Ramon Sanfurgo 800;Santa Cruz;mesa2_restaurant2;restaurant;4;;;mesa_hora;viernes;10:00;23:00;10/11/25;10/12/25;NO;
Santa Cruz;Ramon Sanfurgo 800;Santa Cruz;mesa3_restaurant2;restaurant;4;;;mesa_hora;martes;10:00;23:00;29/11/24;28/1/25;SI;horario
Santa Cruz;Ramon Sanfurgo 800;Santa Cruz;mesa4_restaurant2;restaurant;4;;;mesa_hora;lunes;10:00;23:00;11/6/25;18/6/25;NO;
Santa Cruz;Ramon Sanfurgo 800;Santa Cruz;mesa5_restaurant2;restaurant;4;;;mesa_hora;domingo;10:00;23:00;5/9/24;12/9/24;NO;
Santa Cruz;Ramon Sanfurgo 800;Santa Cruz;mesa6_restaurant2;restaurant;4;;;mesa_hora;martes;10:00;23:00;16/8/24;15/10/24;NO;
Santa Cruz;Ramon Sanfurgo 800;Santa Cruz;mesa7_restaurant2;restaurant;4;;;mesa_hora;viernes;10:00;23:00;20/9/24;27/9/24;NO;
Santa Cruz;Ramon Sanfurgo 800;Santa Cruz;mesa8_restaurant2;restaurant;4;;;mesa_hora;lunes;10:00;23:00;16/8/24;14/11/24;NO;
Santa Cruz;Ramon Sanfurgo 800;Santa Cruz;linea1_piscina1;piscina;1;70000;27;linea_hora;viernes;21:00;22:00;10/5/25;8/8/25;NO;
Santa Cruz;Ramon Sanfurgo 800;Santa Cruz;linea2_piscina1;piscina;1;nueve mil;31;linea_hora;viernes;21:00;22:00;2024-06;16/6/24;SI;precio/fecha
Santa Cruz;Ramon Sanfurgo 800;Santa Cruz;linea3_piscina1;piscina;1;nueve mil;56;linea_hora;jueves;16:00;17:00;27/9/24;27/10/24;SI;precio
Santa Cruz;Ramon Sanfurgo 800;Santa Cruz;linea4_piscina1;piscina;1;40000;45;linea_hora;sabado;12:00;13:00;21/6/24;21/7/24;NO;
Santa Cruz;Ramon Sanfurgo 800;Santa Cruz;linea5_piscina1;piscina;1;180000;75;linea_hora;viernes;13:00;14:00;18/8/25;17/10/25;NO;
Santa Cruz;Ramon Sanfurgo 800;Santa Cruz;linea6_piscina1;piscina;1;160000;25;linea_hora;jueves;20:00;21:00;5/7/25;4/8/25;NO;
Santa Cruz;Ramon Sanfurgo 800;Santa Cruz;linea7_piscina1;piscina;1;150000;28;linea_hora;jueves;15:00;16:00;6/8/25;13/8/25;NO;
Santa Cruz;Ramon Sanfurgo 800;Santa Cruz;linea8_piscina1;piscina;1;190000;68;linea_hora;jueves;10:00;11:00;26/1/25;9/2/25;NO;
Santa Cruz;Ramon Sanfurgo 800;Santa Cruz;linea1_piscina2;piscina;1;20000;52;linea_hora;domingo;17:00;18:00;30/5/24;13/6/24;NO;
Santa Cruz;Ramon Sanfurgo 800;Santa Cruz;linea2_piscina2;piscina;1;170000;74;linea_hora;sabado;21:00;22:00;2024-03;25/4/24;SI;fecha
Santa Cruz;Ramon Sanfurgo 800;Santa Cruz;linea3_piscina2;piscina;1;20000;2;linea_hora;domingo;9:00;10:00;7/9/25;14/9/25;NO;
Santa Cruz;Ramon Sanfurgo 800;Santa Cruz;linea4_piscina2;piscina;1;220000;;linea_hora;lunes;13:00;14:00;13/8/24;11/11/24;NO;
Santa Cruz;Ramon Sanfurgo 800;Santa Cruz;linea5_piscina2;piscina;1;220000;;linea_hora;domingo;16:00;17:00;9/3/24;7/6/24;NO;
Santa Cruz;Ramon Sanfurgo 800;Santa Cruz;linea6_piscina2;piscina;1;170000;8;linea_hora;miercoles;8:00;9:00;1/12/24;8/12/24;NO;
Santa Cruz;Ramon Sanfurgo 800;Santa Cruz;linea7_piscina2;piscina;1;180000;;linea_hora;jueves;14:00;15:00;18/3/24;16/6/24;NO;
Santa Cruz;Ramon Sanfurgo 800;Santa Cruz;linea8_piscina2;piscina;1;250000;77;linea_hora;domingo;21:00;22:00;8/7/24;6/10/24;NO;
Santa Cruz;Ramon Sanfurgo 800;Santa Cruz;SalonEventos1;salon_eventos;55;140000;56;tramo;viernes;8:00;14:00;24/1/24;24/3/24;NO;
Santa Cruz;Ramon Sanfurgo 800;Santa Cruz;SalonEventos2;salon_eventos;48;10000;30;dia;sabado;0:00;23:59;30/7/24;13/8/24;NO;
Santa Cruz;Ramon Sanfurgo 800;Santa Cruz;SalonEventos3;salon_eventos;185;100000;32;tramo;jueves;20:00;23:59;6/1/25;13/1/25;NO;
Santa Cruz;Ramon Sanfurgo 800;Santa Cruz;SalonEventos4;salon_eventos;60;230000;;tramo;viernes;14:00;20:00;14/7/24;21/7/24;NO;
Santa Cruz;Ramon Sanfurgo 800;Santa Cruz;Cabana1;cabana;4;180000;;dia;jueves;0:00;23:59;20/2/24;5/3/24;NO;
Santa Cruz;Ramon Sanfurgo 800;Santa Cruz;Cabana2;cabana;8;250000;;dia;domingo;0:00;23:59;22/11/24;20/2/25;NO;
Santa Cruz;Ramon Sanfurgo 800;Santa Cruz;Cabana3;cabana;4;220000;59;dia;viernes;0:00;23:59;1/1/24;1/3/24;NO;
Santa Cruz;Ramon Sanfurgo 800;Santa Cruz;Cabana4;cabana;7;230000;;dia;lunes;0:00;23:59;8/10/24;7/11/24;NO;
Santa Cruz;Ramon Sanfurgo 800;Santa Cruz;Cabana5;cabana;5;60000;54;dia;lunes;0:00;23:59;18/2/25;4/3/25;NO;
Santa Cruz;Ramon Sanfurgo 800;Santa Cruz;Cabana6;cabana;7;170000;;dia;lunes;0:00;23:59;25/2/24;3/3/24;NO;
Santa Cruz;Ramon Sanfurgo 800;Santa Cruz;Cabana7;cabana;8;70000;33;dia;miercoles;0:00;23:59;16/7/25;14/9/25;NO;
Santa Cruz;Ramon Sanfurgo 800;Santa Cruz;Cabana8;cabana;4;20000;44;dia;domingo;0:00;23:59;5/5/25;4/7/25;NO;
Santa Cruz;Ramon Sanfurgo 800;Santa Cruz;Cabana9;cabana;5;30000;;dia;lunes;0:00;23:59;21/1/25;20/2/25;NO;
Santa Cruz;Ramon Sanfurgo 800;Santa Cruz;Cabana10;cabana;5;140000;;dia;sabado;0:00;23:59;6/5/25;4/8/25;NO;
Santa Cruz;Ramon Sanfurgo 800;Santa Cruz;Cabana11;cabana;7;50000;33;dia;sabado;0:00;23:59;17/7/25;24/7/25;NO;
Santa Cruz;Ramon Sanfurgo 800;Santa Cruz;Cabana12;cabana;8;120000;;dia;martes;0:00;23:59;12/4/25;12/5/25;NO;
Santa Cruz;Ramon Sanfurgo 800;Santa Cruz;Cabana13;cabana;8;80000;5;dia;miercoles;0:00;23:59;3/9/25;10/9/25;NO;
Santa Cruz;Ramon Sanfurgo 800;Santa Cruz;Cabana14;cabana;7;40000;19;dia;sabado;0:00;23:59;17/2/25;18/5/25;NO;
Santa Cruz;Ramon Sanfurgo 800;Santa Cruz;Cabana15;cabana;6;60000;41;dia;domingo;0:00;23:59;5/9/24;4/11/24;NO;
Santa Cruz;Ramon Sanfurgo 800;Santa Cruz;Cabana16;cabana;7;80000;;dia;viernes;0:00;23:59;9/11/25;23/11/25;NO;
Santa Cruz;Ramon Sanfurgo 800;Santa Cruz;Cabana17;cabana;7;130000;;dia;viernes;0:00;23:59;1/8/25;15/8/25;NO;
Santa Cruz;Ramon Sanfurgo 800;Santa Cruz;Cabana18;cabana;6;150000;80;dia;lunes;0:00;23:59;20/1/25;3/2/25;NO;
Santa Cruz;Ramon Sanfurgo 800;Santa Cruz;Cabana19;cabana;5;220000;;dia;jueves;0:00;23:59;16/7/24;30/7/24;NO;
Santa Cruz;Ramon Sanfurgo 800;Santa Cruz;Cabana20;cabana;6;210000;50;dia;jueves;0:00;23:59;5/3/25;3/6/25;NO;
Santa Cruz;Ramon Sanfurgo 800;Santa Cruz;Cancha_tenis_aire_libre;cancha_aire_libre;11;70000;31;hora;miercoles;8:00;9:00;4/7/24;18/7/24;NO;
Santa Cruz;Ramon Sanfurgo 800;Santa Cruz;Cancha_tenis_techada;cancha_techada;18;70000;36;hora;domingo;19:00;20:00;4/11/25;4/12/25;NO;
Santa Cruz;Ramon Sanfurgo 800;Santa Cruz;Cancha_basquetbol_aire_libre;cancha_aire_libre;10;220000;23;hora;jueves;19:00;20:00;14/9/24;13/11/24;NO;
Santa Cruz;Ramon Sanfurgo 800;Santa Cruz;Cancha_basquetbol_techada;cancha_techada;21;130000;61;hora;miercoles;19:00;20:00;8/12/24;6/2/25;NO;
Santa Cruz;Ramon Sanfurgo 800;Santa Cruz;Cancha_futbolito_aire_libre;cancha_aire_libre;13;230000;70;hora;viernes;22:00;23:00;22/12/24;22/3/25;NO;
Santa Cruz;Ramon Sanfurgo 800;Santa Cruz;Cancha_futbolito_techada;cancha_techada;14;160000;;hora;domingo;16:00;17:00;21/5/24;20/6/24;NO;
Santa Cruz;Ramon Sanfurgo 800;Santa Cruz;Cancha_padel_aire_libre;cancha_aire_libre;12;160000;47;hora;jueves;11:00;12:00;20/5/24;3/6/24;NO;
Santa Cruz;Ramon Sanfurgo 800;Santa Cruz;Cancha_padel_techada;cancha_techada;19;70000;22;hora;jueves;16:00;17:00;28/1/25;29/3/25;NO;
Santiago Centro;Av Alameda 900;Santiago;mesa1_restaurant1;restaurant;4;;;mesa_hora;miercoles;10:00;23:00;5/8/24;19/8/24;NO;
Santiago Centro;Av Alameda 900;Santiago;mesa2_restaurant1;restaurant;4;;;mesa_hora;miercoles;10:00;23:00;11/9/25;10/11/25;NO;
Santiago Centro;Av Alameda 900;Santiago;mesa3_restaurant1;restaurant;4;;;mesa_hora;lunes;10:00;23:00;22/10/25;21/12/25;NO;
Santiago Centro;Av Alameda 900;Santiago;mesa4_restaurant1;restaurant;4;;;mesa_hora;sabado;10:00;23:00;28/5/24;27/7/24;NO;
Santiago Centro;Av Alameda 900;Santiago;mesa5_restaurant1;restaurant;4;nueve mil;;mesa_hora;jueves;10:00;23:00;19/9/24;26/9/24;SI;precio
Santiago Centro;Av Alameda 900;Santiago;mesa6_restaurant1;restaurant;4;;;mesa_hora;lunes;10:00;23:00;29/3/25;28/5/25;NO;
Santiago Centro;Av Alameda 900;Santiago;mesa7_restaurant1;restaurant;4;;;mesa_hora;miercoles;10:00;23:00;5/1/24;5/3/24;SI;horario
Santiago Centro;Av Alameda 900;Santiago;mesa8_restaurant1;restaurant;4;;;mesa_hora;jueves;10:00;23:00;10/10/24;9/11/24;NO;
Santiago Centro;Av Alameda 900;Santiago;mesa1_restaurant2;restaurant;4;;;mesa_hora;jueves;10:00;23:00;29/6/25;28/8/25;NO;
Santiago Centro;Av Alameda 900;Santiago;mesa2_restaurant2;restaurant;4;;;mesa_hora;miercoles;10:00;23:00;4/9/24;11/9/24;NO;
Santiago Centro;Av Alameda 900;Santiago;mesa3_restaurant2;restaurant;4;;;mesa_hora;lunes;10:00;23:00;18/10/24;17/11/24;NO;
Santiago Centro;Av Alameda 900;Santiago;mesa4_restaurant2;restaurant;4;;;mesa_hora;jueves;10:00;23:00;16/6/24;15/8/24;NO;
Santiago Centro;Av Alameda 900;Santiago;mesa5_restaurant2;restaurant;4;;;mesa_hora;miercoles;10:00;23:00;18/3/24;17/5/24;NO;
Santiago Centro;Av Alameda 900;Santiago;mesa6_restaurant2;restaurant;4;;;mesa_hora;sabado;10:00;23:00;22/5/25;29/5/25;NO;
Santiago Centro;Av Alameda 900;Santiago;mesa7_restaurant2;restaurant;4;;;mesa_hora;viernes;10:00;23:00;29/10/24;28/12/24;NO;
Santiago Centro;Av Alameda 900;Santiago;mesa8_restaurant2;restaurant;4;;;mesa_hora;viernes;10:00;23:00;7/8/25;14/8/25;NO;
Santiago Centro;Av Alameda 900;Santiago;linea1_piscina1;piscina;1;240000;23;linea_hora;martes;13:00;14:00;7/6/25;14/6/25;NO;
Santiago Centro;Av Alameda 900;Santiago;linea2_piscina1;piscina;1;40000;38;linea_hora;martes;15:00;16:00;7/2/25;14/2/25;SI;
Santiago Centro;Av Alameda 900;Santiago;linea3_piscina1;piscina;1;80000;36;linea_hora;domingo;18:00;19:00;10/9/25;17/9/25;NO;
Santiago Centro;Av Alameda 900;Santiago;linea4_piscina1;piscina;1;150000;74;linea_hora;jueves;9:00;10:00;20/3/25;3/4/25;NO;
Santiago Centro;Av Alameda 900;Santiago;linea5_piscina1;piscina;1;150000;0;linea_hora;jueves;10:00;11:00;11/8/25;18/8/25;NO;
Santiago Centro;Av Alameda 900;Santiago;linea6_piscina1;piscina;1;100000;21;linea_hora;jueves;17:00;18:00;27/6/25;26/8/25;NO;
Santiago Centro;Av Alameda 900;Santiago;linea7_piscina1;piscina;1;60000;;linea_hora;sabado;8:00;9:00;14/9/25;13/12/25;NO;
Santiago Centro;Av Alameda 900;Santiago;linea8_piscina1;piscina;1;140000;14;linea_hora;viernes;20:00;21:00;18/3/25;25/3/25;NO;
Santiago Centro;Av Alameda 900;Santiago;linea1_piscina2;piscina;1;150000;1;linea_hora;viernes;22:00;23:00;16/6/24;30/6/24;NO;
Santiago Centro;Av Alameda 900;Santiago;linea2_piscina2;piscina;1;130000;16;linea_hora;martes;21:00;22:00;4/1/25;11/1/25;NO;
Santiago Centro;Av Alameda 900;Santiago;linea3_piscina2;piscina;1;40000;49;linea_hora;jueves;13:00;14:00;7/2/24;8/3/24;NO;
Santiago Centro;Av Alameda 900;Santiago;linea4_piscina2;piscina;1;170000;27;linea_hora;viernes;14:00;15:00;3/9/25;2/12/25;NO;
Santiago Centro;Av Alameda 900;Santiago;linea5_piscina2;piscina;1;140000;57;linea_hora;miercoles;9:00;10:00;26/11/24;24/2/25;NO;
Santiago Centro;Av Alameda 900;Santiago;linea6_piscina2;piscina;1;200000;;linea_hora;jueves;8:00;9:00;28/8/24;4/9/24;NO;
Santiago Centro;Av Alameda 900;Santiago;linea7_piscina2;piscina;1;90000;74;linea_hora;sabado;18:00;19:00;3/1/24;17/1/24;NO;
Santiago Centro;Av Alameda 900;Santiago;linea8_piscina2;piscina;1;nueve mil;;linea_hora;miercoles;9:00;10:00;2024-04;2/5/24;SI;precio/fecha
Santiago Centro;Av Alameda 900;Santiago;SalonEventos1;salon_eventos;106;240000;50;tramo;lunes;8:00;14:00;24/3/24;7/4/24;NO;
Santiago Centro;Av Alameda 900;Santiago;SalonEventos2;salon_eventos;31;210000;57;tramo;domingo;8:00;8:30;10/8/24;24/8/24;SI;horario
Santiago Centro;Av Alameda 900;Santiago;SalonEventos3;salon_eventos;36;190000;17;dia;domingo;0:00;23:59;13/9/25;27/9/25;NO;
Santiago Centro;Av Alameda 900;Santiago;SalonEventos4;salon_eventos;119;30000;;tramo;miercoles;8:00;8:30;22/7/24;20/10/24;SI;horario
Santiago Centro;Av Alameda 900;Santiago;Cabana1;cabana;6;140000;;dia;viernes;0:00;23:59;5/8/24;4/9/24;NO;
Santiago Centro;Av Alameda 900;Santiago;Cabana2;cabana;8;150000;44;dia;domingo;0:00;23:59;4/11/25;18/11/25;NO;
Santiago Centro;Av Alameda 900;Santiago;Cabana3;cabana;4;160000;74;dia;miercoles;0:00;23:59;29/10/24;28/11/24;NO;
Santiago Centro;Av Alameda 900;Santiago;Cabana4;cabana;6;240000;;dia;miercoles;0:00;23:59;20/5/24;18/8/24;NO;
Santiago Centro;Av Alameda 900;Santiago;Cabana5;cabana;6;30000;38;dia;sabado;0:00;23:59;25/9/25;9/10/25;NO;
Santiago Centro;Av Alameda 900;Santiago;Cabana6;cabana;7;160000;;dia;viernes;0:00;23:59;21/4/24;28/4/24;NO;
Santiago Centro;Av Alameda 900;Santiago;Cabana7;cabana;4;200000;54;dia;martes;0:00;23:59;5/3/24;4/4/24;NO;
Santiago Centro;Av Alameda 900;Santiago;Cabana8;cabana;5;220000;67;dia;domingo;0:00;23:59;8/10/25;6/1/26;NO;
Santiago Centro;Av Alameda 900;Santiago;Cabana9;cabana;5;10000;19;dia;jueves;0:00;23:59;29/3/24;27/6/24;NO;
Santiago Centro;Av Alameda 900;Santiago;Cabana10;cabana;4;240000;8;dia;martes;0:00;23:59;2/9/25;2/10/25;NO;
Santiago Centro;Av Alameda 900;Santiago;Cabana11;cabana;8;160000;73;dia;lunes;0:00;23:59;7/4/24;14/4/24;NO;
Santiago Centro;Av Alameda 900;Santiago;Cabana12;cabana;4;230000;17;dia;sabado;0:00;23:59;3/3/25;2/5/25;NO;
Santiago Centro;Av Alameda 900;Santiago;Cabana13;cabana;5;130000;75;dia;lunes;0:00;23:59;6/12/24;5/1/25;SI;
Santiago Centro;Av Alameda 900;Santiago;Cabana14;cabana;7;140000;38;dia;martes;0:00;23:59;19/10/25;18/12/25;NO;
Santiago Centro;Av Alameda 900;Santiago;Cabana15;cabana;4;70000;75;dia;jueves;0:00;23:59;9/2/24;9/4/24;NO;
Santiago Centro;Av Alameda 900;Santiago;Cabana16;cabana;5;100000;55;dia;lunes;0:00;23:59;13/3/25;12/4/25;NO;
Santiago Centro;Av Alameda 900;Santiago;Cabana17;cabana;7;30000;;dia;jueves;0:00;23:59;5/8/24;4/9/24;NO;
Santiago Centro;Av Alameda 900;Santiago;Cabana18;cabana;8;60000;;dia;martes;0:00;23:59;10/8/24;9/9/24;NO;
Santiago Centro;Av Alameda 900;Santiago;Cabana19;cabana;5;190000;;dia;domingo;0:00;23:59;4/8/24;3/10/24;NO;
Santiago Centro;Av Alameda 900;Santiago;Cabana20;cabana;8;80000;66;dia;jueves;0:00;23:59;17/10/25;15/1/26;NO;
Santiago Centro;Av Alameda 900;Santiago;Cancha_tenis_aire_libre;cancha_aire_libre;17;250000;;hora;jueves;9:00;10:00;23/5/25;22/7/25;NO;
Santiago Centro;Av Alameda 900;Santiago;Cancha_tenis_techada;cancha_techada;10;120000;26;hora;sabado;12:00;13:00;9/5/25;23/5/25;NO;
Santiago Centro;Av Alameda 900;Santiago;Cancha_basquetbol_aire_libre;cancha_aire_libre;16;220000;55;hora;domingo;19:00;20:00;16/11/25;14/2/26;NO;
Santiago Centro;Av Alameda 900;Santiago;Cancha_basquetbol_techada;cancha_techada;16;90000;35;hora;lunes;16:00;17:00;11/1/25;11/4/25;NO;
Santiago Centro;Av Alameda 900;Santiago;Cancha_futbolito_aire_libre;cancha_aire_libre;14;30000;58;hora;miercoles;18:00;19:00;3/1/25;2/2/25;NO;
Santiago Centro;Av Alameda 900;Santiago;Cancha_futbolito_techada;cancha_techada;10;130000;76;hora;martes;8:00;9:00;4/7/25;18/7/25;NO;
Santiago Centro;Av Alameda 900;Santiago;Cancha_padel_aire_libre;cancha_aire_libre;15;230000;55;hora;miercoles;12:00;13:00;30/1/25;13/2/25;NO;
Santiago Centro;Av Alameda 900;Santiago;Cancha_padel_techada;cancha_techada;20;220000;49;hora;lunes;20:00;21:00;2024-09;26/11/24;SI;fecha
Providencia;Av Pedro de Valdivia 2100;Providencia;mesa1_restaurant1;restaurant;4;;;mesa_hora;sabado;10:00;23:00;1/1/25;31/1/25;NO;
Providencia;Av Pedro de Valdivia 2100;Providencia;mesa2_restaurant1;restaurant;4;;;mesa_hora;jueves;10:00;23:00;2025-11;22/12/25;SI;fecha
Providencia;Av Pedro de Valdivia 2100;Providencia;mesa3_restaurant1;restaurant;4;;;mesa_hora;lunes;10:00;23:00;23/3/25;30/3/25;NO;
Providencia;Av Pedro de Valdivia 2100;Providencia;mesa4_restaurant1;restaurant;4;;;mesa_hora;domingo;10:00;23:00;9/4/25;23/4/25;NO;
Providencia;Av Pedro de Valdivia 2100;Providencia;mesa5_restaurant1;restaurant;4;;;mesa_hora;jueves;10:00;23:00;7/1/24;7/3/24;NO;
Providencia;Av Pedro de Valdivia 2100;Providencia;mesa6_restaurant1;restaurant;4;;;mesa_hora;domingo;10:00;23:00;23/2/24;23/5/24;NO;
Providencia;Av Pedro de Valdivia 2100;Providencia;mesa7_restaurant1;restaurant;4;;;mesa_hora;miercoles;10:00;23:00;2024-08;7/9/24;SI;fecha
Providencia;Av Pedro de Valdivia 2100;Providencia;mesa8_restaurant1;restaurant;4;;;mesa_hora;sabado;10:00;23:00;5/10/24;3/1/25;NO;
Providencia;Av Pedro de Valdivia 2100;Providencia;mesa1_restaurant2;restaurant;4;;;mesa_hora;domingo;10:00;23:00;22/5/25;29/5/25;NO;
Providencia;Av Pedro de Valdivia 2100;Providencia;mesa2_restaurant2;restaurant;4;;;mesa_hora;lunes;10:00;23:00;16/3/25;30/3/25;NO;
Providencia;Av Pedro de Valdivia 2100;Providencia;mesa3_restaurant2;restaurant;4;;;mesa_hora;domingo;10:00;23:00;17/5/24;16/7/24;NO;
Providencia;Av Pedro de Valdivia 2100;Providencia;mesa4_restaurant2;restaurant;4;;;mesa_hora;miercoles;10:00;23:00;1/2/25;8/2/25;NO;
Providencia;Av Pedro de Valdivia 2100;Providencia;mesa5_restaurant2;restaurant;4;nueve mil;;mesa_hora;sabado;10:00;23:00;10/4/24;9/7/24;SI;precio
Providencia;Av Pedro de Valdivia 2100;Providencia;mesa6_restaurant2;restaurant;4;;;mesa_hora;jueves;10:00;23:00;23/10/24;30/10/24;NO;
Providencia;Av Pedro de Valdivia 2100;Providencia;mesa7_restaurant2;restaurant;4;;;mesa_hora;martes;10:00;23:00;30/5/25;29/7/25;NO;
Providencia;Av Pedro de Valdivia 2100;Providencia;mesa8_restaurant2;restaurant;4;;;mesa_hora;domingo;10:00;23:00;28/3/24;26/6/24;NO;
Providencia;Av Pedro de Valdivia 2100;Providencia;linea1_piscina1;piscina;1;240000;;linea_hora;viernes;10:00;11:00;2024-07;4/8/24;SI;fecha
Providencia;Av Pedro de Valdivia 2100;Providencia;linea2_piscina1;piscina;1;20000;;linea_hora;lunes;20:00;21:00;12/2/25;13/4/25;NO;
Providencia;Av Pedro de Valdivia 2100;Providencia;linea3_piscina1;piscina;1;210000;;linea_hora;martes;11:00;12:00;19/6/24;3/7/24;NO;
Providencia;Av Pedro de Valdivia 2100;Providencia;linea4_piscina1;piscina;1;220000;;linea_hora;miercoles;21:00;22:00;5/3/25;19/3/25;SI;
Providencia;Av Pedro de Valdivia 2100;Providencia;linea5_piscina1;piscina;1;130000;4;linea_hora;domingo;14:00;15:00;2024-01;3/2/24;SI;fecha
Providencia;Av Pedro de Valdivia 2100;Providencia;linea6_piscina1;piscina;1;250000;51;linea_hora;lunes;17:00;18:00;7/11/25;7/12/25;NO;
Providencia;Av Pedro de Valdivia 2100;Providencia;linea7_piscina1;piscina;1;190000;;linea_hora;jueves;20:00;21:00;29/3/24;28/4/24;NO;
Providencia;Av Pedro de Valdivia 2100;Providencia;linea8_piscina1;piscina;1;200000;;linea_hora;martes;15:00;16:00;28/4/24;12/5/24;NO;
Providencia;Av Pedro de Valdivia 2100;Providencia;linea1_piscina2;piscina;1;200000;45;linea_hora;jueves;11:00;12:00;22/9/25;29/9/25;NO;
Providencia;Av Pedro de Valdivia 2100;Providencia;linea2_piscina2;piscina;1;100000;61;linea_hora;lunes;18:00;19:00;4/11/25;11/11/25;NO;
Providencia;Av Pedro de Valdivia 2100;Providencia;linea3_piscina2;piscina;1;220000;;linea_hora;martes;12:00;13:00;24/3/24;31/3/24;NO;
Providencia;Av Pedro de Valdivia 2100;Providencia;linea4_piscina2;piscina;1;110000;;linea_hora;sabado;16:00;17:00;29/2/24;7/3/24;NO;
Providencia;Av Pedro de Valdivia 2100;Providencia;linea5_piscina2;piscina;1;190000;23;linea_hora;sabado;19:00;20:00;10/4/24;17/4/24;NO;
Providencia;Av Pedro de Valdivia 2100;Providencia;linea6_piscina2;piscina;1;200000;;linea_hora;lunes;14:00;15:00;18/2/25;25/2/25;NO;
Providencia;Av Pedro de Valdivia 2100;Providencia;linea7_piscina2;piscina;1;160000;63;linea_hora;jueves;8:00;8:30;30/8/25;29/9/25;SI;horario
Providencia;Av Pedro de Valdivia 2100;Providencia;linea8_piscina2;piscina;1;130000;39;linea_hora;martes;17:00;18:00;2025-06;13/9/25;SI;fecha
Providencia;Av Pedro de Valdivia 2100;Providencia;SalonEventos1;salon_eventos;64;210000;6;tramo;domingo;20:00;23:59;6/1/25;6/4/25;NO;
Providencia;Av Pedro de Valdivia 2100;Providencia;SalonEventos2;salon_eventos;26;130000;38;tramo;jueves;20:00;23:59;7/3/25;21/3/25;NO;
Providencia;Av Pedro de Valdivia 2100;Providencia;SalonEventos3;salon_eventos;123;90000;;dia;viernes;0:00;23:59;18/1/24;25/1/24;NO;
Providencia;Av Pedro de Valdivia 2100;Providencia;SalonEventos4;salon_eventos;71;100000;47;tramo;lunes;8:00;14:00;9/1/24;16/1/24;NO;
Providencia;Av Pedro de Valdivia 2100;Providencia;Cabana1;cabana;7;230000;21;dia;sabado;0:00;23:59;21/9/25;28/9/25;SI;
Providencia;Av Pedro de Valdivia 2100;Providencia;Cabana2;cabana;7;250000;67;dia;martes;0:00;23:59;4/10/24;18/10/24;NO;
Providencia;Av Pedro de Valdivia 2100;Providencia;Cabana3;cabana;6;210000;;dia;jueves;0:00;23:59;24/2/25;26/3/25;NO;
Providencia;Av Pedro de Valdivia 2100;Providencia;Cabana4;cabana;4;180000;55;dia;jueves;0:00;23:59;15/9/24;15/10/24;NO;
Providencia;Av Pedro de Valdivia 2100;Providencia;Cabana5;cabana;4;200000;44;dia;viernes;0:00;23:59;10/4/25;10/5/25;NO;
Providencia;Av Pedro de Valdivia 2100;Providencia;Cabana6;cabana;7;50000;56;dia;lunes;0:00;23:59;25/11/24;9/12/24;SI;
Providencia;Av Pedro de Valdivia 2100;Providencia;Cabana7;cabana;7;50000;72;dia;miercoles;0:00;23:59;27/6/24;11/7/24;NO;
Providencia;Av Pedro de Valdivia 2100;Providencia;Cabana8;cabana;8;10000;14;dia;domingo;0:00;23:59;16/9/25;15/12/25;SI;horario
Providencia;Av Pedro de Valdivia 2100;Providencia;Cabana9;cabana;6;50000;25;dia;jueves;0:00;23:59;2/7/25;31/8/25;NO;
Providencia;Av Pedro de Valdivia 2100;Providencia;Cabana10;cabana;8;250000;21;dia;jueves;0:00;23:59;6/9/24;20/9/24;NO;
Providencia;Av Pedro de Valdivia 2100;Providencia;Cabana11;cabana;5;10000;4;dia;miercoles;0:00;23:59;25/3/24;1/4/24;NO;
Providencia;Av Pedro de Valdivia 2100;Providencia;Cabana12;cabana;6;120000;23;dia;jueves;0:00;23:59;10/9/25;10/10/25;NO;
Providencia;Av Pedro de Valdivia 2100;Providencia;Cabana13;cabana;5;220000;;dia;jueves;0:00;23:59;17/1/24;17/3/24;NO;
Providencia;Av Pedro de Valdivia 2100;Providencia;Cabana14;cabana;4;20000;;dia;viernes;0:00;23:59;24/2/25;25/5/25;SI;
Providencia;Av Pedro de Valdivia 2100;Providencia;Cabana15;cabana;4;nueve mil;;dia;domingo;0:00;23:59;2025-07;17/7/25;SI;precio/fecha
Providencia;Av Pedro de Valdivia 2100;Providencia;Cabana16;cabana;4;30000;;dia;domingo;0:00;23:59;6/4/24;13/4/24;NO;
Providencia;Av Pedro de Valdivia 2100;Providencia;Cabana17;cabana;6;210000;;dia;sabado;0:00;23:59;15/1/25;15/4/25;NO;
Providencia;Av Pedro de Valdivia 2100;Providencia;Cabana18;cabana;8;150000;;dia;jueves;0:00;23:59;8/2/25;9/5/25;NO;
Providencia;Av Pedro de Valdivia 2100;Providencia;Cabana19;cabana;6;110000;10;dia;lunes;0:00;23:59;5/1/24;5/3/24;NO;
Providencia;Av Pedro de Valdivia 2100;Providencia;Cabana20;cabana;6;250000;26;dia;lunes;0:00;23:59;2025-08;28/9/25;SI;fecha
Providencia;Av Pedro de Valdivia 2100;Providencia;Cancha_tenis_aire_libre;cancha_aire_libre;16;40000;4;hora;martes;21:00;22:00;21/1/25;22/3/25;NO;
Providencia;Av Pedro de Valdivia 2100;Providencia;Cancha_tenis_techada;cancha_techada;21;70000;78;hora;sabado;18:00;19:00;22/1/24;5/2/24;NO;
Providencia;Av Pedro de Valdivia 2100;Providencia;Cancha_basquetbol_aire_libre;cancha_aire_libre;10;250000;;hora;sabado;11:00;12:00;23/7/25;6/8/25;NO;
Providencia;Av Pedro de Valdivia 2100;Providencia;Cancha_basquetbol_techada;cancha_techada;12;130000;60;hora;martes;19:00;20:00;23/1/24;23/3/24;NO;
Providencia;Av Pedro de Valdivia 2100;Providencia;Cancha_futbolito_aire_libre;cancha_aire_libre;13;160000;;hora;jueves;20:00;21:00;6/1/25;7/3/25;NO;
Providencia;Av Pedro de Valdivia 2100;Providencia;Cancha_futbolito_techada;cancha_techada;15;250000;45;hora;miercoles;16:00;17:00;13/11/25;20/11/25;NO;
Providencia;Av Pedro de Valdivia 2100;Providencia;Cancha_padel_aire_libre;cancha_aire_libre;19;50000;;hora;jueves;16:00;17:00;19/9/25;18/12/25;NO;
Providencia;Av Pedro de Valdivia 2100;Providencia;Cancha_padel_techada;cancha_techada;14;nueve mil;23;hora;lunes;16:00;17:00;2024-10;13/10/24;SI;precio/fecha
La Florida;Av. Vicu–a Mackenna 10777;La Florida;mesa1_restaurant1;restaurant;4;;;mesa_hora;domingo;10:00;23:00;7/1/25;14/1/25;NO;
La Florida;Av. Vicu–a Mackenna 10777;La Florida;mesa2_restaurant1;restaurant;4;;;mesa_hora;lunes;10:00;23:00;13/5/24;12/6/24;NO;
La Florida;Av. Vicu–a Mackenna 10777;La Florida;mesa3_restaurant1;restaurant;4;;;mesa_hora;domingo;10:00;23:00;22/2/25;23/5/25;NO;
La Florida;Av. Vicu–a Mackenna 10777;La Florida;mesa4_restaurant1;restaurant;4;;;mesa_hora;domingo;10:00;23:00;26/5/25;24/8/25;SI;horario
La Florida;Av. Vicu–a Mackenna 10777;La Florida;mesa5_restaurant1;restaurant;4;;;mesa_hora;jueves;10:00;23:00;10/7/25;9/8/25;NO;
La Florida;Av. Vicu–a Mackenna 10777;La Florida;mesa6_restaurant1;restaurant;4;;;mesa_hora;domingo;10:00;23:00;24/1/24;23/4/24;NO;
La Florida;Av. Vicu–a Mackenna 10777;La Florida;mesa7_restaurant1;restaurant;4;;;mesa_hora;domingo;10:00;23:00;30/5/25;28/8/25;SI;
La Florida;Av. Vicu–a Mackenna 10777;La Florida;mesa8_restaurant1;restaurant;4;;;mesa_hora;sabado;10:00;23:00;27/8/25;26/9/25;NO;
La Florida;Av. Vicu–a Mackenna 10777;La Florida;mesa1_restaurant2;restaurant;4;;;mesa_hora;lunes;10:00;23:00;3/2/24;3/4/24;NO;
La Florida;Av. Vicu–a Mackenna 10777;La Florida;mesa2_restaurant2;restaurant;4;;;mesa_hora;sabado;10:00;23:00;2/7/24;1/8/24;NO;
La Florida;Av. Vicu–a Mackenna 10777;La Florida;mesa3_restaurant2;restaurant;4;;;mesa_hora;lunes;10:00;23:00;15/4/24;22/4/24;NO;
La Florida;Av. Vicu–a Mackenna 10777;La Florida;mesa4_restaurant2;restaurant;4;;;mesa_hora;miercoles;10:00;23:00;25/5/24;24/6/24;NO;
La Florida;Av. Vicu–a Mackenna 10777;La Florida;mesa5_restaurant2;restaurant;4;;;mesa_hora;martes;10:00;23:00;6/6/24;13/6/24;SI;
La Florida;Av. Vicu–a Mackenna 10777;La Florida;mesa6_restaurant2;restaurant;4;;;mesa_hora;miercoles;10:00;23:00;3/12/24;17/12/24;NO;
La Florida;Av. Vicu–a Mackenna 10777;La Florida;mesa7_restaurant2;restaurant;4;;;mesa_hora;martes;10:00;23:00;11/11/24;18/11/24;NO;
La Florida;Av. Vicu–a Mackenna 10777;La Florida;mesa8_restaurant2;restaurant;4;;;mesa_hora;lunes;10:00;23:00;18/9/24;17/11/24;NO;
La Florida;Av. Vicu–a Mackenna 10777;La Florida;linea1_piscina1;piscina;1;110000;59;linea_hora;lunes;22:00;23:00;11/2/24;25/2/24;SI;
La Florida;Av. Vicu–a Mackenna 10777;La Florida;linea2_piscina1;piscina;1;150000;2;linea_hora;miercoles;14:00;15:00;14/6/24;13/8/24;NO;
La Florida;Av. Vicu–a Mackenna 10777;La Florida;linea3_piscina1;piscina;1;nueve mil;56;linea_hora;viernes;16:00;17:00;2024-01;22/3/24;SI;precio/fecha
La Florida;Av. Vicu–a Mackenna 10777;La Florida;linea4_piscina1;piscina;1;170000;71;linea_hora;sabado;20:00;21:00;4/5/24;11/5/24;NO;
La Florida;Av. Vicu–a Mackenna 10777;La Florida;linea5_piscina1;piscina;1;100000;8;linea_hora;sabado;11:00;12:00;1/10/25;30/11/25;NO;
La Florida;Av. Vicu–a Mackenna 10777;La Florida;linea6_piscina1;piscina;1;140000;7;linea_hora;miercoles;14:00;15:00;2025-11;3/12/25;SI;fecha
La Florida;Av. Vicu–a Mackenna 10777;La Florida;linea7_piscina1;piscina;1;10000;;linea_hora;martes;13:00;14:00;26/7/24;2/8/24;NO;
La Florida;Av. Vicu–a Mackenna 10777;La Florida;linea8_piscina1;piscina;1;80000;67;linea_hora;lunes;15:00;16:00;12/12/24;12/3/25;NO;
La Florida;Av. Vicu–a Mackenna 10777;La Florida;linea1_piscina2;piscina;1;20000;;linea_hora;martes;10:00;11:00;19/6/24;17/9/24;NO;
La Florida;Av. Vicu–a Mackenna 10777;La Florida;linea2_piscina2;piscina;1;130000;15;linea_hora;martes;18:00;19:00;2024-06;5/9/24;SI;fecha
La Florida;Av. Vicu–a Mackenna 10777;La Florida;linea3_piscina2;piscina;1;140000;;linea_hora;jueves;12:00;13:00;28/3/25;27/5/25;SI;
La Florida;Av. Vicu–a Mackenna 10777;La Florida;linea4_piscina2;piscina;1;140000;1;linea_hora;viernes;10:00;11:00;19/3/25;17/6/25;NO;
La Florida;Av. Vicu–a Mackenna 10777;La Florida;linea5_piscina2;piscina;1;40000;;linea_hora;miercoles;15:00;16:00;22/6/25;21/8/25;NO;
La Florida;Av. Vicu–a Mackenna 10777;La Florida;linea6_piscina2;piscina;1;140000;24;linea_hora;martes;20:00;21:00;16/2/25;17/5/25;NO;
La Florida;Av. Vicu–a Mackenna 10777;La Florida;linea7_piscina2;piscina;1;40000;;linea_hora;martes;11:00;12:00;3/10/24;10/10/24;NO;
La Florida;Av. Vicu–a Mackenna 10777;La Florida;linea8_piscina2;piscina;1;30000;0;linea_hora;domingo;12:00;13:00;10/3/24;9/5/24;NO;
La Florida;Av. Vicu–a Mackenna 10777;La Florida;SalonEventos1;salon_eventos;28;40000;12;tramo;domingo;14:00;20:00;15/5/24;13/8/24;NO;
La Florida;Av. Vicu–a Mackenna 10777;La Florida;SalonEventos2;salon_eventos;27;150000;53;tramo;domingo;14:00;20:00;3/5/25;10/5/25;NO;
La Florida;Av. Vicu–a Mackenna 10777;La Florida;SalonEventos3;salon_eventos;146;240000;;dia;domingo;8:00;8:30;14/7/25;21/7/25;SI;horario
La Florida;Av. Vicu–a Mackenna 10777;La Florida;SalonEventos4;salon_eventos;127;30000;;tramo;sabado;20:00;23:59;10/6/25;24/6/25;NO;
La Florida;Av. Vicu–a Mackenna 10777;La Florida;Cabana1;cabana;8;140000;46;dia;viernes;0:00;23:59;27/6/24;25/9/24;NO;
La Florida;Av. Vicu–a Mackenna 10777;La Florida;Cabana2;cabana;7;170000;;dia;viernes;0:00;23:59;21/8/24;4/9/24;SI;horario
La Florida;Av. Vicu–a Mackenna 10777;La Florida;Cabana3;cabana;8;60000;;dia;domingo;0:00;23:59;12/6/25;26/6/25;NO;
La Florida;Av. Vicu–a Mackenna 10777;La Florida;Cabana4;cabana;6;170000;52;dia;sabado;0:00;23:59;31/7/25;7/8/25;NO;
La Florida;Av. Vicu–a Mackenna 10777;La Florida;Cabana5;cabana;6;130000;44;dia;jueves;0:00;23:59;27/4/25;11/5/25;NO;
La Florida;Av. Vicu–a Mackenna 10777;La Florida;Cabana6;cabana;6;100000;32;dia;viernes;0:00;23:59;26/4/24;25/7/24;NO;
La Florida;Av. Vicu–a Mackenna 10777;La Florida;Cabana7;cabana;5;190000;;dia;jueves;0:00;23:59;4/6/25;4/7/25;NO;
La Florida;Av. Vicu–a Mackenna 10777;La Florida;Cabana8;cabana;4;nueve mil;77;dia;viernes;0:00;23:59;2024-04;7/5/24;SI;precio/fecha
La Florida;Av. Vicu–a Mackenna 10777;La Florida;Cabana9;cabana;5;40000;4;dia;martes;0:00;23:59;18/7/24;16/10/24;NO;
La Florida;Av. Vicu–a Mackenna 10777;La Florida;Cabana10;cabana;8;230000;;dia;viernes;0:00;23:59;10/9/24;17/9/24;NO;
La Florida;Av. Vicu–a Mackenna 10777;La Florida;Cabana11;cabana;5;180000;17;dia;miercoles;0:00;23:59;28/8/24;4/9/24;NO;
La Florida;Av. Vicu–a Mackenna 10777;La Florida;Cabana12;cabana;5;160000;27;dia;martes;0:00;23:59;30/6/24;14/7/24;NO;
La Florida;Av. Vicu–a Mackenna 10777;La Florida;Cabana13;cabana;7;220000;5;dia;miercoles;0:00;23:59;13/1/25;14/3/25;NO;
La Florida;Av. Vicu–a Mackenna 10777;La Florida;Cabana14;cabana;5;40000;43;dia;viernes;0:00;23:59;19/1/25;18/2/25;NO;
La Florida;Av. Vicu–a Mackenna 10777;La Florida;Cabana15;cabana;4;170000;12;dia;viernes;0:00;23:59;24/7/25;7/8/25;NO;
La Florida;Av. Vicu–a Mackenna 10777;La Florida;Cabana16;cabana;5;10000;;dia;jueves;0:00;23:59;12/8/25;11/9/25;NO;
La Florida;Av. Vicu–a Mackenna 10777;La Florida;Cabana17;cabana;4;240000;44;dia;sabado;0:00;23:59;11/4/25;10/6/25;NO;
La Florida;Av. Vicu–a Mackenna 10777;La Florida;Cabana18;cabana;8;240000;14;dia;lunes;0:00;23:59;22/2/25;24/3/25;NO;
La Florida;Av. Vicu–a Mackenna 10777;La Florida;Cabana19;cabana;6;180000;15;dia;viernes;0:00;23:59;21/1/24;4/2/24;SI;horario
La Florida;Av. Vicu–a Mackenna 10777;La Florida;Cabana20;cabana;6;80000;60;dia;sabado;0:00;23:59;1/8/24;8/8/24;NO;
La Florida;Av. Vicu–a Mackenna 10777;La Florida;Cancha_tenis_aire_libre;cancha_aire_libre;14;220000;77;hora;miercoles;11:00;12:00;1/2/24;8/2/24;NO;
La Florida;Av. Vicu–a Mackenna 10777;La Florida;Cancha_tenis_techada;cancha_techada;13;120000;;hora;sabado;19:00;20:00;1/12/24;1/3/25;NO;
La Florida;Av. Vicu–a Mackenna 10777;La Florida;Cancha_basquetbol_aire_libre;cancha_aire_libre;19;250000;65;hora;martes;20:00;21:00;15/2/24;15/4/24;NO;
La Florida;Av. Vicu–a Mackenna 10777;La Florida;Cancha_basquetbol_techada;cancha_techada;20;210000;;hora;lunes;17:00;18:00;10/10/24;9/11/24;NO;
La Florida;Av. Vicu–a Mackenna 10777;La Florida;Cancha_futbolito_aire_libre;cancha_aire_libre;17;60000;3;hora;domingo;8:00;8:30;28/7/24;4/8/24;SI;horario
La Florida;Av. Vicu–a Mackenna 10777;La Florida;Cancha_futbolito_techada;cancha_techada;22;240000;;hora;sabado;17:00;18:00;30/7/24;29/8/24;NO;
La Florida;Av. Vicu–a Mackenna 10777;La Florida;Cancha_padel_aire_libre;cancha_aire_libre;21;230000;;hora;miercoles;16:00;17:00;26/5/24;2/6/24;NO;
La Florida;Av. Vicu–a Mackenna 10777;La Florida;Cancha_padel_techada;cancha_techada;14;250000;69;hora;miercoles;10:00;11:00;3/1/25;3/4/25;NO;
Santa Cruz;Ramon Sanfurgo 800;Santa Cruz;mesa1_restaurant1;restaurant;4;;;mesa_hora;domingo;10:00;23:00;20/3/25;27/3/25;NO;
Santa Cruz;Ramon Sanfurgo 800;Santa Cruz;mesa2_restaurant1;restaurant;4;;;mesa_hora;miercoles;10:00;23:00;26/5/25;2/6/25;NO;
Santa Cruz;Ramon Sanfurgo 800;Santa Cruz;mesa3_restaurant1;restaurant;4;;;mesa_hora;jueves;10:00;23:00;30/10/24;6/11/24;NO;
Santa Cruz;Ramon Sanfurgo 800;Santa Cruz;mesa4_restaurant1;restaurant;4;;;mesa_hora;miercoles;10:00;23:00;1/2/24;8/2/24;NO;
Santa Cruz;Ramon Sanfurgo 800;Santa Cruz;mesa5_restaurant1;restaurant;4;;;mesa_hora;miercoles;10:00;23:00;15/3/25;13/6/25;NO;
Santa Cruz;Ramon Sanfurgo 800;Santa Cruz;mesa6_restaurant1;restaurant;4;;;mesa_hora;lunes;10:00;23:00;7/9/24;6/12/24;NO;
Santa Cruz;Ramon Sanfurgo 800;Santa Cruz;mesa7_restaurant1;restaurant;4;;;mesa_hora;jueves;10:00;23:00;6/9/25;5/11/25;NO;
Santa Cruz;Ramon Sanfurgo 800;Santa Cruz;mesa8_restaurant1;restaurant;4;;;mesa_hora;lunes;10:00;23:00;27/10/25;25/1/26;NO;
Santa Cruz;Ramon Sanfurgo 800;Santa Cruz;mesa1_restaurant2;restaurant;4;;;mesa_hora;miercoles;10:00;23:00;1/8/25;30/10/25;NO;
Santa Cruz;Ramon Sanfurgo 800;Santa Cruz;mesa2_restaurant2;restaurant;4;;;mesa_hora;martes;10:00;23:00;23/2/24;1/3/24;SI;horario
Santa Cruz;Ramon Sanfurgo 800;Santa Cruz;mesa3_restaurant2;restaurant;4;nueve mil;;mesa_hora;sabado;10:00;23:00;2024-01;24/2/24;SI;precio/fecha
Santa Cruz;Ramon Sanfurgo 800;Santa Cruz;mesa4_restaurant2;restaurant;4;;;mesa_hora;domingo;10:00;23:00;27/8/25;26/10/25;NO;
Santa Cruz;Ramon Sanfurgo 800;Santa Cruz;mesa5_restaurant2;restaurant;4;;;mesa_hora;sabado;10:00;23:00;23/5/24;22/7/24;NO;
Santa Cruz;Ramon Sanfurgo 800;Santa Cruz;mesa6_restaurant2;restaurant;4;;;mesa_hora;viernes;10:00;23:00;7/11/24;14/11/24;NO;
Santa Cruz;Ramon Sanfurgo 800;Santa Cruz;mesa7_restaurant2;restaurant;4;;;mesa_hora;jueves;10:00;23:00;1/4/25;15/4/25;NO;
Santa Cruz;Ramon Sanfurgo 800;Santa Cruz;mesa8_restaurant2;restaurant;4;;;mesa_hora;sabado;10:00;23:00;31/12/24;30/1/25;NO;
Santa Cruz;Ramon Sanfurgo 800;Santa Cruz;linea1_piscina1;piscina;1;20000;42;linea_hora;sabado;19:00;20:00;21/7/25;28/7/25;NO;
Santa Cruz;Ramon Sanfurgo 800;Santa Cruz;linea2_piscina1;piscina;1;160000;;linea_hora;jueves;8:00;9:00;2025-11;12/1/26;SI;fecha
Santa Cruz;Ramon Sanfurgo 800;Santa Cruz;linea3_piscina1;piscina;1;40000;22;linea_hora;domingo;14:00;15:00;28/12/24;28/3/25;NO;
Santa Cruz;Ramon Sanfurgo 800;Santa Cruz;linea4_piscina1;piscina;1;150000;46;linea_hora;jueves;8:00;9:00;25/5/25;24/6/25;NO;
Santa Cruz;Ramon Sanfurgo 800;Santa Cruz;linea5_piscina1;piscina;1;60000;63;linea_hora;martes;12:00;13:00;9/3/25;8/5/25;NO;
Santa Cruz;Ramon Sanfurgo 800;Santa Cruz;linea6_piscina1;piscina;1;170000;;linea_hora;miercoles;21:00;22:00;16/1/25;15/2/25;NO;
Santa Cruz;Ramon Sanfurgo 800;Santa Cruz;linea7_piscina1;piscina;1;70000;12;linea_hora;domingo;18:00;19:00;24/2/25;25/5/25;NO;
Santa Cruz;Ramon Sanfurgo 800;Santa Cruz;linea8_piscina1;piscina;1;110000;;linea_hora;martes;19:00;20:00;23/1/24;23/3/24;SI;
Santa Cruz;Ramon Sanfurgo 800;Santa Cruz;linea1_piscina2;piscina;1;190000;4;linea_hora;sabado;20:00;21:00;28/4/25;27/6/25;NO;
Santa Cruz;Ramon Sanfurgo 800;Santa Cruz;linea2_piscina2;piscina;1;10000;6;linea_hora;sabado;12:00;13:00;29/10/25;28/12/25;NO;
Santa Cruz;Ramon Sanfurgo 800;Santa Cruz;linea3_piscina2;piscina;1;250000;59;linea_hora;domingo;12:00;13:00;16/2/24;16/5/24;NO;
Santa Cruz;Ramon Sanfurgo 800;Santa Cruz;linea4_piscina2;piscina;1;nueve mil;36;linea_hora;domingo;11:00;12:00;2024-06;30/7/24;SI;precio/fecha
Santa Cruz;Ramon Sanfurgo 800;Santa Cruz;linea5_piscina2;piscina;1;200000;5;linea_hora;viernes;12:00;13:00;29/3/24;28/4/24;NO;
Santa Cruz;Ramon Sanfurgo 800;Santa Cruz;linea6_piscina2;piscina;1;60000;;linea_hora;sabado;12:00;13:00;1/2/24;1/4/24;NO;
Santa Cruz;Ramon Sanfurgo 800;Santa Cruz;linea7_piscina2;piscina;1;140000;33;linea_hora;lunes;20:00;21:00;16/5/25;23/5/25;NO;
Santa Cruz;Ramon Sanfurgo 800;Santa Cruz;linea8_piscina2;piscina;1;190000;68;linea_hora;lunes;17:00;18:00;21/12/24;4/1/25;NO;
Santa Cruz;Ramon Sanfurgo 800;Santa Cruz;SalonEventos1;salon_eventos;20;20000;43;dia;domingo;0:00;23:59;17/4/25;24/4/25;NO;
Santa Cruz;Ramon Sanfurgo 800;Santa Cruz;SalonEventos2;salon_eventos;100;80000;;tramo;martes;20:00;23:59;2024-10;8/12/24;SI;fecha
Santa Cruz;Ramon Sanfurgo 800;Santa Cruz;SalonEventos3;salon_eventos;111;140000;70;tramo;viernes;14:00;20:00;12/6/24;11/8/24;SI;
Santa Cruz;Ramon Sanfurgo 800;Santa Cruz;SalonEventos4;salon_eventos;43;140000;2;tramo;miercoles;14:00;20:00;5/3/25;12/3/25;NO;
Santa Cruz;Ramon Sanfurgo 800;Santa Cruz;Cabana1;cabana;8;120000;8;dia;martes;0:00;23:59;12/7/24;10/9/24;NO;
Santa Cruz;Ramon Sanfurgo 800;Santa Cruz;Cabana2;cabana;6;80000;19;dia;domingo;0:00;23:59;18/7/24;17/8/24;NO;
Santa Cruz;Ramon Sanfurgo 800;Santa Cruz;Cabana3;cabana;5;180000;8;dia;martes;0:00;23:59;15/2/24;15/5/24;NO;
Santa Cruz;Ramon Sanfurgo 800;Santa Cruz;Cabana4;cabana;8;20000;67;dia;martes;0:00;23:59;16/5/24;15/7/24;NO;
Santa Cruz;Ramon Sanfurgo 800;Santa Cruz;Cabana5;cabana;4;250000;16;dia;sabado;0:00;23:59;27/7/25;26/8/25;NO;
Santa Cruz;Ramon Sanfurgo 800;Santa Cruz;Cabana6;cabana;8;190000;53;dia;sabado;0:00;23:59;6/1/25;13/1/25;NO;
Santa Cruz;Ramon Sanfurgo 800;Santa Cruz;Cabana7;cabana;8;160000;29;dia;martes;0:00;23:59;19/6/25;3/7/25;NO;
Santa Cruz;Ramon Sanfurgo 800;Santa Cruz;Cabana8;cabana;6;200000;;dia;lunes;0:00;23:59;2/5/25;31/7/25;NO;
Santa Cruz;Ramon Sanfurgo 800;Santa Cruz;Cabana9;cabana;4;220000;52;dia;jueves;0:00;23:59;13/8/24;27/8/24;NO;
Santa Cruz;Ramon Sanfurgo 800;Santa Cruz;Cabana10;cabana;4;180000;23;dia;lunes;0:00;23:59;16/6/24;16/7/24;NO;
Santa Cruz;Ramon Sanfurgo 800;Santa Cruz;Cabana11;cabana;8;160000;17;dia;domingo;0:00;23:59;22/2/24;7/3/24;NO;
Santa Cruz;Ramon Sanfurgo 800;Santa Cruz;Cabana12;cabana;8;70000;8;dia;sabado;0:00;23:59;7/6/25;7/7/25;NO;
Santa Cruz;Ramon Sanfurgo 800;Santa Cruz;Cabana13;cabana;6;140000;41;dia;domingo;0:00;23:59;2/6/25;16/6/25;NO;
Santa Cruz;Ramon Sanfurgo 800;Santa Cruz;Cabana14;cabana;7;20000;13;dia;miercoles;0:00;23:59;2/4/25;16/4/25;NO;
Santa Cruz;Ramon Sanfurgo 800;Santa Cruz;Cabana15;cabana;8;190000;40;dia;jueves;0:00;23:59;5/11/24;3/2/25;NO;
Santa Cruz;Ramon Sanfurgo 800;Santa Cruz;Cabana16;cabana;6;10000;77;dia;sabado;0:00;23:59;16/4/25;15/7/25;NO;
Santa Cruz;Ramon Sanfurgo 800;Santa Cruz;Cabana17;cabana;8;190000;3;dia;viernes;0:00;23:59;2/10/25;31/12/25;SI;
Santa Cruz;Ramon Sanfurgo 800;Santa Cruz;Cabana18;cabana;8;160000;;dia;martes;0:00;23:59;22/9/25;21/12/25;NO;
Santa Cruz;Ramon Sanfurgo 800;Santa Cruz;Cabana19;cabana;4;160000;;dia;miercoles;0:00;23:59;21/4/24;20/7/24;NO;
Santa Cruz;Ramon Sanfurgo 800;Santa Cruz;Cabana20;cabana;7;80000;49;dia;domingo;0:00;23:59;3/8/24;10/8/24;NO;
Santa Cruz;Ramon Sanfurgo 800;Santa Cruz;Cancha_tenis_aire_libre;cancha_aire_libre;21;180000;54;hora;domingo;18:00;19:00;29/12/24;29/3/25;NO;
Santa Cruz;Ramon Sanfurgo 800;Santa Cruz;Cancha_tenis_techada;cancha_techada;17;110000;;hora;sabado;12:00;13:00;22/3/25;20/6/25;NO;
Santa Cruz;Ramon Sanfurgo 800;Santa Cruz;Cancha_basquetbol_aire_libre;cancha_aire_libre;19;170000;;hora;jueves;10:00;11:00;1/10/24;31/10/24;NO;
Santa Cruz;Ramon Sanfurgo 800;Santa Cruz;Cancha_basquetbol_techada;cancha_techada;13;190000;23;hora;lunes;17:00;18:00;21/10/24;20/11/24;NO;
Santa Cruz;Ramon Sanfurgo 800;Santa Cruz;Cancha_futbolito_aire_libre;cancha_aire_libre;22;40000;;hora;sabado;8:00;9:00;29/8/25;12/9/25;NO;
Santa Cruz;Ramon Sanfurgo 800;Santa Cruz;Cancha_futbolito_techada;cancha_techada;22;190000;34;hora;jueves;17:00;18:00;26/9/25;25/11/25;NO;
Santa Cruz;Ramon Sanfurgo 800;Santa Cruz;Cancha_padel_aire_libre;cancha_aire_libre;11;240000;;hora;miercoles;18:00;19:00;16/10/24;14/1/25;NO;
Santa Cruz;Ramon Sanfurgo 800;Santa Cruz;Cancha_padel_techada;cancha_techada;10;230000;;hora;lunes;11:00;12:00;21/8/24;20/9/24;NO;
Santiago Centro;Av Alameda 900;Santiago;mesa1_restaurant1;restaurant;4;;;mesa_hora;martes;10:00;23:00;20/1/24;19/4/24;NO;
Santiago Centro;Av Alameda 900;Santiago;mesa2_restaurant1;restaurant;4;;;mesa_hora;miercoles;10:00;23:00;17/10/24;16/12/24;NO;
Santiago Centro;Av Alameda 900;Santiago;mesa3_restaurant1;restaurant;4;;;mesa_hora;domingo;10:00;23:00;1/3/24;30/4/24;NO;
Santiago Centro;Av Alameda 900;Santiago;mesa4_restaurant1;restaurant;4;;;mesa_hora;sabado;10:00;23:00;20/8/25;19/9/25;NO;
Santiago Centro;Av Alameda 900;Santiago;mesa5_restaurant1;restaurant;4;;;mesa_hora;sabado;10:00;23:00;17/11/25;17/12/25;NO;
Santiago Centro;Av Alameda 900;Santiago;mesa6_restaurant1;restaurant;4;;;mesa_hora;viernes;10:00;23:00;16/11/25;16/12/25;NO;
Santiago Centro;Av Alameda 900;Santiago;mesa7_restaurant1;restaurant;4;;;mesa_hora;martes;10:00;23:00;5/10/25;4/11/25;NO;
Santiago Centro;Av Alameda 900;Santiago;mesa8_restaurant1;restaurant;4;;;mesa_hora;sabado;10:00;23:00;8/5/24;7/6/24;NO;
Santiago Centro;Av Alameda 900;Santiago;mesa1_restaurant2;restaurant;4;;;mesa_hora;viernes;10:00;23:00;23/4/24;22/6/24;SI;
Santiago Centro;Av Alameda 900;Santiago;mesa2_restaurant2;restaurant;4;;;mesa_hora;domingo;10:00;23:00;11/3/24;25/3/24;NO;
Santiago Centro;Av Alameda 900;Santiago;mesa3_restaurant2;restaurant;4;;;mesa_hora;miercoles;10:00;23:00;17/1/24;31/1/24;NO;
Santiago Centro;Av Alameda 900;Santiago;mesa4_restaurant2;restaurant;4;;;mesa_hora;lunes;10:00;23:00;4/12/24;3/1/25;NO;
Santiago Centro;Av Alameda 900;Santiago;mesa5_restaurant2;restaurant;4;;;mesa_hora;miercoles;10:00;23:00;9/3/24;7/6/24;NO;
Santiago Centro;Av Alameda 900;Santiago;mesa6_restaurant2;restaurant;4;;;mesa_hora;jueves;10:00;23:00;16/7/24;14/9/24;NO;
Santiago Centro;Av Alameda 900;Santiago;mesa7_restaurant2;restaurant;4;;;mesa_hora;viernes;10:00;23:00;10/7/25;24/7/25;NO;
Santiago Centro;Av Alameda 900;Santiago;mesa8_restaurant2;restaurant;4;;;mesa_hora;martes;10:00;23:00;2/8/24;31/10/24;NO;
Santiago Centro;Av Alameda 900;Santiago;linea1_piscina1;piscina;1;180000;25;linea_hora;jueves;17:00;18:00;9/9/25;8/12/25;NO;
Santiago Centro;Av Alameda 900;Santiago;linea2_piscina1;piscina;1;80000;23;linea_hora;viernes;17:00;18:00;4/6/24;2/9/24;NO;
Santiago Centro;Av Alameda 900;Santiago;linea3_piscina1;piscina;1;30000;21;linea_hora;lunes;14:00;15:00;22/10/24;21/11/24;NO;
Santiago Centro;Av Alameda 900;Santiago;linea4_piscina1;piscina;1;90000;;linea_hora;martes;20:00;21:00;19/2/25;20/4/25;NO;
Santiago Centro;Av Alameda 900;Santiago;linea5_piscina1;piscina;1;180000;;linea_hora;domingo;19:00;20:00;16/5/24;30/5/24;NO;
Santiago Centro;Av Alameda 900;Santiago;linea6_piscina1;piscina;1;30000;;linea_hora;jueves;11:00;12:00;2024-01;30/1/24;SI;fecha
Santiago Centro;Av Alameda 900;Santiago;linea7_piscina1;piscina;1;110000;;linea_hora;jueves;9:00;10:00;16/8/24;30/8/24;NO;
Santiago Centro;Av Alameda 900;Santiago;linea8_piscina1;piscina;1;170000;62;linea_hora;sabado;11:00;12:00;21/4/24;21/5/24;NO;
Santiago Centro;Av Alameda 900;Santiago;linea1_piscina2;piscina;1;100000;;linea_hora;viernes;18:00;19:00;13/3/25;11/6/25;NO;
Santiago Centro;Av Alameda 900;Santiago;linea2_piscina2;piscina;1;230000;4;linea_hora;jueves;9:00;10:00;27/10/24;26/12/24;SI;
Santiago Centro;Av Alameda 900;Santiago;linea3_piscina2;piscina;1;180000;20;linea_hora;sabado;9:00;10:00;7/4/24;7/5/24;NO;
Santiago Centro;Av Alameda 900;Santiago;linea4_piscina2;piscina;1;150000;;linea_hora;viernes;11:00;12:00;25/4/25;9/5/25;NO;
Santiago Centro;Av Alameda 900;Santiago;linea5_piscina2;piscina;1;240000;;linea_hora;lunes;14:00;15:00;15/10/24;13/1/25;NO;
Santiago Centro;Av Alameda 900;Santiago;linea6_piscina2;piscina;1;150000;78;linea_hora;sabado;8:00;9:00;31/3/24;30/4/24;NO;
Santiago Centro;Av Alameda 900;Santiago;linea7_piscina2;piscina;1;120000;63;linea_hora;jueves;8:00;9:00;15/5/24;13/8/24;NO;
Santiago Centro;Av Alameda 900;Santiago;linea8_piscina2;piscina;1;80000;;linea_hora;jueves;17:00;18:00;8/5/25;22/5/25;NO;
Santiago Centro;Av Alameda 900;Santiago;SalonEventos1;salon_eventos;91;70000;49;tramo;domingo;20:00;23:59;5/2/24;5/5/24;NO;
Santiago Centro;Av Alameda 900;Santiago;SalonEventos2;salon_eventos;188;210000;5;dia;martes;0:00;23:59;10/1/24;24/1/24;NO;
Santiago Centro;Av Alameda 900;Santiago;SalonEventos3;salon_eventos;50;60000;;dia;domingo;0:00;23:59;26/1/24;26/3/24;NO;
Santiago Centro;Av Alameda 900;Santiago;SalonEventos4;salon_eventos;153;10000;13;tramo;sabado;20:00;23:59;3/10/24;2/12/24;NO;
Santiago Centro;Av Alameda 900;Santiago;Cabana1;cabana;5;160000;58;dia;domingo;0:00;23:59;17/12/24;31/12/24;SI;
Santiago Centro;Av Alameda 900;Santiago;Cabana2;cabana;8;170000;;dia;viernes;0:00;23:59;28/1/25;28/4/25;SI;horario
Santiago Centro;Av Alameda 900;Santiago;Cabana3;cabana;5;220000;;dia;miercoles;0:00;23:59;14/10/25;13/12/25;NO;
Santiago Centro;Av Alameda 900;Santiago;Cabana4;cabana;4;200000;0;dia;miercoles;0:00;23:59;2024-12;15/12/24;SI;fecha
Santiago Centro;Av Alameda 900;Santiago;Cabana5;cabana;7;150000;73;dia;viernes;0:00;23:59;19/1/25;2/2/25;NO;
Santiago Centro;Av Alameda 900;Santiago;Cabana6;cabana;5;230000;;dia;miercoles;0:00;23:59;22/11/25;22/12/25;NO;
Santiago Centro;Av Alameda 900;Santiago;Cabana7;cabana;8;160000;74;dia;domingo;0:00;23:59;2/4/25;2/5/25;NO;
Santiago Centro;Av Alameda 900;Santiago;Cabana8;cabana;5;180000;12;dia;jueves;0:00;23:59;16/4/25;15/7/25;NO;
Santiago Centro;Av Alameda 900;Santiago;Cabana9;cabana;5;190000;;dia;domingo;0:00;23:59;25/11/25;24/1/26;NO;
Santiago Centro;Av Alameda 900;Santiago;Cabana10;cabana;4;240000;22;dia;martes;0:00;23:59;22/1/24;21/2/24;SI;
Santiago Centro;Av Alameda 900;Santiago;Cabana11;cabana;6;220000;;dia;lunes;0:00;23:59;21/10/25;20/11/25;NO;
Santiago Centro;Av Alameda 900;Santiago;Cabana12;cabana;5;170000;80;dia;sabado;0:00;23:59;12/3/24;11/4/24;NO;
Santiago Centro;Av Alameda 900;Santiago;Cabana13;cabana;5;100000;7;dia;miercoles;0:00;23:59;14/11/24;14/12/24;NO;
Santiago Centro;Av Alameda 900;Santiago;Cabana14;cabana;4;60000;5;dia;viernes;0:00;23:59;5/6/24;5/7/24;NO;
Santiago Centro;Av Alameda 900;Santiago;Cabana15;cabana;4;nueve mil;;dia;lunes;0:00;23:59;2025-09;1/10/25;SI;precio/fecha
Santiago Centro;Av Alameda 900;Santiago;Cabana16;cabana;7;10000;76;dia;viernes;0:00;23:59;24/1/25;25/3/25;NO;
Santiago Centro;Av Alameda 900;Santiago;Cabana17;cabana;7;160000;;dia;domingo;0:00;23:59;2025-04;7/5/25;SI;fecha
Santiago Centro;Av Alameda 900;Santiago;Cabana18;cabana;4;240000;23;dia;domingo;0:00;23:59;8/8/25;7/9/25;NO;
Santiago Centro;Av Alameda 900;Santiago;Cabana19;cabana;4;nueve mil;66;dia;sabado;0:00;23:59;28/9/24;27/12/24;SI;precio
Santiago Centro;Av Alameda 900;Santiago;Cabana20;cabana;7;30000;31;dia;martes;0:00;23:59;22/6/24;20/9/24;NO;
Santiago Centro;Av Alameda 900;Santiago;Cancha_tenis_aire_libre;cancha_aire_libre;19;220000;46;hora;lunes;15:00;16:00;17/10/24;31/10/24;NO;
Santiago Centro;Av Alameda 900;Santiago;Cancha_tenis_techada;cancha_techada;16;80000;50;hora;martes;11:00;12:00;7/10/24;21/10/24;NO;
Santiago Centro;Av Alameda 900;Santiago;Cancha_basquetbol_aire_libre;cancha_aire_libre;12;100000;17;hora;domingo;15:00;16:00;16/3/25;14/6/25;NO;
Santiago Centro;Av Alameda 900;Santiago;Cancha_basquetbol_techada;cancha_techada;22;110000;78;hora;viernes;11:00;12:00;4/7/25;2/10/25;NO;
Santiago Centro;Av Alameda 900;Santiago;Cancha_futbolito_aire_libre;cancha_aire_libre;20;240000;;hora;jueves;20:00;21:00;23/12/24;23/3/25;NO;
Santiago Centro;Av Alameda 900;Santiago;Cancha_futbolito_techada;cancha_techada;14;100000;80;hora;domingo;13:00;14:00;31/1/25;1/4/25;NO;
Santiago Centro;Av Alameda 900;Santiago;Cancha_padel_aire_libre;cancha_aire_libre;20;30000;41;hora;viernes;22:00;23:00;18/4/25;25/4/25;NO;
Santiago Centro;Av Alameda 900;Santiago;Cancha_padel_techada;cancha_techada;17;100000;62;hora;jueves;19:00;20:00;6/5/25;5/7/25;NO;
Providencia;Av Pedro de Valdivia 2100;Providencia;mesa1_restaurant1;restaurant;4;;;mesa_hora;lunes;10:00;23:00;2/2/25;4/3/25;NO;
Providencia;Av Pedro de Valdivia 2100;Providencia;mesa2_restaurant1;restaurant;4;;;mesa_hora;martes;10:00;23:00;4/5/24;18/5/24;NO;
Providencia;Av Pedro de Valdivia 2100;Providencia;mesa3_restaurant1;restaurant;4;;;mesa_hora;martes;10:00;23:00;2025-07;31/7/25;SI;fecha
Providencia;Av Pedro de Valdivia 2100;Providencia;mesa4_restaurant1;restaurant;4;;;mesa_hora;viernes;10:00;23:00;6/9/24;6/10/24;NO;
Providencia;Av Pedro de Valdivia 2100;Providencia;mesa5_restaurant1;restaurant;4;;;mesa_hora;viernes;10:00;23:00;19/5/24;26/5/24;NO;
Providencia;Av Pedro de Valdivia 2100;Providencia;mesa6_restaurant1;restaurant;4;;;mesa_hora;viernes;10:00;23:00;3/5/24;1/8/24;NO;
Providencia;Av Pedro de Valdivia 2100;Providencia;mesa7_restaurant1;restaurant;4;;;mesa_hora;sabado;10:00;23:00;1/2/24;2/3/24;NO;
Providencia;Av Pedro de Valdivia 2100;Providencia;mesa8_restaurant1;restaurant;4;;;mesa_hora;lunes;10:00;23:00;12/1/24;11/2/24;NO;
Providencia;Av Pedro de Valdivia 2100;Providencia;mesa1_restaurant2;restaurant;4;;;mesa_hora;martes;10:00;23:00;23/9/24;22/12/24;NO;
Providencia;Av Pedro de Valdivia 2100;Providencia;mesa2_restaurant2;restaurant;4;;;mesa_hora;viernes;10:00;23:00;9/11/24;8/1/25;NO;
Providencia;Av Pedro de Valdivia 2100;Providencia;mesa3_restaurant2;restaurant;4;;;mesa_hora;jueves;10:00;23:00;13/6/25;27/6/25;NO;
Providencia;Av Pedro de Valdivia 2100;Providencia;mesa4_restaurant2;restaurant;4;;;mesa_hora;domingo;10:00;23:00;19/5/24;18/6/24;NO;
Providencia;Av Pedro de Valdivia 2100;Providencia;mesa5_restaurant2;restaurant;4;;;mesa_hora;lunes;10:00;23:00;25/5/25;24/7/25;SI;horario
Providencia;Av Pedro de Valdivia 2100;Providencia;mesa6_restaurant2;restaurant;4;;;mesa_hora;sabado;10:00;23:00;16/4/24;30/4/24;NO;
Providencia;Av Pedro de Valdivia 2100;Providencia;mesa7_restaurant2;restaurant;4;;;mesa_hora;lunes;10:00;23:00;22/9/24;21/11/24;NO;
Providencia;Av Pedro de Valdivia 2100;Providencia;mesa8_restaurant2;restaurant;4;;;mesa_hora;miercoles;10:00;23:00;6/4/24;13/4/24;NO;
Providencia;Av Pedro de Valdivia 2100;Providencia;linea1_piscina1;piscina;1;10000;37;linea_hora;jueves;18:00;19:00;15/2/24;15/4/24;NO;
Providencia;Av Pedro de Valdivia 2100;Providencia;linea2_piscina1;piscina;1;80000;;linea_hora;domingo;17:00;18:00;26/4/25;26/5/25;NO;
Providencia;Av Pedro de Valdivia 2100;Providencia;linea3_piscina1;piscina;1;40000;43;linea_hora;martes;22:00;23:00;21/7/24;4/8/24;SI;
Providencia;Av Pedro de Valdivia 2100;Providencia;linea4_piscina1;piscina;1;150000;;linea_hora;sabado;16:00;17:00;31/10/25;30/12/25;NO;
Providencia;Av Pedro de Valdivia 2100;Providencia;linea5_piscina1;piscina;1;nueve mil;64;linea_hora;jueves;14:00;15:00;2024-10;5/11/24;SI;precio/fecha
Providencia;Av Pedro de Valdivia 2100;Providencia;linea6_piscina1;piscina;1;200000;52;linea_hora;martes;14:00;15:00;6/3/24;13/3/24;NO;
Providencia;Av Pedro de Valdivia 2100;Providencia;linea7_piscina1;piscina;1;240000;;linea_hora;jueves;15:00;16:00;8/2/24;22/2/24;SI;
Providencia;Av Pedro de Valdivia 2100;Providencia;linea8_piscina1;piscina;1;50000;39;linea_hora;miercoles;18:00;19:00;3/3/24;1/6/24;NO;
Providencia;Av Pedro de Valdivia 2100;Providencia;linea1_piscina2;piscina;1;60000;;linea_hora;sabado;12:00;13:00;23/6/25;22/8/25;NO;
Providencia;Av Pedro de Valdivia 2100;Providencia;linea2_piscina2;piscina;1;20000;24;linea_hora;sabado;20:00;21:00;23/12/24;6/1/25;SI;
Providencia;Av Pedro de Valdivia 2100;Providencia;linea3_piscina2;piscina;1;170000;23;linea_hora;sabado;11:00;12:00;14/1/25;28/1/25;NO;
Providencia;Av Pedro de Valdivia 2100;Providencia;linea4_piscina2;piscina;1;220000;;linea_hora;martes;8:00;9:00;29/7/24;28/8/24;NO;
Providencia;Av Pedro de Valdivia 2100;Providencia;linea5_piscina2;piscina;1;130000;45;linea_hora;miercoles;14:00;15:00;17/6/24;16/8/24;NO;
Providencia;Av Pedro de Valdivia 2100;Providencia;linea6_piscina2;piscina;1;nueve mil;21;linea_hora;martes;18:00;19:00;24/3/24;22/6/24;SI;precio
Providencia;Av Pedro de Valdivia 2100;Providencia;linea7_piscina2;piscina;1;10000;76;linea_hora;miercoles;9:00;10:00;13/4/25;12/7/25;NO;
Providencia;Av Pedro de Valdivia 2100;Providencia;linea8_piscina2;piscina;1;220000;55;linea_hora;miercoles;15:00;16:00;20/5/25;3/6/25;NO;
Providencia;Av Pedro de Valdivia 2100;Providencia;SalonEventos1;salon_eventos;190;60000;0;tramo;domingo;14:00;20:00;8/4/25;22/4/25;NO;
Providencia;Av Pedro de Valdivia 2100;Providencia;SalonEventos2;salon_eventos;68;120000;38;tramo;jueves;14:00;20:00;28/5/24;4/6/24;NO;
Providencia;Av Pedro de Valdivia 2100;Providencia;SalonEventos3;salon_eventos;191;80000;;tramo;martes;8:00;14:00;25/5/24;24/6/24;NO;
Providencia;Av Pedro de Valdivia 2100;Providencia;SalonEventos4;salon_eventos;154;210000;16;dia;lunes;0:00;23:59;20/10/24;18/1/25;NO;
Providencia;Av Pedro de Valdivia 2100;Providencia;Cabana1;cabana;5;nueve mil;20;dia;lunes;0:00;23:59;22/11/25;6/12/25;SI;precio
Providencia;Av Pedro de Valdivia 2100;Providencia;Cabana2;cabana;5;200000;55;dia;lunes;0:00;23:59;29/9/25;28/11/25;NO;
Providencia;Av Pedro de Valdivia 2100;Providencia;Cabana3;cabana;8;150000;;dia;jueves;0:00;23:59;12/9/24;19/9/24;NO;
Providencia;Av Pedro de Valdivia 2100;Providencia;Cabana4;cabana;4;130000;;dia;viernes;0:00;23:59;9/6/25;16/6/25;NO;
Providencia;Av Pedro de Valdivia 2100;Providencia;Cabana5;cabana;6;130000;25;dia;martes;0:00;23:59;26/11/25;24/2/26;NO;
Providencia;Av Pedro de Valdivia 2100;Providencia;Cabana6;cabana;5;130000;;dia;miercoles;0:00;23:59;20/4/25;27/4/25;SI;horario
Providencia;Av Pedro de Valdivia 2100;Providencia;Cabana7;cabana;7;220000;61;dia;miercoles;0:00;23:59;18/1/25;25/1/25;NO;
Providencia;Av Pedro de Valdivia 2100;Providencia;Cabana8;cabana;6;nueve mil;;dia;jueves;0:00;23:59;17/4/24;17/5/24;SI;precio
Providencia;Av Pedro de Valdivia 2100;Providencia;Cabana9;cabana;4;160000;;dia;martes;0:00;23:59;12/1/25;12/4/25;NO;
Providencia;Av Pedro de Valdivia 2100;Providencia;Cabana10;cabana;6;200000;79;dia;miercoles;0:00;23:59;11/8/25;10/9/25;NO;
Providencia;Av Pedro de Valdivia 2100;Providencia;Cabana11;cabana;6;50000;23;dia;lunes;0:00;23:59;2/11/25;16/11/25;NO;
Providencia;Av Pedro de Valdivia 2100;Providencia;Cabana12;cabana;7;20000;;dia;sabado;0:00;23:59;12/2/24;19/2/24;NO;
Providencia;Av Pedro de Valdivia 2100;Providencia;Cabana13;cabana;7;160000;24;dia;miercoles;0:00;23:59;20/9/24;4/10/24;NO;
Providencia;Av Pedro de Valdivia 2100;Providencia;Cabana14;cabana;8;210000;;dia;viernes;0:00;23:59;20/9/24;19/12/24;NO;
Providencia;Av Pedro de Valdivia 2100;Providencia;Cabana15;cabana;4;60000;67;dia;martes;0:00;23:59;6/9/24;5/11/24;NO;
Providencia;Av Pedro de Valdivia 2100;Providencia;Cabana16;cabana;4;190000;;dia;viernes;0:00;23:59;29/10/25;5/11/25;NO;
Providencia;Av Pedro de Valdivia 2100;Providencia;Cabana17;cabana;6;190000;;dia;sabado;0:00;23:59;21/4/25;28/4/25;NO;
Providencia;Av Pedro de Valdivia 2100;Providencia;Cabana18;cabana;5;170000;;dia;lunes;0:00;23:59;3/1/24;10/1/24;SI;horario
Providencia;Av Pedro de Valdivia 2100;Providencia;Cabana19;cabana;5;170000;70;dia;jueves;0:00;23:59;20/10/25;3/11/25;NO;
Providencia;Av Pedro de Valdivia 2100;Providencia;Cabana20;cabana;8;70000;;dia;martes;0:00;23:59;13/5/25;12/7/25;NO;
Providencia;Av Pedro de Valdivia 2100;Providencia;Cancha_tenis_aire_libre;cancha_aire_libre;10;140000;3;hora;viernes;8:00;9:00;29/12/24;28/1/25;NO;
Providencia;Av Pedro de Valdivia 2100;Providencia;Cancha_tenis_techada;cancha_techada;13;190000;;hora;lunes;20:00;21:00;2/2/25;3/4/25;NO;
Providencia;Av Pedro de Valdivia 2100;Providencia;Cancha_basquetbol_aire_libre;cancha_aire_libre;12;10000;33;hora;martes;16:00;17:00;22/10/25;5/11/25;NO;
Providencia;Av Pedro de Valdivia 2100;Providencia;Cancha_basquetbol_techada;cancha_techada;16;130000;;hora;viernes;11:00;12:00;29/5/25;28/7/25;NO;
Providencia;Av Pedro de Valdivia 2100;Providencia;Cancha_futbolito_aire_libre;cancha_aire_libre;14;40000;16;hora;domingo;18:00;19:00;6/1/25;13/1/25;NO;
Providencia;Av Pedro de Valdivia 2100;Providencia;Cancha_futbolito_techada;cancha_techada;16;40000;78;hora;viernes;10:00;11:00;18/12/24;1/1/25;NO;
Providencia;Av Pedro de Valdivia 2100;Providencia;Cancha_padel_aire_libre;cancha_aire_libre;21;130000;;hora;sabado;20:00;21:00;16/10/25;23/10/25;NO;
Providencia;Av Pedro de Valdivia 2100;Providencia;Cancha_padel_techada;cancha_techada;15;130000;11;hora;jueves;11:00;12:00;23/6/24;21/9/24;NO;
La Florida;Av. Vicu–a Mackenna 10777;La Florida;mesa1_restaurant1;restaurant;4;;;mesa_hora;lunes;10:00;23:00;7/7/24;5/9/24;NO;
La Florida;Av. Vicu–a Mackenna 10777;La Florida;mesa2_restaurant1;restaurant;4;;;mesa_hora;martes;10:00;23:00;19/7/25;17/10/25;SI;horario
La Florida;Av. Vicu–a Mackenna 10777;La Florida;mesa3_restaurant1;restaurant;4;;;mesa_hora;jueves;10:00;23:00;8/12/24;8/3/25;NO;
La Florida;Av. Vicu–a Mackenna 10777;La Florida;mesa4_restaurant1;restaurant;4;;;mesa_hora;domingo;10:00;23:00;8/10/24;15/10/24;NO;
La Florida;Av. Vicu–a Mackenna 10777;La Florida;mesa5_restaurant1;restaurant;4;;;mesa_hora;sabado;10:00;23:00;2025-07;13/8/25;SI;fecha
La Florida;Av. Vicu–a Mackenna 10777;La Florida;mesa6_restaurant1;restaurant;4;;;mesa_hora;domingo;10:00;23:00;10/1/25;24/1/25;NO;
La Florida;Av. Vicu–a Mackenna 10777;La Florida;mesa7_restaurant1;restaurant;4;;;mesa_hora;jueves;10:00;23:00;3/12/24;10/12/24;NO;
La Florida;Av. Vicu–a Mackenna 10777;La Florida;mesa8_restaurant1;restaurant;4;;;mesa_hora;martes;10:00;23:00;3/3/24;17/3/24;SI;horario
La Florida;Av. Vicu–a Mackenna 10777;La Florida;mesa1_restaurant2;restaurant;4;;;mesa_hora;domingo;10:00;23:00;13/6/24;27/6/24;NO;
La Florida;Av. Vicu–a Mackenna 10777;La Florida;mesa2_restaurant2;restaurant;4;;;mesa_hora;sabado;10:00;23:00;3/8/24;2/9/24;NO;
La Florida;Av. Vicu–a Mackenna 10777;La Florida;mesa3_restaurant2;restaurant;4;;;mesa_hora;miercoles;10:00;23:00;15/4/24;29/4/24;NO;
La Florida;Av. Vicu–a Mackenna 10777;La Florida;mesa4_restaurant2;restaurant;4;;;mesa_hora;martes;10:00;23:00;8/11/24;22/11/24;NO;
La Florida;Av. Vicu–a Mackenna 10777;La Florida;mesa5_restaurant2;restaurant;4;;;mesa_hora;lunes;10:00;23:00;23/1/25;23/4/25;NO;
La Florida;Av. Vicu–a Mackenna 10777;La Florida;mesa6_restaurant2;restaurant;4;;;mesa_hora;martes;10:00;23:00;24/1/25;23/2/25;SI;
La Florida;Av. Vicu–a Mackenna 10777;La Florida;mesa7_restaurant2;restaurant;4;;;mesa_hora;jueves;10:00;23:00;20/5/25;19/6/25;NO;
La Florida;Av. Vicu–a Mackenna 10777;La Florida;mesa8_restaurant2;restaurant;4;nueve mil;;mesa_hora;sabado;10:00;23:00;21/4/25;5/5/25;SI;precio
La Florida;Av. Vicu–a Mackenna 10777;La Florida;linea1_piscina1;piscina;1;200000;54;linea_hora;viernes;18:00;19:00;9/9/24;16/9/24;SI;
La Florida;Av. Vicu–a Mackenna 10777;La Florida;linea2_piscina1;piscina;1;90000;;linea_hora;jueves;20:00;21:00;23/12/24;21/2/25;NO;
La Florida;Av. Vicu–a Mackenna 10777;La Florida;linea3_piscina1;piscina;1;250000;10;linea_hora;martes;9:00;10:00;27/2/24;27/5/24;NO;
La Florida;Av. Vicu–a Mackenna 10777;La Florida;linea4_piscina1;piscina;1;190000;34;linea_hora;martes;16:00;17:00;23/8/24;22/10/24;NO;
La Florida;Av. Vicu–a Mackenna 10777;La Florida;linea5_piscina1;piscina;1;160000;55;linea_hora;domingo;15:00;16:00;14/4/24;28/4/24;NO;
La Florida;Av. Vicu–a Mackenna 10777;La Florida;linea6_piscina1;piscina;1;110000;50;linea_hora;viernes;20:00;21:00;18/1/24;18/3/24;NO;
La Florida;Av. Vicu–a Mackenna 10777;La Florida;linea7_piscina1;piscina;1;130000;68;linea_hora;lunes;12:00;13:00;14/2/25;15/5/25;NO;
La Florida;Av. Vicu–a Mackenna 10777;La Florida;linea8_piscina1;piscina;1;230000;32;linea_hora;sabado;20:00;21:00;4/1/25;18/1/25;NO;
La Florida;Av. Vicu–a Mackenna 10777;La Florida;linea1_piscina2;piscina;1;nueve mil;;linea_hora;miercoles;12:00;13:00;8/10/24;6/1/25;SI;precio
La Florida;Av. Vicu–a Mackenna 10777;La Florida;linea2_piscina2;piscina;1;130000;;linea_hora;lunes;12:00;13:00;24/6/25;22/9/25;NO;
La Florida;Av. Vicu–a Mackenna 10777;La Florida;linea3_piscina2;piscina;1;160000;;linea_hora;viernes;10:00;11:00;11/4/24;10/6/24;NO;
La Florida;Av. Vicu–a Mackenna 10777;La Florida;linea4_piscina2;piscina;1;30000;53;linea_hora;viernes;21:00;22:00;26/1/25;25/2/25;NO;
La Florida;Av. Vicu–a Mackenna 10777;La Florida;linea5_piscina2;piscina;1;190000;;linea_hora;sabado;8:00;9:00;14/7/25;13/8/25;NO;
La Florida;Av. Vicu–a Mackenna 10777;La Florida;linea6_piscina2;piscina;1;60000;;linea_hora;sabado;8:00;9:00;1/11/25;8/11/25;NO;
La Florida;Av. Vicu–a Mackenna 10777;La Florida;linea7_piscina2;piscina;1;30000;;linea_hora;martes;22:00;23:00;12/3/25;26/3/25;NO;
La Florida;Av. Vicu–a Mackenna 10777;La Florida;linea8_piscina2;piscina;1;150000;2;linea_hora;sabado;14:00;15:00;20/11/25;18/2/26;SI;
La Florida;Av. Vicu–a Mackenna 10777;La Florida;SalonEventos1;salon_eventos;36;110000;39;dia;domingo;0:00;23:59;11/2/25;12/4/25;NO;
La Florida;Av. Vicu–a Mackenna 10777;La Florida;SalonEventos2;salon_eventos;50;10000;63;tramo;jueves;8:00;14:00;5/5/24;19/5/24;NO;
La Florida;Av. Vicu–a Mackenna 10777;La Florida;SalonEventos3;salon_eventos;142;190000;;tramo;viernes;14:00;20:00;22/4/24;21/6/24;NO;
La Florida;Av. Vicu–a Mackenna 10777;La Florida;SalonEventos4;salon_eventos;75;190000;;dia;domingo;0:00;23:59;13/6/24;20/6/24;NO;
La Florida;Av. Vicu–a Mackenna 10777;La Florida;Cabana1;cabana;7;40000;;dia;jueves;0:00;23:59;12/10/24;10/1/25;NO;
La Florida;Av. Vicu–a Mackenna 10777;La Florida;Cabana2;cabana;5;10000;;dia;lunes;0:00;23:59;18/1/25;1/2/25;NO;
La Florida;Av. Vicu–a Mackenna 10777;La Florida;Cabana3;cabana;8;160000;22;dia;viernes;0:00;23:59;13/9/24;12/11/24;SI;
La Florida;Av. Vicu–a Mackenna 10777;La Florida;Cabana4;cabana;5;140000;;dia;domingo;0:00;23:59;1/4/24;30/6/24;NO;
La Florida;Av. Vicu–a Mackenna 10777;La Florida;Cabana5;cabana;5;120000;36;dia;domingo;0:00;23:59;1/9/25;8/9/25;NO;
La Florida;Av. Vicu–a Mackenna 10777;La Florida;Cabana6;cabana;8;70000;34;dia;domingo;0:00;23:59;27/8/25;10/9/25;NO;
La Florida;Av. Vicu–a Mackenna 10777;La Florida;Cabana7;cabana;5;40000;47;dia;sabado;0:00;23:59;30/5/25;29/6/25;NO;
La Florida;Av. Vicu–a Mackenna 10777;La Florida;Cabana8;cabana;8;90000;50;dia;martes;0:00;23:59;9/9/25;23/9/25;NO;
La Florida;Av. Vicu–a Mackenna 10777;La Florida;Cabana9;cabana;8;130000;;dia;viernes;0:00;23:59;2/3/24;1/5/24;NO;
La Florida;Av. Vicu–a Mackenna 10777;La Florida;Cabana10;cabana;4;240000;54;dia;sabado;0:00;23:59;11/10/25;10/12/25;NO;
La Florida;Av. Vicu–a Mackenna 10777;La Florida;Cabana11;cabana;7;160000;72;dia;domingo;0:00;23:59;10/11/24;8/2/25;NO;
La Florida;Av. Vicu–a Mackenna 10777;La Florida;Cabana12;cabana;7;250000;45;dia;viernes;0:00;23:59;13/5/25;12/7/25;NO;
La Florida;Av. Vicu–a Mackenna 10777;La Florida;Cabana13;cabana;4;100000;33;dia;sabado;0:00;23:59;2/1/24;2/3/24;SI;horario
La Florida;Av. Vicu–a Mackenna 10777;La Florida;Cabana14;cabana;4;40000;;dia;martes;0:00;23:59;14/1/25;13/2/25;SI;
La Florida;Av. Vicu–a Mackenna 10777;La Florida;Cabana15;cabana;8;160000;62;dia;lunes;0:00;23:59;13/7/24;27/7/24;NO;
La Florida;Av. Vicu–a Mackenna 10777;La Florida;Cabana16;cabana;8;240000;;dia;jueves;0:00;23:59;17/3/24;16/4/24;NO;
La Florida;Av. Vicu–a Mackenna 10777;La Florida;Cabana17;cabana;4;170000;49;dia;sabado;0:00;23:59;24/8/25;22/11/25;NO;
La Florida;Av. Vicu–a Mackenna 10777;La Florida;Cabana18;cabana;8;60000;80;dia;viernes;0:00;23:59;10/6/24;24/6/24;NO;
La Florida;Av. Vicu–a Mackenna 10777;La Florida;Cabana19;cabana;8;10000;;dia;sabado;0:00;23:59;14/7/24;13/8/24;NO;
La Florida;Av. Vicu–a Mackenna 10777;La Florida;Cabana20;cabana;8;210000;24;dia;lunes;0:00;23:59;13/10/25;27/10/25;NO;
La Florida;Av. Vicu–a Mackenna 10777;La Florida;Cancha_tenis_aire_libre;cancha_aire_libre;11;nueve mil;;hora;domingo;16:00;17:00;7/10/24;6/12/24;SI;precio
La Florida;Av. Vicu–a Mackenna 10777;La Florida;Cancha_tenis_techada;cancha_techada;14;240000;42;hora;sabado;8:00;9:00;10/2/25;11/4/25;NO;
La Florida;Av. Vicu–a Mackenna 10777;La Florida;Cancha_basquetbol_aire_libre;cancha_aire_libre;10;210000;1;hora;sabado;21:00;22:00;22/4/25;22/5/25;NO;
La Florida;Av. Vicu–a Mackenna 10777;La Florida;Cancha_basquetbol_techada;cancha_techada;19;20000;;hora;jueves;17:00;18:00;18/10/24;25/10/24;NO;
La Florida;Av. Vicu–a Mackenna 10777;La Florida;Cancha_futbolito_aire_libre;cancha_aire_libre;20;170000;20;hora;viernes;12:00;13:00;23/11/25;22/1/26;NO;
La Florida;Av. Vicu–a Mackenna 10777;La Florida;Cancha_futbolito_techada;cancha_techada;22;160000;;hora;martes;22:00;23:00;25/11/25;24/1/26;NO;
La Florida;Av. Vicu–a Mackenna 10777;La Florida;Cancha_padel_aire_libre;cancha_aire_libre;17;170000;;hora;martes;9:00;10:00;14/4/24;21/4/24;NO;
La Florida;Av. Vicu–a Mackenna 10777;La Florida;Cancha_padel_techada;cancha_techada;15;170000;;hora;lunes;15:00;16:00;30/4/25;7/5/25;NO;
Santa Cruz;Ramon Sanfurgo 800;Santa Cruz;mesa1_restaurant1;restaurant;4;;;mesa_hora;viernes;10:00;23:00;24/9/24;8/10/24;NO;
Santa Cruz;Ramon Sanfurgo 800;Santa Cruz;mesa2_restaurant1;restaurant;4;;;mesa_hora;sabado;10:00;23:00;10/2/24;24/2/24;NO;
Santa Cruz;Ramon Sanfurgo 800;Santa Cruz;mesa3_restaurant1;restaurant;4;;;mesa_hora;miercoles;10:00;23:00;12/2/24;13/3/24;NO;
Santa Cruz;Ramon Sanfurgo 800;Santa Cruz;mesa4_restaurant1;restaurant;4;;;mesa_hora;sabado;10:00;23:00;5/5/25;12/5/25;NO;
Santa Cruz;Ramon Sanfurgo 800;Santa Cruz;mesa5_restaurant1;restaurant;4;;;mesa_hora;miercoles;10:00;23:00;29/2/24;30/3/24;NO;
Santa Cruz;Ramon Sanfurgo 800;Santa Cruz;mesa6_restaurant1;restaurant;4;;;mesa_hora;viernes;10:00;23:00;18/11/25;17/1/26;NO;
Santa Cruz;Ramon Sanfurgo 800;Santa Cruz;mesa7_restaurant1;restaurant;4;;;mesa_hora;miercoles;10:00;23:00;4/8/25;3/9/25;NO;
Santa Cruz;Ramon Sanfurgo 800;Santa Cruz;mesa8_restaurant1;restaurant;4;;;mesa_hora;lunes;10:00;23:00;3/9/24;2/11/24;NO;
Santa Cruz;Ramon Sanfurgo 800;Santa Cruz;mesa1_restaurant2;restaurant;4;;;mesa_hora;lunes;10:00;23:00;29/8/24;12/9/24;NO;
Santa Cruz;Ramon Sanfurgo 800;Santa Cruz;mesa2_restaurant2;restaurant;4;nueve mil;;mesa_hora;lunes;10:00;23:00;7/4/24;21/4/24;SI;precio
Santa Cruz;Ramon Sanfurgo 800;Santa Cruz;mesa3_restaurant2;restaurant;4;;;mesa_hora;domingo;10:00;23:00;13/1/24;20/1/24;NO;
Santa Cruz;Ramon Sanfurgo 800;Santa Cruz;mesa4_restaurant2;restaurant;4;;;mesa_hora;sabado;10:00;23:00;24/1/24;23/4/24;NO;
Santa Cruz;Ramon Sanfurgo 800;Santa Cruz;mesa5_restaurant2;restaurant;4;;;mesa_hora;domingo;10:00;23:00;9/11/24;9/12/24;NO;
Santa Cruz;Ramon Sanfurgo 800;Santa Cruz;mesa6_restaurant2;restaurant;4;;;mesa_hora;lunes;10:00;23:00;3/6/25;1/9/25;NO;
Santa Cruz;Ramon Sanfurgo 800;Santa Cruz;mesa7_restaurant2;restaurant;4;;;mesa_hora;domingo;10:00;23:00;16/10/24;15/12/24;NO;
Santa Cruz;Ramon Sanfurgo 800;Santa Cruz;mesa8_restaurant2;restaurant;4;;;mesa_hora;jueves;10:00;23:00;16/5/25;15/6/25;NO;
Santa Cruz;Ramon Sanfurgo 800;Santa Cruz;linea1_piscina1;piscina;1;230000;35;linea_hora;viernes;13:00;14:00;8/4/25;7/6/25;NO;
Santa Cruz;Ramon Sanfurgo 800;Santa Cruz;linea2_piscina1;piscina;1;90000;37;linea_hora;viernes;20:00;21:00;27/9/25;11/10/25;NO;
Santa Cruz;Ramon Sanfurgo 800;Santa Cruz;linea3_piscina1;piscina;1;70000;75;linea_hora;domingo;16:00;17:00;27/4/24;26/6/24;NO;
Santa Cruz;Ramon Sanfurgo 800;Santa Cruz;linea4_piscina1;piscina;1;200000;50;linea_hora;domingo;21:00;22:00;15/3/25;14/5/25;NO;
Santa Cruz;Ramon Sanfurgo 800;Santa Cruz;linea5_piscina1;piscina;1;130000;46;linea_hora;sabado;21:00;22:00;20/9/25;19/11/25;NO;
Santa Cruz;Ramon Sanfurgo 800;Santa Cruz;linea6_piscina1;piscina;1;140000;;linea_hora;sabado;9:00;10:00;13/4/25;13/5/25;NO;
Santa Cruz;Ramon Sanfurgo 800;Santa Cruz;linea7_piscina1;piscina;1;120000;;linea_hora;jueves;18:00;19:00;21/10/24;28/10/24;NO;
Santa Cruz;Ramon Sanfurgo 800;Santa Cruz;linea8_piscina1;piscina;1;120000;25;linea_hora;viernes;20:00;21:00;28/3/24;11/4/24;NO;
Santa Cruz;Ramon Sanfurgo 800;Santa Cruz;linea1_piscina2;piscina;1;80000;66;linea_hora;sabado;16:00;17:00;15/4/25;14/6/25;NO;
Santa Cruz;Ramon Sanfurgo 800;Santa Cruz;linea2_piscina2;piscina;1;100000;;linea_hora;miercoles;22:00;23:00;20/5/24;19/7/24;NO;
Santa Cruz;Ramon Sanfurgo 800;Santa Cruz;linea3_piscina2;piscina;1;200000;79;linea_hora;sabado;19:00;20:00;27/8/24;25/11/24;NO;
Santa Cruz;Ramon Sanfurgo 800;Santa Cruz;linea4_piscina2;piscina;1;10000;8;linea_hora;sabado;12:00;13:00;29/9/24;28/12/24;NO;
Santa Cruz;Ramon Sanfurgo 800;Santa Cruz;linea5_piscina2;piscina;1;110000;;linea_hora;martes;17:00;18:00;15/8/25;14/10/25;SI;
Santa Cruz;Ramon Sanfurgo 800;Santa Cruz;linea6_piscina2;piscina;1;240000;32;linea_hora;lunes;10:00;11:00;25/7/24;8/8/24;NO;
Santa Cruz;Ramon Sanfurgo 800;Santa Cruz;linea7_piscina2;piscina;1;150000;;linea_hora;sabado;8:00;9:00;7/9/25;7/10/25;NO;
Santa Cruz;Ramon Sanfurgo 800;Santa Cruz;linea8_piscina2;piscina;1;250000;;linea_hora;miercoles;9:00;10:00;11/7/24;9/10/24;NO;
Santa Cruz;Ramon Sanfurgo 800;Santa Cruz;SalonEventos1;salon_eventos;116;130000;;dia;viernes;0:00;23:59;28/2/24;28/4/24;NO;
Santa Cruz;Ramon Sanfurgo 800;Santa Cruz;SalonEventos2;salon_eventos;128;190000;75;dia;domingo;0:00;23:59;19/10/25;2/11/25;SI;
Santa Cruz;Ramon Sanfurgo 800;Santa Cruz;SalonEventos3;salon_eventos;68;140000;70;tramo;lunes;20:00;23:59;21/12/24;19/2/25;NO;
Santa Cruz;Ramon Sanfurgo 800;Santa Cruz;SalonEventos4;salon_eventos;168;190000;;tramo;domingo;20:00;23:59;5/7/24;3/9/24;NO;
Santa Cruz;Ramon Sanfurgo 800;Santa Cruz;Cabana1;cabana;8;100000;;dia;martes;0:00;23:59;11/3/25;9/6/25;NO;
Santa Cruz;Ramon Sanfurgo 800;Santa Cruz;Cabana2;cabana;8;240000;;dia;viernes;0:00;23:59;29/10/25;28/11/25;NO;
Santa Cruz;Ramon Sanfurgo 800;Santa Cruz;Cabana3;cabana;7;130000;32;dia;sabado;0:00;23:59;26/8/24;25/10/24;NO;
Santa Cruz;Ramon Sanfurgo 800;Santa Cruz;Cabana4;cabana;7;110000;56;dia;lunes;0:00;23:59;9/6/24;23/6/24;NO;
Santa Cruz;Ramon Sanfurgo 800;Santa Cruz;Cabana5;cabana;4;230000;;dia;miercoles;0:00;23:59;14/7/24;13/8/24;NO;
Santa Cruz;Ramon Sanfurgo 800;Santa Cruz;Cabana6;cabana;6;nueve mil;47;dia;viernes;0:00;23:59;2025-03;14/5/25;SI;precio/fecha
Santa Cruz;Ramon Sanfurgo 800;Santa Cruz;Cabana7;cabana;8;240000;12;dia;viernes;0:00;23:59;26/4/24;26/5/24;NO;
Santa Cruz;Ramon Sanfurgo 800;Santa Cruz;Cabana8;cabana;5;70000;;dia;sabado;0:00;23:59;5/10/24;12/10/24;NO;
Santa Cruz;Ramon Sanfurgo 800;Santa Cruz;Cabana9;cabana;6;40000;73;dia;martes;0:00;23:59;24/9/25;23/12/25;NO;
Santa Cruz;Ramon Sanfurgo 800;Santa Cruz;Cabana10;cabana;5;250000;14;dia;martes;0:00;23:59;22/9/25;21/11/25;NO;
Santa Cruz;Ramon Sanfurgo 800;Santa Cruz;Cabana11;cabana;5;nueve mil;26;dia;domingo;0:00;23:59;2024-03;30/4/24;SI;precio/fecha
Santa Cruz;Ramon Sanfurgo 800;Santa Cruz;Cabana12;cabana;6;140000;37;dia;martes;0:00;23:59;6/4/25;13/4/25;NO;
Santa Cruz;Ramon Sanfurgo 800;Santa Cruz;Cabana13;cabana;8;200000;25;dia;martes;0:00;23:59;15/8/24;22/8/24;NO;
Santa Cruz;Ramon Sanfurgo 800;Santa Cruz;Cabana14;cabana;6;200000;;dia;martes;0:00;23:59;2/5/25;31/7/25;NO;
Santa Cruz;Ramon Sanfurgo 800;Santa Cruz;Cabana15;cabana;8;170000;;dia;miercoles;0:00;23:59;28/7/25;27/8/25;NO;
Santa Cruz;Ramon Sanfurgo 800;Santa Cruz;Cabana16;cabana;6;170000;13;dia;sabado;0:00;23:59;17/7/25;15/10/25;NO;
Santa Cruz;Ramon Sanfurgo 800;Santa Cruz;Cabana17;cabana;5;20000;;dia;sabado;0:00;23:59;2025-05;10/5/25;SI;fecha
Santa Cruz;Ramon Sanfurgo 800;Santa Cruz;Cabana18;cabana;8;40000;66;dia;sabado;0:00;23:59;12/7/24;26/7/24;SI;
Santa Cruz;Ramon Sanfurgo 800;Santa Cruz;Cabana19;cabana;4;70000;61;dia;viernes;0:00;23:59;30/4/24;7/5/24;NO;
Santa Cruz;Ramon Sanfurgo 800;Santa Cruz;Cabana20;cabana;4;200000;71;dia;domingo;0:00;23:59;17/3/24;31/3/24;NO;
Santa Cruz;Ramon Sanfurgo 800;Santa Cruz;Cancha_tenis_aire_libre;cancha_aire_libre;16;50000;34;hora;viernes;10:00;11:00;21/10/24;4/11/24;NO;
Santa Cruz;Ramon Sanfurgo 800;Santa Cruz;Cancha_tenis_techada;cancha_techada;13;230000;51;hora;sabado;15:00;16:00;2025-05;1/6/25;SI;fecha
Santa Cruz;Ramon Sanfurgo 800;Santa Cruz;Cancha_basquetbol_aire_libre;cancha_aire_libre;12;110000;33;hora;miercoles;17:00;18:00;16/11/25;23/11/25;NO;
Santa Cruz;Ramon Sanfurgo 800;Santa Cruz;Cancha_basquetbol_techada;cancha_techada;12;190000;;hora;jueves;16:00;17:00;13/1/25;20/1/25;NO;
Santa Cruz;Ramon Sanfurgo 800;Santa Cruz;Cancha_futbolito_aire_libre;cancha_aire_libre;14;190000;55;hora;sabado;21:00;22:00;10/2/25;24/2/25;NO;
Santa Cruz;Ramon Sanfurgo 800;Santa Cruz;Cancha_futbolito_techada;cancha_techada;11;210000;35;hora;domingo;21:00;22:00;10/10/25;9/12/25;NO;
Santa Cruz;Ramon Sanfurgo 800;Santa Cruz;Cancha_padel_aire_libre;cancha_aire_libre;15;nueve mil;;hora;sabado;10:00;11:00;2024-12;3/1/25;SI;precio/fecha
Santa Cruz;Ramon Sanfurgo 800;Santa Cruz;Cancha_padel_techada;cancha_techada;11;130000;10;hora;lunes;12:00;13:00;29/1/24;5/2/24;NO;
Santiago Centro;Av Alameda 900;Santiago;mesa1_restaurant1;restaurant;4;;;mesa_hora;jueves;10:00;23:00;13/11/24;20/11/24;NO;
Santiago Centro;Av Alameda 900;Santiago;mesa2_restaurant1;restaurant;4;;;mesa_hora;miercoles;10:00;23:00;19/4/25;18/7/25;NO;
Santiago Centro;Av Alameda 900;Santiago;mesa3_restaurant1;restaurant;4;;;mesa_hora;domingo;10:00;23:00;29/6/24;28/8/24;NO;
Santiago Centro;Av Alameda 900;Santiago;mesa4_restaurant1;restaurant;4;;;mesa_hora;domingo;10:00;23:00;4/11/25;2/2/26;NO;
Santiago Centro;Av Alameda 900;Santiago;mesa5_restaurant1;restaurant;4;;;mesa_hora;jueves;10:00;23:00;8/12/24;8/3/25;NO;
Santiago Centro;Av Alameda 900;Santiago;mesa6_restaurant1;restaurant;4;;;mesa_hora;lunes;10:00;23:00;1/11/24;1/12/24;NO;
Santiago Centro;Av Alameda 900;Santiago;mesa7_restaurant1;restaurant;4;;;mesa_hora;martes;10:00;23:00;27/3/25;25/6/25;NO;
Santiago Centro;Av Alameda 900;Santiago;mesa8_restaurant1;restaurant;4;;;mesa_hora;sabado;10:00;23:00;6/12/24;13/12/24;NO;
Santiago Centro;Av Alameda 900;Santiago;mesa1_restaurant2;restaurant;4;;;mesa_hora;domingo;10:00;23:00;14/8/24;13/10/24;NO;
Santiago Centro;Av Alameda 900;Santiago;mesa2_restaurant2;restaurant;4;;;mesa_hora;martes;10:00;23:00;18/4/25;18/5/25;NO;
Santiago Centro;Av Alameda 900;Santiago;mesa3_restaurant2;restaurant;4;;;mesa_hora;martes;10:00;23:00;8/6/25;6/9/25;NO;
Santiago Centro;Av Alameda 900;Santiago;mesa4_restaurant2;restaurant;4;;;mesa_hora;viernes;10:00;23:00;16/6/25;16/7/25;NO;
Santiago Centro;Av Alameda 900;Santiago;mesa5_restaurant2;restaurant;4;;;mesa_hora;lunes;10:00;23:00;22/2/25;23/4/25;NO;
Santiago Centro;Av Alameda 900;Santiago;mesa6_restaurant2;restaurant;4;;;mesa_hora;jueves;10:00;23:00;7/4/24;14/4/24;NO;
Santiago Centro;Av Alameda 900;Santiago;mesa7_restaurant2;restaurant;4;;;mesa_hora;jueves;10:00;23:00;28/1/24;27/4/24;NO;
Santiago Centro;Av Alameda 900;Santiago;mesa8_restaurant2;restaurant;4;;;mesa_hora;sabado;10:00;23:00;29/1/25;5/2/25;NO;
Santiago Centro;Av Alameda 900;Santiago;linea1_piscina1;piscina;1;110000;;linea_hora;martes;8:00;9:00;8/7/24;22/7/24;NO;
Santiago Centro;Av Alameda 900;Santiago;linea2_piscina1;piscina;1;230000;35;linea_hora;domingo;11:00;12:00;9/2/25;10/5/25;NO;
Santiago Centro;Av Alameda 900;Santiago;linea3_piscina1;piscina;1;70000;;linea_hora;martes;9:00;10:00;24/10/25;7/11/25;NO;
Santiago Centro;Av Alameda 900;Santiago;linea4_piscina1;piscina;1;30000;49;linea_hora;jueves;16:00;17:00;8/8/25;6/11/25;NO;
Santiago Centro;Av Alameda 900;Santiago;linea5_piscina1;piscina;1;30000;;linea_hora;domingo;9:00;10:00;10/9/25;9/12/25;NO;
Santiago Centro;Av Alameda 900;Santiago;linea6_piscina1;piscina;1;90000;73;linea_hora;lunes;8:00;9:00;31/5/24;7/6/24;NO;
Santiago Centro;Av Alameda 900;Santiago;linea7_piscina1;piscina;1;30000;18;linea_hora;lunes;17:00;18:00;4/11/24;4/12/24;NO;
Santiago Centro;Av Alameda 900;Santiago;linea8_piscina1;piscina;1;160000;;linea_hora;lunes;22:00;23:00;10/5/25;8/8/25;NO;
Santiago Centro;Av Alameda 900;Santiago;linea1_piscina2;piscina;1;150000;50;linea_hora;sabado;10:00;11:00;6/2/24;6/4/24;NO;
Santiago Centro;Av Alameda 900;Santiago;linea2_piscina2;piscina;1;70000;69;linea_hora;viernes;16:00;17:00;30/8/25;29/10/25;NO;
Santiago Centro;Av Alameda 900;Santiago;linea3_piscina2;piscina;1;170000;25;linea_hora;viernes;22:00;23:00;4/7/24;2/9/24;NO;
Santiago Centro;Av Alameda 900;Santiago;linea4_piscina2;piscina;1;160000;63;linea_hora;jueves;11:00;12:00;20/7/25;3/8/25;NO;
Santiago Centro;Av Alameda 900;Santiago;linea5_piscina2;piscina;1;110000;;linea_hora;martes;22:00;23:00;8/5/25;7/6/25;NO;
Santiago Centro;Av Alameda 900;Santiago;linea6_piscina2;piscina;1;80000;9;linea_hora;martes;18:00;19:00;11/10/24;25/10/24;NO;
Santiago Centro;Av Alameda 900;Santiago;linea7_piscina2;piscina;1;nueve mil;35;linea_hora;martes;14:00;15:00;27/2/25;28/5/25;SI;precio
Santiago Centro;Av Alameda 900;Santiago;linea8_piscina2;piscina;1;90000;41;linea_hora;lunes;13:00;14:00;29/6/24;6/7/24;NO;
Santiago Centro;Av Alameda 900;Santiago;SalonEventos1;salon_eventos;67;170000;60;dia;domingo;0:00;23:59;16/4/25;15/7/25;NO;
Santiago Centro;Av Alameda 900;Santiago;SalonEventos2;salon_eventos;128;240000;;dia;martes;0:00;23:59;2024-05;13/7/24;SI;fecha
Santiago Centro;Av Alameda 900;Santiago;SalonEventos3;salon_eventos;150;190000;;tramo;lunes;14:00;20:00;6/6/24;20/6/24;NO;
Santiago Centro;Av Alameda 900;Santiago;SalonEventos4;salon_eventos;61;150000;;tramo;jueves;8:00;14:00;31/3/24;7/4/24;NO;
Santiago Centro;Av Alameda 900;Santiago;Cabana1;cabana;4;90000;37;dia;miercoles;0:00;23:59;21/8/24;28/8/24;NO;
Santiago Centro;Av Alameda 900;Santiago;Cabana2;cabana;5;140000;64;dia;viernes;0:00;23:59;20/11/25;19/1/26;NO;
Santiago Centro;Av Alameda 900;Santiago;Cabana3;cabana;7;130000;;dia;miercoles;0:00;23:59;24/1/24;31/1/24;SI;horario
Santiago Centro;Av Alameda 900;Santiago;Cabana4;cabana;8;150000;47;dia;jueves;0:00;23:59;29/9/25;29/10/25;NO;
Santiago Centro;Av Alameda 900;Santiago;Cabana5;cabana;5;120000;26;dia;sabado;0:00;23:59;14/6/25;14/7/25;NO;
Santiago Centro;Av Alameda 900;Santiago;Cabana6;cabana;8;10000;50;dia;jueves;0:00;23:59;12/8/25;11/10/25;NO;
Santiago Centro;Av Alameda 900;Santiago;Cabana7;cabana;5;230000;30;dia;miercoles;0:00;23:59;10/8/24;17/8/24;NO;
Santiago Centro;Av Alameda 900;Santiago;Cabana8;cabana;5;120000;10;dia;domingo;0:00;23:59;1/8/24;8/8/24;SI;
Santiago Centro;Av Alameda 900;Santiago;Cabana9;cabana;4;120000;;dia;martes;0:00;23:59;7/11/25;14/11/25;NO;
Santiago Centro;Av Alameda 900;Santiago;Cabana10;cabana;8;250000;;dia;martes;0:00;23:59;17/9/24;1/10/24;NO;
Santiago Centro;Av Alameda 900;Santiago;Cabana11;cabana;7;90000;;dia;viernes;0:00;23:59;2/12/24;9/12/24;NO;
Santiago Centro;Av Alameda 900;Santiago;Cabana12;cabana;7;130000;73;dia;viernes;0:00;23:59;8/10/24;7/11/24;NO;
Santiago Centro;Av Alameda 900;Santiago;Cabana13;cabana;8;150000;58;dia;miercoles;0:00;23:59;26/11/24;25/1/25;NO;
Santiago Centro;Av Alameda 900;Santiago;Cabana14;cabana;7;20000;12;dia;miercoles;0:00;23:59;3/4/25;2/6/25;NO;
Santiago Centro;Av Alameda 900;Santiago;Cabana15;cabana;4;30000;58;dia;viernes;0:00;23:59;25/10/24;24/12/24;NO;
Santiago Centro;Av Alameda 900;Santiago;Cabana16;cabana;5;240000;49;dia;domingo;0:00;23:59;17/10/25;15/1/26;NO;
Santiago Centro;Av Alameda 900;Santiago;Cabana17;cabana;5;180000;21;dia;viernes;0:00;23:59;17/12/24;24/12/24;NO;
Santiago Centro;Av Alameda 900;Santiago;Cabana18;cabana;8;150000;48;dia;lunes;0:00;23:59;7/10/25;6/12/25;NO;
Santiago Centro;Av Alameda 900;Santiago;Cabana19;cabana;5;20000;28;dia;jueves;0:00;23:59;2/7/25;16/7/25;NO;
Santiago Centro;Av Alameda 900;Santiago;Cabana20;cabana;8;110000;27;dia;viernes;0:00;23:59;4/1/24;11/1/24;NO;
Santiago Centro;Av Alameda 900;Santiago;Cancha_tenis_aire_libre;cancha_aire_libre;21;220000;47;hora;jueves;13:00;14:00;20/12/24;19/1/25;NO;
Santiago Centro;Av Alameda 900;Santiago;Cancha_tenis_techada;cancha_techada;12;220000;;hora;lunes;18:00;19:00;26/5/25;25/7/25;NO;
Santiago Centro;Av Alameda 900;Santiago;Cancha_basquetbol_aire_libre;cancha_aire_libre;14;190000;80;hora;domingo;9:00;10:00;26/8/24;25/9/24;NO;
Santiago Centro;Av Alameda 900;Santiago;Cancha_basquetbol_techada;cancha_techada;12;70000;;hora;lunes;21:00;22:00;20/2/25;21/4/25;NO;
Santiago Centro;Av Alameda 900;Santiago;Cancha_futbolito_aire_libre;cancha_aire_libre;21;nueve mil;25;hora;domingo;19:00;20:00;2024-01;12/2/24;SI;precio/fecha
Santiago Centro;Av Alameda 900;Santiago;Cancha_futbolito_techada;cancha_techada;20;160000;41;hora;jueves;17:00;18:00;20/10/25;18/1/26;SI;
Santiago Centro;Av Alameda 900;Santiago;Cancha_padel_aire_libre;cancha_aire_libre;13;70000;0;hora;sabado;14:00;15:00;22/1/25;23/3/25;NO;
Santiago Centro;Av Alameda 900;Santiago;Cancha_padel_techada;cancha_techada;12;150000;33;hora;domingo;15:00;16:00;13/6/24;11/9/24;NO;
Providencia;Av Pedro de Valdivia 2100;Providencia;mesa1_restaurant1;restaurant;4;;;mesa_hora;viernes;10:00;23:00;14/10/24;13/11/24;NO;
Providencia;Av Pedro de Valdivia 2100;Providencia;mesa2_restaurant1;restaurant;4;nueve mil;;mesa_hora;martes;10:00;23:00;15/10/25;14/11/25;SI;precio
Providencia;Av Pedro de Valdivia 2100;Providencia;mesa3_restaurant1;restaurant;4;nueve mil;;mesa_hora;viernes;10:00;23:00;2024-11;2/12/24;SI;precio/fecha
Providencia;Av Pedro de Valdivia 2100;Providencia;mesa4_restaurant1;restaurant;4;;;mesa_hora;sabado;10:00;23:00;27/10/25;3/11/25;SI;
Providencia;Av Pedro de Valdivia 2100;Providencia;mesa5_restaurant1;restaurant;4;;;mesa_hora;domingo;10:00;23:00;8/10/25;15/10/25;NO;
Providencia;Av Pedro de Valdivia 2100;Providencia;mesa6_restaurant1;restaurant;4;nueve mil;;mesa_hora;domingo;10:00;23:00;2024-03;10/3/24;SI;precio/fecha
Providencia;Av Pedro de Valdivia 2100;Providencia;mesa7_restaurant1;restaurant;4;;;mesa_hora;lunes;10:00;23:00;27/3/24;10/4/24;NO;
Providencia;Av Pedro de Valdivia 2100;Providencia;mesa8_restaurant1;restaurant;4;;;mesa_hora;miercoles;10:00;23:00;28/8/25;27/10/25;NO;
Providencia;Av Pedro de Valdivia 2100;Providencia;mesa1_restaurant2;restaurant;4;;;mesa_hora;miercoles;10:00;23:00;6/11/25;5/1/26;NO;
Providencia;Av Pedro de Valdivia 2100;Providencia;mesa2_restaurant2;restaurant;4;;;mesa_hora;lunes;10:00;23:00;28/5/25;27/7/25;NO;
Providencia;Av Pedro de Valdivia 2100;Providencia;mesa3_restaurant2;restaurant;4;;;mesa_hora;martes;10:00;23:00;16/9/25;23/9/25;NO;
Providencia;Av Pedro de Valdivia 2100;Providencia;mesa4_restaurant2;restaurant;4;;;mesa_hora;domingo;10:00;23:00;24/4/25;23/6/25;NO;
Providencia;Av Pedro de Valdivia 2100;Providencia;mesa5_restaurant2;restaurant;4;;;mesa_hora;jueves;10:00;23:00;16/12/24;15/1/25;NO;
Providencia;Av Pedro de Valdivia 2100;Providencia;mesa6_restaurant2;restaurant;4;;;mesa_hora;lunes;10:00;23:00;17/7/25;15/9/25;NO;
Providencia;Av Pedro de Valdivia 2100;Providencia;mesa7_restaurant2;restaurant;4;;;mesa_hora;jueves;10:00;23:00;2/7/24;9/7/24;NO;
Providencia;Av Pedro de Valdivia 2100;Providencia;mesa8_restaurant2;restaurant;4;;;mesa_hora;viernes;10:00;23:00;20/12/24;19/1/25;NO;
Providencia;Av Pedro de Valdivia 2100;Providencia;linea1_piscina1;piscina;1;250000;13;linea_hora;martes;19:00;20:00;14/5/24;13/7/24;NO;
Providencia;Av Pedro de Valdivia 2100;Providencia;linea2_piscina1;piscina;1;250000;23;linea_hora;miercoles;21:00;22:00;13/4/25;12/6/25;NO;
Providencia;Av Pedro de Valdivia 2100;Providencia;linea3_piscina1;piscina;1;60000;41;linea_hora;sabado;20:00;21:00;8/9/24;15/9/24;NO;
Providencia;Av Pedro de Valdivia 2100;Providencia;linea4_piscina1;piscina;1;80000;;linea_hora;miercoles;13:00;14:00;11/5/24;25/5/24;NO;
Providencia;Av Pedro de Valdivia 2100;Providencia;linea5_piscina1;piscina;1;160000;;linea_hora;jueves;17:00;18:00;19/11/25;18/1/26;NO;
Providencia;Av Pedro de Valdivia 2100;Providencia;linea6_piscina1;piscina;1;20000;37;linea_hora;domingo;14:00;15:00;30/9/24;29/11/24;NO;
Providencia;Av Pedro de Valdivia 2100;Providencia;linea7_piscina1;piscina;1;100000;;linea_hora;lunes;18:00;19:00;29/8/25;28/9/25;NO;
Providencia;Av Pedro de Valdivia 2100;Providencia;linea8_piscina1;piscina;1;110000;25;linea_hora;viernes;10:00;11:00;28/11/25;5/12/25;NO;
Providencia;Av Pedro de Valdivia 2100;Providencia;linea1_piscina2;piscina;1;220000;;linea_hora;sabado;11:00;12:00;10/12/24;24/12/24;NO;
Providencia;Av Pedro de Valdivia 2100;Providencia;linea2_piscina2;piscina;1;20000;;linea_hora;jueves;9:00;10:00;11/10/25;9/1/26;NO;
Providencia;Av Pedro de Valdivia 2100;Providencia;linea3_piscina2;piscina;1;180000;26;linea_hora;viernes;15:00;16:00;6/8/25;4/11/25;NO;
Providencia;Av Pedro de Valdivia 2100;Providencia;linea4_piscina2;piscina;1;240000;70;linea_hora;viernes;22:00;23:00;23/3/24;21/6/24;SI;
Providencia;Av Pedro de Valdivia 2100;Providencia;linea5_piscina2;piscina;1;150000;42;linea_hora;martes;10:00;11:00;29/2/24;29/5/24;NO;
Providencia;Av Pedro de Valdivia 2100;Providencia;linea6_piscina2;piscina;1;190000;70;linea_hora;lunes;22:00;23:00;14/10/24;13/11/24;NO;
Providencia;Av Pedro de Valdivia 2100;Providencia;linea7_piscina2;piscina;1;30000;65;linea_hora;miercoles;10:00;11:00;17/11/24;16/1/25;NO;
Providencia;Av Pedro de Valdivia 2100;Providencia;linea8_piscina2;piscina;1;200000;18;linea_hora;domingo;17:00;18:00;25/10/25;24/11/25;NO;
Providencia;Av Pedro de Valdivia 2100;Providencia;SalonEventos1;salon_eventos;95;90000;20;tramo;sabado;14:00;20:00;15/8/25;14/10/25;NO;
Providencia;Av Pedro de Valdivia 2100;Providencia;SalonEventos2;salon_eventos;87;180000;64;tramo;viernes;8:00;14:00;19/6/24;3/7/24;NO;
Providencia;Av Pedro de Valdivia 2100;Providencia;SalonEventos3;salon_eventos;44;50000;;tramo;viernes;20:00;23:59;24/5/24;23/7/24;NO;
Providencia;Av Pedro de Valdivia 2100;Providencia;SalonEventos4;salon_eventos;79;10000;79;tramo;viernes;14:00;20:00;24/2/24;2/3/24;NO;
Providencia;Av Pedro de Valdivia 2100;Providencia;Cabana1;cabana;7;230000;23;dia;lunes;0:00;23:59;11/4/24;18/4/24;NO;
Providencia;Av Pedro de Valdivia 2100;Providencia;Cabana2;cabana;8;90000;25;dia;martes;0:00;23:59;18/1/25;19/3/25;NO;
Providencia;Av Pedro de Valdivia 2100;Providencia;Cabana3;cabana;5;70000;;dia;domingo;0:00;23:59;12/4/24;11/7/24;NO;
Providencia;Av Pedro de Valdivia 2100;Providencia;Cabana4;cabana;8;140000;40;dia;martes;0:00;23:59;17/7/24;15/10/24;NO;
Providencia;Av Pedro de Valdivia 2100;Providencia;Cabana5;cabana;4;120000;62;dia;lunes;0:00;23:59;12/6/25;26/6/25;NO;
Providencia;Av Pedro de Valdivia 2100;Providencia;Cabana6;cabana;4;30000;20;dia;domingo;0:00;23:59;6/10/25;5/12/25;NO;
Providencia;Av Pedro de Valdivia 2100;Providencia;Cabana7;cabana;7;90000;;dia;lunes;0:00;23:59;20/1/25;27/1/25;NO;
Providencia;Av Pedro de Valdivia 2100;Providencia;Cabana8;cabana;8;220000;30;dia;viernes;0:00;23:59;5/2/25;6/5/25;SI;horario
Providencia;Av Pedro de Valdivia 2100;Providencia;Cabana9;cabana;5;230000;12;dia;domingo;0:00;23:59;12/10/25;11/11/25;NO;
Providencia;Av Pedro de Valdivia 2100;Providencia;Cabana10;cabana;4;50000;59;dia;domingo;0:00;23:59;10/7/25;9/8/25;NO;
Providencia;Av Pedro de Valdivia 2100;Providencia;Cabana11;cabana;7;210000;54;dia;viernes;0:00;23:59;19/8/24;17/11/24;SI;
Providencia;Av Pedro de Valdivia 2100;Providencia;Cabana12;cabana;8;60000;73;dia;sabado;0:00;23:59;20/11/24;19/1/25;NO;
Providencia;Av Pedro de Valdivia 2100;Providencia;Cabana13;cabana;8;120000;23;dia;viernes;0:00;23:59;3/4/25;2/6/25;SI;horario
Providencia;Av Pedro de Valdivia 2100;Providencia;Cabana14;cabana;4;70000;33;dia;lunes;0:00;23:59;13/6/24;20/6/24;NO;
Providencia;Av Pedro de Valdivia 2100;Providencia;Cabana15;cabana;8;240000;;dia;jueves;0:00;23:59;11/12/24;18/12/24;NO;
Providencia;Av Pedro de Valdivia 2100;Providencia;Cabana16;cabana;8;220000;66;dia;miercoles;0:00;23:59;2024-09;12/10/24;SI;fecha
Providencia;Av Pedro de Valdivia 2100;Providencia;Cabana17;cabana;5;nueve mil;;dia;viernes;0:00;23:59;26/4/24;25/7/24;SI;precio
Providencia;Av Pedro de Valdivia 2100;Providencia;Cabana18;cabana;8;240000;8;dia;viernes;0:00;23:59;16/10/24;14/1/25;NO;
Providencia;Av Pedro de Valdivia 2100;Providencia;Cabana19;cabana;4;60000;21;dia;miercoles;0:00;23:59;1/5/24;15/5/24;NO;
Providencia;Av Pedro de Valdivia 2100;Providencia;Cabana20;cabana;5;200000;;dia;martes;0:00;23:59;10/4/25;9/6/25;NO;
Providencia;Av Pedro de Valdivia 2100;Providencia;Cancha_tenis_aire_libre;cancha_aire_libre;13;130000;17;hora;viernes;15:00;16:00;14/2/24;21/2/24;NO;
Providencia;Av Pedro de Valdivia 2100;Providencia;Cancha_tenis_techada;cancha_techada;15;40000;2;hora;viernes;16:00;17:00;14/10/25;21/10/25;NO;
Providencia;Av Pedro de Valdivia 2100;Providencia;Cancha_basquetbol_aire_libre;cancha_aire_libre;17;40000;;hora;domingo;18:00;19:00;17/8/24;16/10/24;NO;
Providencia;Av Pedro de Valdivia 2100;Providencia;Cancha_basquetbol_techada;cancha_techada;16;180000;17;hora;viernes;18:00;19:00;4/11/25;18/11/25;NO;
Providencia;Av Pedro de Valdivia 2100;Providencia;Cancha_futbolito_aire_libre;cancha_aire_libre;12;60000;;hora;domingo;20:00;21:00;17/11/25;17/12/25;NO;
Providencia;Av Pedro de Valdivia 2100;Providencia;Cancha_futbolito_techada;cancha_techada;21;60000;68;hora;domingo;10:00;11:00;6/7/25;20/7/25;NO;
Providencia;Av Pedro de Valdivia 2100;Providencia;Cancha_padel_aire_libre;cancha_aire_libre;14;220000;25;hora;viernes;16:00;17:00;14/4/24;14/5/24;NO;
Providencia;Av Pedro de Valdivia 2100;Providencia;Cancha_padel_techada;cancha_techada;13;10000;46;hora;sabado;8:00;8:30;5/4/25;19/4/25;SI;horario
La Florida;Av. Vicu–a Mackenna 10777;La Florida;mesa1_restaurant1;restaurant;4;nueve mil;;mesa_hora;sabado;10:00;23:00;2024-01;24/1/24;SI;precio/fecha
La Florida;Av. Vicu–a Mackenna 10777;La Florida;mesa2_restaurant1;restaurant;4;;;mesa_hora;jueves;10:00;23:00;1/3/25;31/3/25;NO;
La Florida;Av. Vicu–a Mackenna 10777;La Florida;mesa3_restaurant1;restaurant;4;;;mesa_hora;lunes;10:00;23:00;20/6/25;27/6/25;NO;
La Florida;Av. Vicu–a Mackenna 10777;La Florida;mesa4_restaurant1;restaurant;4;;;mesa_hora;viernes;10:00;23:00;29/3/24;27/6/24;NO;
La Florida;Av. Vicu–a Mackenna 10777;La Florida;mesa5_restaurant1;restaurant;4;;;mesa_hora;jueves;10:00;23:00;20/10/24;18/1/25;SI;horario
La Florida;Av. Vicu–a Mackenna 10777;La Florida;mesa6_restaurant1;restaurant;4;;;mesa_hora;sabado;10:00;23:00;27/2/25;28/4/25;NO;
La Florida;Av. Vicu–a Mackenna 10777;La Florida;mesa7_restaurant1;restaurant;4;;;mesa_hora;domingo;10:00;23:00;25/6/24;9/7/24;SI;horario
La Florida;Av. Vicu–a Mackenna 10777;La Florida;mesa8_restaurant1;restaurant;4;;;mesa_hora;jueves;10:00;23:00;12/11/25;26/11/25;NO;
La Florida;Av. Vicu–a Mackenna 10777;La Florida;mesa1_restaurant2;restaurant;4;;;mesa_hora;domingo;10:00;23:00;8/7/24;7/8/24;NO;
La Florida;Av. Vicu–a Mackenna 10777;La Florida;mesa2_restaurant2;restaurant;4;;;mesa_hora;lunes;10:00;23:00;8/3/25;7/4/25;NO;
La Florida;Av. Vicu–a Mackenna 10777;La Florida;mesa3_restaurant2;restaurant;4;;;mesa_hora;miercoles;10:00;23:00;11/10/24;10/11/24;NO;
La Florida;Av. Vicu–a Mackenna 10777;La Florida;mesa4_restaurant2;restaurant;4;;;mesa_hora;miercoles;10:00;23:00;27/12/24;26/1/25;NO;
La Florida;Av. Vicu–a Mackenna 10777;La Florida;mesa5_restaurant2;restaurant;4;;;mesa_hora;lunes;10:00;23:00;14/11/24;12/2/25;NO;
La Florida;Av. Vicu–a Mackenna 10777;La Florida;mesa6_restaurant2;restaurant;4;;;mesa_hora;lunes;10:00;23:00;21/1/25;20/2/25;NO;
La Florida;Av. Vicu–a Mackenna 10777;La Florida;mesa7_restaurant2;restaurant;4;;;mesa_hora;jueves;10:00;23:00;17/1/25;16/2/25;NO;
La Florida;Av. Vicu–a Mackenna 10777;La Florida;mesa8_restaurant2;restaurant;4;;;mesa_hora;sabado;10:00;23:00;4/1/24;3/4/24;NO;
La Florida;Av. Vicu–a Mackenna 10777;La Florida;linea1_piscina1;piscina;1;240000;74;linea_hora;martes;14:00;15:00;11/10/25;25/10/25;NO;
La Florida;Av. Vicu–a Mackenna 10777;La Florida;linea2_piscina1;piscina;1;200000;;linea_hora;domingo;8:00;9:00;20/4/25;19/6/25;NO;
La Florida;Av. Vicu–a Mackenna 10777;La Florida;linea3_piscina1;piscina;1;190000;39;linea_hora;martes;8:00;8:30;23/5/25;6/6/25;SI;horario
La Florida;Av. Vicu–a Mackenna 10777;La Florida;linea4_piscina1;piscina;1;70000;;linea_hora;sabado;14:00;15:00;3/7/25;2/8/25;NO;
La Florida;Av. Vicu–a Mackenna 10777;La Florida;linea5_piscina1;piscina;1;190000;13;linea_hora;miercoles;13:00;14:00;20/2/24;5/3/24;NO;
La Florida;Av. Vicu–a Mackenna 10777;La Florida;linea6_piscina1;piscina;1;240000;;linea_hora;miercoles;13:00;14:00;24/9/25;8/10/25;SI;
La Florida;Av. Vicu–a Mackenna 10777;La Florida;linea7_piscina1;piscina;1;90000;;linea_hora;sabado;21:00;22:00;2/1/24;2/3/24;NO;
La Florida;Av. Vicu–a Mackenna 10777;La Florida;linea8_piscina1;piscina;1;70000;22;linea_hora;miercoles;11:00;12:00;6/3/24;5/4/24;NO;
La Florida;Av. Vicu–a Mackenna 10777;La Florida;linea1_piscina2;piscina;1;190000;31;linea_hora;sabado;12:00;13:00;12/2/25;13/5/25;NO;
La Florida;Av. Vicu–a Mackenna 10777;La Florida;linea2_piscina2;piscina;1;70000;64;linea_hora;lunes;19:00;20:00;2/2/24;3/3/24;NO;
La Florida;Av. Vicu–a Mackenna 10777;La Florida;linea3_piscina2;piscina;1;50000;59;linea_hora;martes;12:00;13:00;23/2/24;23/4/24;NO;
La Florida;Av. Vicu–a Mackenna 10777;La Florida;linea4_piscina2;piscina;1;40000;;linea_hora;viernes;8:00;9:00;8/2/25;9/5/25;NO;
La Florida;Av. Vicu–a Mackenna 10777;La Florida;linea5_piscina2;piscina;1;110000;68;linea_hora;domingo;9:00;10:00;28/1/24;11/2/24;NO;
La Florida;Av. Vicu–a Mackenna 10777;La Florida;linea6_piscina2;piscina;1;160000;80;linea_hora;sabado;10:00;11:00;19/11/25;3/12/25;NO;
La Florida;Av. Vicu–a Mackenna 10777;La Florida;linea7_piscina2;piscina;1;110000;;linea_hora;viernes;12:00;13:00;17/10/24;15/1/25;NO;
La Florida;Av. Vicu–a Mackenna 10777;La Florida;linea8_piscina2;piscina;1;130000;50;linea_hora;jueves;12:00;13:00;11/8/25;10/10/25;NO;
La Florida;Av. Vicu–a Mackenna 10777;La Florida;SalonEventos1;salon_eventos;168;nueve mil;68;dia;sabado;0:00;23:59;2025-03;18/3/25;SI;precio/fecha
La Florida;Av. Vicu–a Mackenna 10777;La Florida;SalonEventos2;salon_eventos;52;30000;5;tramo;miercoles;8:00;8:30;2/12/24;2/3/25;SI;horario
La Florida;Av. Vicu–a Mackenna 10777;La Florida;SalonEventos3;salon_eventos;116;130000;2;tramo;jueves;8:00;14:00;9/9/24;23/9/24;NO;
La Florida;Av. Vicu–a Mackenna 10777;La Florida;SalonEventos4;salon_eventos;114;60000;32;tramo;lunes;8:00;14:00;29/7/25;28/8/25;NO;
La Florida;Av. Vicu–a Mackenna 10777;La Florida;Cabana1;cabana;6;230000;;dia;viernes;0:00;23:59;14/12/24;14/3/25;NO;
La Florida;Av. Vicu–a Mackenna 10777;La Florida;Cabana2;cabana;6;160000;32;dia;domingo;0:00;23:59;24/9/24;8/10/24;SI;
La Florida;Av. Vicu–a Mackenna 10777;La Florida;Cabana3;cabana;4;60000;0;dia;sabado;0:00;23:59;12/4/25;11/6/25;NO;
La Florida;Av. Vicu–a Mackenna 10777;La Florida;Cabana4;cabana;8;230000;;dia;viernes;0:00;23:59;21/10/25;20/12/25;NO;
La Florida;Av. Vicu–a Mackenna 10777;La Florida;Cabana5;cabana;8;170000;19;dia;martes;0:00;23:59;29/11/25;27/2/26;SI;
La Florida;Av. Vicu–a Mackenna 10777;La Florida;Cabana6;cabana;8;160000;;dia;martes;0:00;23:59;19/6/24;17/9/24;NO;
La Florida;Av. Vicu–a Mackenna 10777;La Florida;Cabana7;cabana;4;160000;;dia;miercoles;0:00;23:59;3/4/24;10/4/24;NO;
La Florida;Av. Vicu–a Mackenna 10777;La Florida;Cabana8;cabana;6;80000;22;dia;lunes;0:00;23:59;11/11/24;25/11/24;NO;
La Florida;Av. Vicu–a Mackenna 10777;La Florida;Cabana9;cabana;8;140000;7;dia;domingo;0:00;23:59;13/9/25;27/9/25;NO;
La Florida;Av. Vicu–a Mackenna 10777;La Florida;Cabana10;cabana;4;70000;64;dia;miercoles;0:00;23:59;28/8/24;11/9/24;NO;
La Florida;Av. Vicu–a Mackenna 10777;La Florida;Cabana11;cabana;6;100000;;dia;miercoles;0:00;23:59;29/7/25;27/10/25;NO;
La Florida;Av. Vicu–a Mackenna 10777;La Florida;Cabana12;cabana;7;160000;;dia;viernes;0:00;23:59;5/2/24;19/2/24;NO;
La Florida;Av. Vicu–a Mackenna 10777;La Florida;Cabana13;cabana;5;150000;9;dia;viernes;0:00;23:59;29/11/25;27/2/26;NO;
La Florida;Av. Vicu–a Mackenna 10777;La Florida;Cabana14;cabana;8;130000;36;dia;miercoles;0:00;23:59;7/4/25;21/4/25;SI;horario
La Florida;Av. Vicu–a Mackenna 10777;La Florida;Cabana15;cabana;5;40000;60;dia;jueves;0:00;23:59;29/10/25;5/11/25;NO;
La Florida;Av. Vicu–a Mackenna 10777;La Florida;Cabana16;cabana;4;120000;4;dia;viernes;0:00;23:59;10/10/25;24/10/25;NO;
La Florida;Av. Vicu–a Mackenna 10777;La Florida;Cabana17;cabana;8;190000;35;dia;lunes;0:00;23:59;6/6/24;13/6/24;NO;
La Florida;Av. Vicu–a Mackenna 10777;La Florida;Cabana18;cabana;4;110000;26;dia;lunes;0:00;23:59;6/5/25;13/5/25;NO;
La Florida;Av. Vicu–a Mackenna 10777;La Florida;Cabana19;cabana;8;20000;;dia;sabado;0:00;23:59;23/6/25;7/7/25;NO;
La Florida;Av. Vicu–a Mackenna 10777;La Florida;Cabana20;cabana;7;130000;;dia;domingo;0:00;23:59;10/10/25;9/11/25;NO;
La Florida;Av. Vicu–a Mackenna 10777;La Florida;Cancha_tenis_aire_libre;cancha_aire_libre;12;100000;;hora;jueves;13:00;14:00;15/4/24;29/4/24;NO;
La Florida;Av. Vicu–a Mackenna 10777;La Florida;Cancha_tenis_techada;cancha_techada;14;120000;55;hora;lunes;8:00;8:30;8/3/24;22/3/24;SI;horario
La Florida;Av. Vicu–a Mackenna 10777;La Florida;Cancha_basquetbol_aire_libre;cancha_aire_libre;10;110000;;hora;sabado;13:00;14:00;15/9/25;14/12/25;NO;
La Florida;Av. Vicu–a Mackenna 10777;La Florida;Cancha_basquetbol_techada;cancha_techada;12;80000;;hora;miercoles;9:00;10:00;31/12/24;7/1/25;NO;
La Florida;Av. Vicu–a Mackenna 10777;La Florida;Cancha_futbolito_aire_libre;cancha_aire_libre;19;30000;40;hora;jueves;9:00;10:00;25/8/24;24/9/24;NO;
La Florida;Av. Vicu–a Mackenna 10777;La Florida;Cancha_futbolito_techada;cancha_techada;15;220000;8;hora;martes;18:00;19:00;15/11/25;29/11/25;NO;
La Florida;Av. Vicu–a Mackenna 10777;La Florida;Cancha_padel_aire_libre;cancha_aire_libre;13;60000;41;hora;lunes;9:00;10:00;24/12/24;7/1/25;NO;
La Florida;Av. Vicu–a Mackenna 10777;La Florida;Cancha_padel_techada;cancha_techada;15;140000;24;hora;martes;9:00;10:00;23/4/25;23/5/25;NO;
Santa Cruz;Ramon Sanfurgo 800;Santa Cruz;mesa1_restaurant1;restaurant;4;;;mesa_hora;miercoles;10:00;23:00;20/8/24;27/8/24;NO;
Santa Cruz;Ramon Sanfurgo 800;Santa Cruz;mesa2_restaurant1;restaurant;4;;;mesa_hora;jueves;10:00;23:00;11/5/24;18/5/24;NO;
Santa Cruz;Ramon Sanfurgo 800;Santa Cruz;mesa3_restaurant1;restaurant;4;;;mesa_hora;jueves;10:00;23:00;5/9/24;4/12/24;NO;
Santa Cruz;Ramon Sanfurgo 800;Santa Cruz;mesa4_restaurant1;restaurant;4;;;mesa_hora;martes;10:00;23:00;29/5/24;5/6/24;NO;
Santa Cruz;Ramon Sanfurgo 800;Santa Cruz;mesa5_restaurant1;restaurant;4;;;mesa_hora;miercoles;10:00;23:00;1/8/25;15/8/25;NO;
Santa Cruz;Ramon Sanfurgo 800;Santa Cruz;mesa6_restaurant1;restaurant;4;;;mesa_hora;sabado;10:00;23:00;19/5/25;2/6/25;NO;
Santa Cruz;Ramon Sanfurgo 800;Santa Cruz;mesa7_restaurant1;restaurant;4;;;mesa_hora;viernes;10:00;23:00;4/3/25;3/5/25;NO;
Santa Cruz;Ramon Sanfurgo 800;Santa Cruz;mesa8_restaurant1;restaurant;4;;;mesa_hora;domingo;10:00;23:00;15/8/25;14/9/25;NO;
Santa Cruz;Ramon Sanfurgo 800;Santa Cruz;mesa1_restaurant2;restaurant;4;;;mesa_hora;miercoles;10:00;23:00;19/2/25;21/3/25;NO;
Santa Cruz;Ramon Sanfurgo 800;Santa Cruz;mesa2_restaurant2;restaurant;4;;;mesa_hora;viernes;10:00;23:00;24/10/24;31/10/24;NO;
Santa Cruz;Ramon Sanfurgo 800;Santa Cruz;mesa3_restaurant2;restaurant;4;;;mesa_hora;sabado;10:00;23:00;25/12/24;1/1/25;NO;
Santa Cruz;Ramon Sanfurgo 800;Santa Cruz;mesa4_restaurant2;restaurant;4;;;mesa_hora;sabado;10:00;23:00;27/5/25;25/8/25;NO;
Santa Cruz;Ramon Sanfurgo 800;Santa Cruz;mesa5_restaurant2;restaurant;4;;;mesa_hora;miercoles;10:00;23:00;4/10/25;18/10/25;SI;
Santa Cruz;Ramon Sanfurgo 800;Santa Cruz;mesa6_restaurant2;restaurant;4;;;mesa_hora;martes;10:00;23:00;2/8/24;16/8/24;NO;
Santa Cruz;Ramon Sanfurgo 800;Santa Cruz;mesa7_restaurant2;restaurant;4;;;mesa_hora;lunes;10:00;23:00;19/2/25;20/5/25;NO;
Santa Cruz;Ramon Sanfurgo 800;Santa Cruz;mesa8_restaurant2;restaurant;4;;;mesa_hora;sabado;10:00;23:00;6/3/24;5/5/24;NO;
Santa Cruz;Ramon Sanfurgo 800;Santa Cruz;linea1_piscina1;piscina;1;20000;;linea_hora;domingo;12:00;13:00;24/1/25;31/1/25;NO;
Santa Cruz;Ramon Sanfurgo 800;Santa Cruz;linea2_piscina1;piscina;1;50000;55;linea_hora;jueves;19:00;20:00;8/4/24;7/7/24;NO;
Santa Cruz;Ramon Sanfurgo 800;Santa Cruz;linea3_piscina1;piscina;1;nueve mil;;linea_hora;miercoles;18:00;19:00;22/3/25;20/6/25;SI;precio
Santa Cruz;Ramon Sanfurgo 800;Santa Cruz;linea4_piscina1;piscina;1;100000;;linea_hora;lunes;16:00;17:00;23/5/24;30/5/24;NO;
Santa Cruz;Ramon Sanfurgo 800;Santa Cruz;linea5_piscina1;piscina;1;160000;3;linea_hora;lunes;13:00;14:00;25/2/25;11/3/25;NO;
Santa Cruz;Ramon Sanfurgo 800;Santa Cruz;linea6_piscina1;piscina;1;80000;;linea_hora;viernes;20:00;21:00;15/3/25;14/5/25;NO;
Santa Cruz;Ramon Sanfurgo 800;Santa Cruz;linea7_piscina1;piscina;1;120000;;linea_hora;viernes;22:00;23:00;16/3/25;15/5/25;NO;
Santa Cruz;Ramon Sanfurgo 800;Santa Cruz;linea8_piscina1;piscina;1;20000;65;linea_hora;viernes;8:00;9:00;2/5/24;1/7/24;NO;
Santa Cruz;Ramon Sanfurgo 800;Santa Cruz;linea1_piscina2;piscina;1;90000;28;linea_hora;lunes;13:00;14:00;11/4/24;10/7/24;NO;
Santa Cruz;Ramon Sanfurgo 800;Santa Cruz;linea2_piscina2;piscina;1;20000;74;linea_hora;miercoles;13:00;14:00;7/12/24;6/1/25;NO;
Santa Cruz;Ramon Sanfurgo 800;Santa Cruz;linea3_piscina2;piscina;1;180000;23;linea_hora;martes;18:00;19:00;26/6/24;25/8/24;NO;
Santa Cruz;Ramon Sanfurgo 800;Santa Cruz;linea4_piscina2;piscina;1;120000;73;linea_hora;viernes;18:00;19:00;7/2/25;21/2/25;NO;
Santa Cruz;Ramon Sanfurgo 800;Santa Cruz;linea5_piscina2;piscina;1;30000;;linea_hora;viernes;20:00;21:00;30/6/24;29/8/24;NO;
Santa Cruz;Ramon Sanfurgo 800;Santa Cruz;linea6_piscina2;piscina;1;50000;72;linea_hora;viernes;19:00;20:00;3/11/24;17/11/24;NO;
Santa Cruz;Ramon Sanfurgo 800;Santa Cruz;linea7_piscina2;piscina;1;20000;40;linea_hora;martes;8:00;9:00;1/11/24;31/12/24;NO;
Santa Cruz;Ramon Sanfurgo 800;Santa Cruz;linea8_piscina2;piscina;1;150000;;linea_hora;martes;9:00;10:00;3/2/25;4/4/25;NO;
Santa Cruz;Ramon Sanfurgo 800;Santa Cruz;SalonEventos1;salon_eventos;153;90000;33;dia;viernes;0:00;23:59;9/10/25;8/11/25;NO;
Santa Cruz;Ramon Sanfurgo 800;Santa Cruz;SalonEventos2;salon_eventos;182;220000;57;tramo;miercoles;8:00;14:00;14/11/24;14/12/24;NO;
Santa Cruz;Ramon Sanfurgo 800;Santa Cruz;SalonEventos3;salon_eventos;190;220000;24;tramo;miercoles;20:00;23:59;8/9/25;7/12/25;NO;
Santa Cruz;Ramon Sanfurgo 800;Santa Cruz;SalonEventos4;salon_eventos;39;80000;;tramo;sabado;8:00;14:00;14/1/25;14/4/25;NO;
Santa Cruz;Ramon Sanfurgo 800;Santa Cruz;Cabana1;cabana;5;200000;37;dia;miercoles;0:00;23:59;21/9/25;20/12/25;NO;
Santa Cruz;Ramon Sanfurgo 800;Santa Cruz;Cabana2;cabana;5;50000;;dia;sabado;0:00;23:59;22/10/25;21/12/25;NO;
Santa Cruz;Ramon Sanfurgo 800;Santa Cruz;Cabana3;cabana;8;160000;;dia;martes;0:00;23:59;19/5/25;17/8/25;NO;
Santa Cruz;Ramon Sanfurgo 800;Santa Cruz;Cabana4;cabana;8;100000;;dia;jueves;0:00;23:59;23/6/25;22/8/25;NO;
Santa Cruz;Ramon Sanfurgo 800;Santa Cruz;Cabana5;cabana;5;130000;;dia;domingo;0:00;23:59;8/3/24;15/3/24;NO;
Santa Cruz;Ramon Sanfurgo 800;Santa Cruz;Cabana6;cabana;4;nueve mil;1;dia;miercoles;0:00;23:59;2024-04;11/7/24;SI;precio/fecha
Santa Cruz;Ramon Sanfurgo 800;Santa Cruz;Cabana7;cabana;5;120000;0;dia;jueves;0:00;23:59;3/2/25;4/5/25;NO;
Santa Cruz;Ramon Sanfurgo 800;Santa Cruz;Cabana8;cabana;7;160000;5;dia;sabado;0:00;23:59;23/8/25;22/9/25;NO;
Santa Cruz;Ramon Sanfurgo 800;Santa Cruz;Cabana9;cabana;8;30000;;dia;martes;0:00;23:59;1/11/24;30/1/25;NO;
Santa Cruz;Ramon Sanfurgo 800;Santa Cruz;Cabana10;cabana;5;140000;48;dia;lunes;0:00;23:59;16/4/25;23/4/25;NO;
Santa Cruz;Ramon Sanfurgo 800;Santa Cruz;Cabana11;cabana;4;100000;;dia;jueves;0:00;23:59;24/9/25;23/12/25;NO;
Santa Cruz;Ramon Sanfurgo 800;Santa Cruz;Cabana12;cabana;5;140000;;dia;lunes;0:00;23:59;29/2/24;29/4/24;NO;
Santa Cruz;Ramon Sanfurgo 800;Santa Cruz;Cabana13;cabana;4;30000;37;dia;miercoles;0:00;23:59;1/5/24;30/6/24;NO;
Santa Cruz;Ramon Sanfurgo 800;Santa Cruz;Cabana14;cabana;4;210000;20;dia;viernes;0:00;23:59;21/4/24;21/5/24;NO;
Santa Cruz;Ramon Sanfurgo 800;Santa Cruz;Cabana15;cabana;5;130000;25;dia;viernes;0:00;23:59;30/11/24;30/12/24;NO;
Santa Cruz;Ramon Sanfurgo 800;Santa Cruz;Cabana16;cabana;4;180000;79;dia;martes;0:00;23:59;3/11/24;17/11/24;NO;
Santa Cruz;Ramon Sanfurgo 800;Santa Cruz;Cabana17;cabana;7;120000;46;dia;martes;0:00;23:59;3/10/25;10/10/25;NO;
Santa Cruz;Ramon Sanfurgo 800;Santa Cruz;Cabana18;cabana;5;190000;46;dia;lunes;0:00;23:59;15/7/25;13/9/25;NO;
Santa Cruz;Ramon Sanfurgo 800;Santa Cruz;Cabana19;cabana;6;60000;53;dia;lunes;0:00;23:59;16/7/25;30/7/25;NO;
Santa Cruz;Ramon Sanfurgo 800;Santa Cruz;Cabana20;cabana;4;90000;;dia;viernes;0:00;23:59;22/9/24;21/11/24;NO;
Santa Cruz;Ramon Sanfurgo 800;Santa Cruz;Cancha_tenis_aire_libre;cancha_aire_libre;17;190000;;hora;domingo;8:00;9:00;21/11/25;5/12/25;NO;
Santa Cruz;Ramon Sanfurgo 800;Santa Cruz;Cancha_tenis_techada;cancha_techada;13;100000;40;hora;viernes;11:00;12:00;30/3/24;29/4/24;NO;
Santa Cruz;Ramon Sanfurgo 800;Santa Cruz;Cancha_basquetbol_aire_libre;cancha_aire_libre;19;230000;33;hora;domingo;14:00;15:00;15/7/24;14/8/24;NO;
Santa Cruz;Ramon Sanfurgo 800;Santa Cruz;Cancha_basquetbol_techada;cancha_techada;18;130000;22;hora;jueves;12:00;13:00;12/3/24;26/3/24;NO;
Santa Cruz;Ramon Sanfurgo 800;Santa Cruz;Cancha_futbolito_aire_libre;cancha_aire_libre;20;160000;42;hora;sabado;12:00;13:00;23/9/25;7/10/25;NO;
Santa Cruz;Ramon Sanfurgo 800;Santa Cruz;Cancha_futbolito_techada;cancha_techada;13;100000;15;hora;miercoles;16:00;17:00;15/7/25;22/7/25;NO;
Santa Cruz;Ramon Sanfurgo 800;Santa Cruz;Cancha_padel_aire_libre;cancha_aire_libre;11;220000;;hora;jueves;12:00;13:00;11/11/24;18/11/24;NO;
Santa Cruz;Ramon Sanfurgo 800;Santa Cruz;Cancha_padel_techada;cancha_techada;21;60000;;hora;domingo;12:00;13:00;2/10/24;1/12/24;NO;
Santiago Centro;Av Alameda 900;Santiago;mesa1_restaurant1;restaurant;4;xxx;;mesa_hora;miercoles;10:00;23:00;2025-10;17/1/26;SI;precio/fecha
Santiago Centro;Av Alameda 900;Santiago;mesa2_restaurant1;restaurant;4;;;mesa_hora;martes;10:00;23:00;21/12/24;20/1/25;NO;
Santiago Centro;Av Alameda 900;Santiago;mesa3_restaurant1;restaurant;4;;;mesa_hora;martes;10:00;23:00;25/3/25;23/6/25;NO;
Santiago Centro;Av Alameda 900;Santiago;mesa4_restaurant1;restaurant;4;;;mesa_hora;jueves;10:00;23:00;15/1/25;14/2/25;NO;
Santiago Centro;Av Alameda 900;Santiago;mesa5_restaurant1;restaurant;4;;;mesa_hora;domingo;10:00;23:00;22/8/24;21/9/24;NO;
Santiago Centro;Av Alameda 900;Santiago;mesa6_restaurant1;restaurant;4;;;mesa_hora;jueves;10:00;23:00;15/4/25;14/7/25;NO;
Santiago Centro;Av Alameda 900;Santiago;mesa7_restaurant1;restaurant;4;;;mesa_hora;jueves;10:00;23:00;23/1/24;23/3/24;NO;
Santiago Centro;Av Alameda 900;Santiago;mesa8_restaurant1;restaurant;4;;;mesa_hora;jueves;10:00;23:00;1/8/24;31/8/24;NO;
Santiago Centro;Av Alameda 900;Santiago;mesa1_restaurant2;restaurant;4;;;mesa_hora;domingo;10:00;23:00;4/10/24;3/11/24;NO;
Santiago Centro;Av Alameda 900;Santiago;mesa2_restaurant2;restaurant;4;;;mesa_hora;sabado;10:00;23:00;12/3/25;11/5/25;NO;
Santiago Centro;Av Alameda 900;Santiago;mesa3_restaurant2;restaurant;4;;;mesa_hora;domingo;10:00;23:00;23/4/25;22/6/25;NO;
Santiago Centro;Av Alameda 900;Santiago;mesa4_restaurant2;restaurant;4;;;mesa_hora;viernes;10:00;23:00;6/7/25;5/8/25;NO;
Santiago Centro;Av Alameda 900;Santiago;mesa5_restaurant2;restaurant;4;;;mesa_hora;domingo;10:00;23:00;24/7/24;23/8/24;NO;
Santiago Centro;Av Alameda 900;Santiago;mesa6_restaurant2;restaurant;4;;;mesa_hora;martes;10:00;23:00;13/12/24;27/12/24;NO;
Santiago Centro;Av Alameda 900;Santiago;mesa7_restaurant2;restaurant;4;;;mesa_hora;domingo;10:00;23:00;24/10/24;23/12/24;NO;
Santiago Centro;Av Alameda 900;Santiago;mesa8_restaurant2;restaurant;4;;;mesa_hora;miercoles;10:00;23:00;6/4/24;5/6/24;NO;
Santiago Centro;Av Alameda 900;Santiago;linea1_piscina1;piscina;1;130000;32;linea_hora;sabado;17:00;18:00;29/7/24;12/8/24;NO;
Santiago Centro;Av Alameda 900;Santiago;linea2_piscina1;piscina;1;150000;;linea_hora;miercoles;11:00;12:00;22/2/24;22/4/24;NO;
Santiago Centro;Av Alameda 900;Santiago;linea3_piscina1;piscina;1;40000;1;linea_hora;domingo;10:00;11:00;7/9/25;6/11/25;NO;
Santiago Centro;Av Alameda 900;Santiago;linea4_piscina1;piscina;1;140000;30;linea_hora;sabado;12:00;13:00;5/10/24;12/10/24;NO;
Santiago Centro;Av Alameda 900;Santiago;linea5_piscina1;piscina;1;240000;38;linea_hora;miercoles;14:00;15:00;21/5/25;19/8/25;NO;
Santiago Centro;Av Alameda 900;Santiago;linea6_piscina1;piscina;1;30000;55;linea_hora;martes;22:00;23:00;30/8/24;28/11/24;NO;
Santiago Centro;Av Alameda 900;Santiago;linea7_piscina1;piscina;1;140000;74;linea_hora;jueves;14:00;15:00;17/2/25;19/3/25;NO;
Santiago Centro;Av Alameda 900;Santiago;linea8_piscina1;piscina;1;120000;;linea_hora;viernes;18:00;19:00;25/1/24;1/2/24;NO;
Santiago Centro;Av Alameda 900;Santiago;linea1_piscina2;piscina;1;130000;;linea_hora;jueves;12:00;13:00;24/2/25;10/3/25;NO;
Santiago Centro;Av Alameda 900;Santiago;linea2_piscina2;piscina;1;10000;11;linea_hora;domingo;21:00;22:00;8/12/24;6/2/25;NO;
Santiago Centro;Av Alameda 900;Santiago;linea3_piscina2;piscina;1;70000;36;linea_hora;viernes;17:00;18:00;16/2/24;23/2/24;NO;
Santiago Centro;Av Alameda 900;Santiago;linea4_piscina2;piscina;1;80000;77;linea_hora;viernes;21:00;22:00;8/3/24;7/4/24;NO;
Santiago Centro;Av Alameda 900;Santiago;linea5_piscina2;piscina;1;60000;;linea_hora;sabado;13:00;14:00;6/2/25;8/3/25;NO;
Santiago Centro;Av Alameda 900;Santiago;linea6_piscina2;piscina;1;200000;76;linea_hora;jueves;15:00;16:00;23/1/24;23/3/24;NO;
Santiago Centro;Av Alameda 900;Santiago;linea7_piscina2;piscina;1;100000;30;linea_hora;domingo;14:00;15:00;2/7/25;31/8/25;NO;
Santiago Centro;Av Alameda 900;Santiago;linea8_piscina2;piscina;1;120000;25;linea_hora;jueves;11:00;12:00;5/1/24;19/1/24;NO;
Santiago Centro;Av Alameda 900;Santiago;SalonEventos1;salon_eventos;84;190000;;tramo;lunes;20:00;23:59;14/4/25;21/4/25;NO;
Santiago Centro;Av Alameda 900;Santiago;SalonEventos2;salon_eventos;178;180000;2;tramo;miercoles;14:00;20:00;4/11/25;11/11/25;NO;
Santiago Centro;Av Alameda 900;Santiago;SalonEventos3;salon_eventos;159;210000;45;tramo;martes;20:00;23:59;19/11/24;3/12/24;NO;
Santiago Centro;Av Alameda 900;Santiago;SalonEventos4;salon_eventos;153;220000;7;tramo;lunes;20:00;23:59;29/9/25;6/10/25;NO;
Santiago Centro;Av Alameda 900;Santiago;Cabana1;cabana;5;50000;;dia;jueves;0:00;23:59;7/7/24;5/10/24;NO;
Santiago Centro;Av Alameda 900;Santiago;Cabana2;cabana;6;140000;65;dia;jueves;0:00;23:59;19/1/24;18/4/24;NO;
Santiago Centro;Av Alameda 900;Santiago;Cabana3;cabana;5;50000;;dia;jueves;0:00;23:59;21/3/25;4/4/25;NO;
Santiago Centro;Av Alameda 900;Santiago;Cabana4;cabana;8;130000;53;dia;miercoles;0:00;23:59;21/10/25;20/11/25;SI;
Santiago Centro;Av Alameda 900;Santiago;Cabana5;cabana;6;10000;43;dia;jueves;0:00;23:59;26/4/25;26/5/25;NO;
Santiago Centro;Av Alameda 900;Santiago;Cabana6;cabana;6;nueve mil;;dia;lunes;0:00;23:59;23/1/24;22/2/24;SI;precio
Santiago Centro;Av Alameda 900;Santiago;Cabana7;cabana;5;90000;;dia;sabado;0:00;23:59;24/5/25;31/5/25;NO;
Santiago Centro;Av Alameda 900;Santiago;Cabana8;cabana;4;30000;;dia;viernes;0:00;23:59;1/9/24;30/11/24;NO;
Santiago Centro;Av Alameda 900;Santiago;Cabana9;cabana;7;220000;;dia;domingo;0:00;23:59;31/10/24;7/11/24;NO;
Santiago Centro;Av Alameda 900;Santiago;Cabana10;cabana;4;70000;47;dia;miercoles;0:00;23:59;28/7/25;4/8/25;SI;
Santiago Centro;Av Alameda 900;Santiago;Cabana11;cabana;8;30000;;dia;martes;0:00;23:59;25/2/25;11/3/25;NO;
Santiago Centro;Av Alameda 900;Santiago;Cabana12;cabana;7;150000;;dia;lunes;0:00;23:59;23/3/25;30/3/25;NO;
Santiago Centro;Av Alameda 900;Santiago;Cabana13;cabana;7;nueve mil;;dia;viernes;0:00;23:59;2024-07;6/8/24;SI;precio/fecha
Santiago Centro;Av Alameda 900;Santiago;Cabana14;cabana;8;160000;4;dia;viernes;0:00;23:59;16/6/24;14/9/24;NO;
Santiago Centro;Av Alameda 900;Santiago;Cabana15;cabana;4;150000;18;dia;sabado;0:00;23:59;27/4/25;11/5/25;NO;
Santiago Centro;Av Alameda 900;Santiago;Cabana16;cabana;8;30000;76;dia;miercoles;0:00;23:59;9/6/25;16/6/25;NO;
Santiago Centro;Av Alameda 900;Santiago;Cabana17;cabana;4;90000;;dia;martes;0:00;23:59;13/1/24;20/1/24;NO;
Santiago Centro;Av Alameda 900;Santiago;Cabana18;cabana;5;80000;12;dia;domingo;0:00;23:59;24/9/25;8/10/25;NO;
Santiago Centro;Av Alameda 900;Santiago;Cabana19;cabana;8;210000;;dia;lunes;0:00;23:59;10/5/24;24/5/24;NO;
Santiago Centro;Av Alameda 900;Santiago;Cabana20;cabana;6;30000;67;dia;martes;0:00;23:59;12/1/25;19/1/25;NO;
Santiago Centro;Av Alameda 900;Santiago;Cancha_tenis_aire_libre;cancha_aire_libre;17;150000;;hora;domingo;8:00;9:00;24/1/25;31/1/25;NO;
Santiago Centro;Av Alameda 900;Santiago;Cancha_tenis_techada;cancha_techada;12;220000;53;hora;viernes;17:00;18:00;13/9/24;12/12/24;NO;
Santiago Centro;Av Alameda 900;Santiago;Cancha_basquetbol_aire_libre;cancha_aire_libre;17;90000;;hora;domingo;10:00;11:00;27/11/25;26/1/26;NO;
Santiago Centro;Av Alameda 900;Santiago;Cancha_basquetbol_techada;cancha_techada;14;160000;2;hora;sabado;20:00;21:00;23/2/24;23/4/24;NO;
Santiago Centro;Av Alameda 900;Santiago;Cancha_futbolito_aire_libre;cancha_aire_libre;11;130000;31;hora;martes;9:00;10:00;29/9/25;6/10/25;NO;
Santiago Centro;Av Alameda 900;Santiago;Cancha_futbolito_techada;cancha_techada;21;50000;;hora;lunes;16:00;17:00;5/3/24;3/6/24;NO;
Santiago Centro;Av Alameda 900;Santiago;Cancha_padel_aire_libre;cancha_aire_libre;19;40000;37;hora;sabado;17:00;18:00;18/10/24;17/12/24;NO;
Santiago Centro;Av Alameda 900;Santiago;Cancha_padel_techada;cancha_techada;22;nueve mil;11;hora;viernes;18:00;19:00;2024-01;9/1/24;SI;precio/fecha
Providencia;Av Pedro de Valdivia 2100;Providencia;mesa1_restaurant1;restaurant;4;;;mesa_hora;jueves;10:00;23:00;28/2/24;29/3/24;SI;
Providencia;Av Pedro de Valdivia 2100;Providencia;mesa2_restaurant1;restaurant;4;;;mesa_hora;sabado;10:00;23:00;13/10/24;12/11/24;NO;
Providencia;Av Pedro de Valdivia 2100;Providencia;mesa3_restaurant1;restaurant;4;;;mesa_hora;sabado;10:00;23:00;27/10/24;26/11/24;NO;
Providencia;Av Pedro de Valdivia 2100;Providencia;mesa4_restaurant1;restaurant;4;;;mesa_hora;jueves;10:00;23:00;19/11/24;3/12/24;NO;
Providencia;Av Pedro de Valdivia 2100;Providencia;mesa5_restaurant1;restaurant;4;;;mesa_hora;sabado;10:00;23:00;2/7/24;16/7/24;NO;
Providencia;Av Pedro de Valdivia 2100;Providencia;mesa6_restaurant1;restaurant;4;;;mesa_hora;domingo;10:00;23:00;17/7/24;16/8/24;NO;
Providencia;Av Pedro de Valdivia 2100;Providencia;mesa7_restaurant1;restaurant;4;;;mesa_hora;miercoles;10:00;23:00;22/2/24;23/3/24;NO;
Providencia;Av Pedro de Valdivia 2100;Providencia;mesa8_restaurant1;restaurant;4;;;mesa_hora;domingo;10:00;23:00;30/11/25;7/12/25;SI;precio
Providencia;Av Pedro de Valdivia 2100;Providencia;mesa1_restaurant2;restaurant;4;;;mesa_hora;viernes;10:00;23:00;26/2/24;26/4/24;NO;
Providencia;Av Pedro de Valdivia 2100;Providencia;mesa2_restaurant2;restaurant;4;;;mesa_hora;viernes;10:00;23:00;2024-09;15/10/24;SI;fecha
Providencia;Av Pedro de Valdivia 2100;Providencia;mesa3_restaurant2;restaurant;4;;;mesa_hora;miercoles;10:00;23:00;10/9/25;9/11/25;NO;
Providencia;Av Pedro de Valdivia 2100;Providencia;mesa4_restaurant2;restaurant;4;;;mesa_hora;martes;10:00;23:00;10/7/24;17/7/24;NO;
Providencia;Av Pedro de Valdivia 2100;Providencia;mesa5_restaurant2;restaurant;4;;;mesa_hora;sabado;10:00;23:00;1/9/24;1/10/24;NO;
Providencia;Av Pedro de Valdivia 2100;Providencia;mesa6_restaurant2;restaurant;4;;;mesa_hora;jueves;10:00;23:00;30/8/25;6/9/25;SI;precio
Providencia;Av Pedro de Valdivia 2100;Providencia;mesa7_restaurant2;restaurant;4;;;mesa_hora;sabado;10:00;23:00;30/11/25;7/12/25;NO;
Providencia;Av Pedro de Valdivia 2100;Providencia;mesa8_restaurant2;restaurant;4;;;mesa_hora;viernes;10:00;23:00;30/10/25;6/11/25;NO;
Providencia;Av Pedro de Valdivia 2100;Providencia;linea1_piscina1;piscina;1;60000;24;linea_hora;sabado;22:00;23:00;5/11/25;5/12/25;NO;
Providencia;Av Pedro de Valdivia 2100;Providencia;linea2_piscina1;piscina;1;100000;;linea_hora;viernes;12:00;13:00;14/9/24;14/10/24;NO;
Providencia;Av Pedro de Valdivia 2100;Providencia;linea3_piscina1;piscina;1;10000;8;linea_hora;lunes;13:00;14:00;30/12/24;29/1/25;NO;
Providencia;Av Pedro de Valdivia 2100;Providencia;linea4_piscina1;piscina;1;90000;;linea_hora;lunes;15:00;16:00;19/3/25;17/6/25;NO;
Providencia;Av Pedro de Valdivia 2100;Providencia;linea5_piscina1;piscina;1;110000;14;linea_hora;martes;8:00;9:00;4/6/24;2/9/24;NO;
Providencia;Av Pedro de Valdivia 2100;Providencia;linea6_piscina1;piscina;1;160000;;linea_hora;jueves;17:00;18:00;12/8/24;19/8/24;NO;
Providencia;Av Pedro de Valdivia 2100;Providencia;linea7_piscina1;piscina;1;250000;2;linea_hora;martes;9:00;10:00;30/5/24;29/6/24;NO;
Providencia;Av Pedro de Valdivia 2100;Providencia;linea8_piscina1;piscina;1;230000;69;linea_hora;sabado;15:00;16:00;2/4/25;1/7/25;NO;
Providencia;Av Pedro de Valdivia 2100;Providencia;linea1_piscina2;piscina;1;210000;;linea_hora;miercoles;20:00;21:00;4/10/25;3/11/25;NO;
Providencia;Av Pedro de Valdivia 2100;Providencia;linea2_piscina2;piscina;1;90000;14;linea_hora;sabado;16:00;17:00;8/10/24;15/10/24;NO;
Providencia;Av Pedro de Valdivia 2100;Providencia;linea3_piscina2;piscina;1;80000;;linea_hora;miercoles;15:00;16:00;19/6/24;19/7/24;NO;
Providencia;Av Pedro de Valdivia 2100;Providencia;linea4_piscina2;piscina;1;200000;25;linea_hora;martes;22:00;23:00;4/12/24;3/1/25;NO;
Providencia;Av Pedro de Valdivia 2100;Providencia;linea5_piscina2;piscina;1;240000;10;linea_hora;jueves;9:00;10:00;16/3/24;14/6/24;NO;
Providencia;Av Pedro de Valdivia 2100;Providencia;linea6_piscina2;piscina;1;230000;63;linea_hora;martes;13:00;14:00;16/9/24;15/12/24;NO;
Providencia;Av Pedro de Valdivia 2100;Providencia;linea7_piscina2;piscina;1;20000;9;linea_hora;miercoles;18:00;19:00;12/6/25;10/9/25;NO;
Providencia;Av Pedro de Valdivia 2100;Providencia;linea8_piscina2;piscina;1;10000;;linea_hora;domingo;21:00;22:00;7/1/25;6/2/25;NO;
Providencia;Av Pedro de Valdivia 2100;Providencia;SalonEventos1;salon_eventos;44;250000;;dia;sabado;8:00;8:30;16/9/24;23/9/24;SI;horario
Providencia;Av Pedro de Valdivia 2100;Providencia;SalonEventos2;salon_eventos;69;110000;;dia;miercoles;0:00;23:59;5/6/24;4/8/24;NO;
Providencia;Av Pedro de Valdivia 2100;Providencia;SalonEventos3;salon_eventos;197;30000;;tramo;jueves;20:00;23:59;25/2/25;26/4/25;NO;
Providencia;Av Pedro de Valdivia 2100;Providencia;SalonEventos4;salon_eventos;39;20000;9;tramo;sabado;14:00;20:00;30/7/24;28/9/24;NO;
Providencia;Av Pedro de Valdivia 2100;Providencia;Cabana1;cabana;8;nueve mil;;dia;domingo;0:00;23:59;22/6/25;29/6/25;SI;precio
Providencia;Av Pedro de Valdivia 2100;Providencia;Cabana2;cabana;8;140000;;dia;domingo;0:00;23:59;9/3/24;8/5/24;NO;
Providencia;Av Pedro de Valdivia 2100;Providencia;Cabana3;cabana;7;90000;34;dia;sabado;0:00;23:59;7/9/25;6/12/25;NO;
Providencia;Av Pedro de Valdivia 2100;Providencia;Cabana4;cabana;8;170000;;dia;viernes;0:00;23:59;16/5/24;15/7/24;SI;
Providencia;Av Pedro de Valdivia 2100;Providencia;Cabana5;cabana;4;140000;73;dia;sabado;0:00;23:59;31/1/25;2/3/25;SI;
Providencia;Av Pedro de Valdivia 2100;Providencia;Cabana6;cabana;5;60000;;dia;domingo;0:00;23:59;30/1/24;30/3/24;SI;
Providencia;Av Pedro de Valdivia 2100;Providencia;Cabana7;cabana;5;210000;;dia;sabado;0:00;23:59;15/5/25;14/6/25;NO;
Providencia;Av Pedro de Valdivia 2100;Providencia;Cabana8;cabana;5;190000;;dia;viernes;0:00;23:59;4/6/25;3/8/25;NO;
Providencia;Av Pedro de Valdivia 2100;Providencia;Cabana9;cabana;6;nueve mil;51;dia;martes;0:00;23:59;30/10/25;13/11/25;SI;precio
Providencia;Av Pedro de Valdivia 2100;Providencia;Cabana10;cabana;6;50000;9;dia;domingo;0:00;23:59;28/7/25;26/10/25;NO;
Providencia;Av Pedro de Valdivia 2100;Providencia;Cabana11;cabana;8;130000;6;dia;viernes;0:00;23:59;30/11/24;28/2/25;NO;
Providencia;Av Pedro de Valdivia 2100;Providencia;Cabana12;cabana;4;10000;;dia;lunes;0:00;23:59;11/4/25;18/4/25;NO;
Providencia;Av Pedro de Valdivia 2100;Providencia;Cabana13;cabana;5;70000;8;dia;domingo;0:00;23:59;2/8/24;1/9/24;NO;
Providencia;Av Pedro de Valdivia 2100;Providencia;Cabana14;cabana;5;210000;36;dia;martes;0:00;23:59;7/3/25;21/3/25;NO;
Providencia;Av Pedro de Valdivia 2100;Providencia;Cabana15;cabana;6;210000;;dia;martes;0:00;23:59;21/2/24;28/2/24;NO;
Providencia;Av Pedro de Valdivia 2100;Providencia;Cabana16;cabana;6;170000;57;dia;viernes;0:00;23:59;12/4/25;26/4/25;NO;
Providencia;Av Pedro de Valdivia 2100;Providencia;Cabana17;cabana;7;150000;;dia;viernes;0:00;23:59;18/6/24;16/9/24;NO;
Providencia;Av Pedro de Valdivia 2100;Providencia;Cabana18;cabana;4;170000;0;dia;viernes;0:00;23:59;21/2/25;22/4/25;NO;
Providencia;Av Pedro de Valdivia 2100;Providencia;Cabana19;cabana;4;230000;;dia;sabado;0:00;23:59;9/6/24;8/8/24;NO;
Providencia;Av Pedro de Valdivia 2100;Providencia;Cabana20;cabana;4;230000;;dia;martes;0:00;23:59;30/3/24;28/6/24;NO;
Providencia;Av Pedro de Valdivia 2100;Providencia;Cancha_tenis_aire_libre;cancha_aire_libre;14;100000;;hora;jueves;21:00;22:00;28/6/25;5/7/25;NO;
Providencia;Av Pedro de Valdivia 2100;Providencia;Cancha_tenis_techada;cancha_techada;21;210000;;hora;miercoles;13:00;14:00;30/8/25;29/9/25;NO;
Providencia;Av Pedro de Valdivia 2100;Providencia;Cancha_basquetbol_aire_libre;cancha_aire_libre;11;40000;;hora;miercoles;12:00;13:00;9/10/25;23/10/25;NO;
Providencia;Av Pedro de Valdivia 2100;Providencia;Cancha_basquetbol_techada;cancha_techada;13;50000;31;hora;viernes;19:00;20:00;3/3/24;1/6/24;NO;
Providencia;Av Pedro de Valdivia 2100;Providencia;Cancha_futbolito_aire_libre;cancha_aire_libre;11;70000;43;hora;viernes;21:00;22:00;12/7/24;19/7/24;SI;
Providencia;Av Pedro de Valdivia 2100;Providencia;Cancha_futbolito_techada;cancha_techada;11;110000;24;hora;viernes;20:00;21:00;5/9/24;4/12/24;NO;
Providencia;Av Pedro de Valdivia 2100;Providencia;Cancha_padel_aire_libre;cancha_aire_libre;11;190000;55;hora;lunes;8:00;9:00;17/3/25;31/3/25;NO;
Providencia;Av Pedro de Valdivia 2100;Providencia;Cancha_padel_techada;cancha_techada;15;160000;40;hora;sabado;18:00;19:00;7/7/25;5/9/25;NO;
La Florida;Av. Vicu–a Mackenna 10777;La Florida;mesa1_restaurant1;restaurant;4;;;mesa_hora;lunes;10:00;23:00;1/7/25;29/9/25;NO;
La Florida;Av. Vicu–a Mackenna 10777;La Florida;mesa2_restaurant1;restaurant;4;nueve mil;;mesa_hora;miercoles;10:00;23:00;2025-05;27/5/25;SI;precio/fecha
La Florida;Av. Vicu–a Mackenna 10777;La Florida;mesa3_restaurant1;restaurant;4;;;mesa_hora;martes;10:00;23:00;5/11/25;19/11/25;NO;
La Florida;Av. Vicu–a Mackenna 10777;La Florida;mesa4_restaurant1;restaurant;4;nueve mil;;mesa_hora;miercoles;10:00;23:00;23/9/25;30/9/25;SI;precio
La Florida;Av. Vicu–a Mackenna 10777;La Florida;mesa5_restaurant1;restaurant;4;;;mesa_hora;martes;10:00;23:00;17/6/24;16/8/24;NO;
La Florida;Av. Vicu–a Mackenna 10777;La Florida;mesa6_restaurant1;restaurant;4;;;mesa_hora;miercoles;10:00;23:00;16/6/25;23/6/25;NO;
La Florida;Av. Vicu–a Mackenna 10777;La Florida;mesa7_restaurant1;restaurant;4;;;mesa_hora;martes;10:00;23:00;4/6/24;3/8/24;NO;
La Florida;Av. Vicu–a Mackenna 10777;La Florida;mesa8_restaurant1;restaurant;4;;;mesa_hora;miercoles;10:00;23:00;24/12/24;22/2/25;NO;
La Florida;Av. Vicu–a Mackenna 10777;La Florida;mesa1_restaurant2;restaurant;4;;;mesa_hora;lunes;10:00;23:00;7/1/25;6/2/25;NO;
La Florida;Av. Vicu–a Mackenna 10777;La Florida;mesa2_restaurant2;restaurant;4;;;mesa_hora;viernes;10:00;23:00;10/9/24;9/12/24;NO;
La Florida;Av. Vicu–a Mackenna 10777;La Florida;mesa3_restaurant2;restaurant;4;;;mesa_hora;martes;10:00;23:00;25/9/25;24/11/25;NO;
La Florida;Av. Vicu–a Mackenna 10777;La Florida;mesa4_restaurant2;restaurant;4;;;mesa_hora;domingo;10:00;23:00;7/9/24;21/9/24;NO;
La Florida;Av. Vicu–a Mackenna 10777;La Florida;mesa5_restaurant2;restaurant;4;;;mesa_hora;viernes;10:00;23:00;4/1/25;5/3/25;NO;
La Florida;Av. Vicu–a Mackenna 10777;La Florida;mesa6_restaurant2;restaurant;4;;;mesa_hora;miercoles;10:00;23:00;13/4/25;12/6/25;NO;
La Florida;Av. Vicu–a Mackenna 10777;La Florida;mesa7_restaurant2;restaurant;4;;;mesa_hora;martes;10:00;23:00;4/10/25;3/12/25;NO;
La Florida;Av. Vicu–a Mackenna 10777;La Florida;mesa8_restaurant2;restaurant;4;;;mesa_hora;martes;10:00;23:00;18/7/24;16/9/24;NO;
La Florida;Av. Vicu–a Mackenna 10777;La Florida;linea1_piscina1;piscina;1;70000;68;linea_hora;jueves;11:00;12:00;28/8/25;27/9/25;NO;
La Florida;Av. Vicu–a Mackenna 10777;La Florida;linea2_piscina1;piscina;1;70000;;linea_hora;miercoles;20:00;21:00;4/6/25;2/9/25;NO;
La Florida;Av. Vicu–a Mackenna 10777;La Florida;linea3_piscina1;piscina;1;220000;;linea_hora;lunes;8:00;9:00;23/11/24;22/1/25;NO;
La Florida;Av. Vicu–a Mackenna 10777;La Florida;linea4_piscina1;piscina;1;80000;59;linea_hora;domingo;20:00;21:00;2/4/24;9/4/24;NO;
La Florida;Av. Vicu–a Mackenna 10777;La Florida;linea5_piscina1;piscina;1;10000;36;linea_hora;martes;10:00;11:00;7/1/24;6/4/24;NO;
La Florida;Av. Vicu–a Mackenna 10777;La Florida;linea6_piscina1;piscina;1;160000;57;linea_hora;jueves;14:00;15:00;31/1/24;14/2/24;NO;
La Florida;Av. Vicu–a Mackenna 10777;La Florida;linea7_piscina1;piscina;1;190000;;linea_hora;martes;17:00;18:00;25/3/25;23/6/25;NO;
La Florida;Av. Vicu–a Mackenna 10777;La Florida;linea8_piscina1;piscina;1;70000;;linea_hora;viernes;14:00;15:00;30/9/24;7/10/24;NO;
La Florida;Av. Vicu–a Mackenna 10777;La Florida;linea1_piscina2;piscina;1;230000;0;linea_hora;martes;13:00;14:00;9/9/24;23/9/24;NO;
La Florida;Av. Vicu–a Mackenna 10777;La Florida;linea2_piscina2;piscina;1;50000;;linea_hora;martes;19:00;20:00;12/10/24;19/10/24;NO;
La Florida;Av. Vicu–a Mackenna 10777;La Florida;linea3_piscina2;piscina;1;140000;33;linea_hora;lunes;10:00;11:00;21/8/24;4/9/24;NO;
La Florida;Av. Vicu–a Mackenna 10777;La Florida;linea4_piscina2;piscina;1;190000;27;linea_hora;sabado;8:00;8:30;27/8/25;26/10/25;SI;horario
La Florida;Av. Vicu–a Mackenna 10777;La Florida;linea5_piscina2;piscina;1;160000;31;linea_hora;lunes;22:00;23:00;25/1/25;24/2/25;NO;
La Florida;Av. Vicu–a Mackenna 10777;La Florida;linea6_piscina2;piscina;1;190000;33;linea_hora;sabado;21:00;22:00;24/1/25;23/2/25;NO;
La Florida;Av. Vicu–a Mackenna 10777;La Florida;linea7_piscina2;piscina;1;140000;;linea_hora;martes;9:00;10:00;22/1/24;29/1/24;NO;
La Florida;Av. Vicu–a Mackenna 10777;La Florida;linea8_piscina2;piscina;1;160000;24;linea_hora;martes;20:00;21:00;21/1/24;20/2/24;NO;
La Florida;Av. Vicu–a Mackenna 10777;La Florida;SalonEventos1;salon_eventos;116;70000;16;tramo;domingo;14:00;20:00;12/6/24;26/6/24;NO;
La Florida;Av. Vicu–a Mackenna 10777;La Florida;SalonEventos2;salon_eventos;176;180000;73;dia;jueves;0:00;23:59;9/1/24;16/1/24;NO;
La Florida;Av. Vicu–a Mackenna 10777;La Florida;SalonEventos3;salon_eventos;154;90000;28;tramo;domingo;8:00;14:00;7/2/25;8/4/25;NO;
La Florida;Av. Vicu–a Mackenna 10777;La Florida;SalonEventos4;salon_eventos;146;220000;;tramo;martes;8:00;14:00;2/3/24;1/5/24;NO;
La Florida;Av. Vicu–a Mackenna 10777;La Florida;Cabana1;cabana;6;80000;36;dia;miercoles;0:00;23:59;18/4/24;17/6/24;NO;
La Florida;Av. Vicu–a Mackenna 10777;La Florida;Cabana2;cabana;4;60000;44;dia;martes;0:00;23:59;5/6/25;3/9/25;NO;
La Florida;Av. Vicu–a Mackenna 10777;La Florida;Cabana3;cabana;6;10000;;dia;jueves;0:00;23:59;13/9/24;20/9/24;NO;
La Florida;Av. Vicu–a Mackenna 10777;La Florida;Cabana4;cabana;8;250000;;dia;jueves;0:00;23:59;4/10/25;11/10/25;NO;
La Florida;Av. Vicu–a Mackenna 10777;La Florida;Cabana5;cabana;5;250000;30;dia;sabado;0:00;23:59;18/6/25;18/7/25;NO;
La Florida;Av. Vicu–a Mackenna 10777;La Florida;Cabana6;cabana;5;100000;39;dia;miercoles;0:00;23:59;19/3/25;18/4/25;NO;
La Florida;Av. Vicu–a Mackenna 10777;La Florida;Cabana7;cabana;5;250000;75;dia;domingo;0:00;23:59;20/7/25;19/8/25;SI;
La Florida;Av. Vicu–a Mackenna 10777;La Florida;Cabana8;cabana;7;nueve mil;57;dia;lunes;0:00;23:59;2024-01;3/3/24;SI;precio/fecha
La Florida;Av. Vicu–a Mackenna 10777;La Florida;Cabana9;cabana;7;250000;33;dia;jueves;0:00;23:59;2024-08;25/11/24;SI;fecha
La Florida;Av. Vicu–a Mackenna 10777;La Florida;Cabana10;cabana;6;170000;;dia;miercoles;0:00;23:59;27/2/25;28/5/25;NO;
La Florida;Av. Vicu–a Mackenna 10777;La Florida;Cabana11;cabana;4;220000;19;dia;domingo;0:00;23:59;16/3/24;30/3/24;NO;
La Florida;Av. Vicu–a Mackenna 10777;La Florida;Cabana12;cabana;8;140000;19;dia;domingo;0:00;23:59;18/2/25;20/3/25;NO;
La Florida;Av. Vicu–a Mackenna 10777;La Florida;Cabana13;cabana;7;nueve mil;;dia;miercoles;0:00;23:59;4/3/24;3/5/24;SI;precio
La Florida;Av. Vicu–a Mackenna 10777;La Florida;Cabana14;cabana;6;40000;;dia;jueves;0:00;23:59;28/6/25;12/7/25;NO;
La Florida;Av. Vicu–a Mackenna 10777;La Florida;Cabana15;cabana;8;nueve mil;;dia;martes;0:00;23:59;2025-02;20/2/25;SI;precio/fecha
La Florida;Av. Vicu–a Mackenna 10777;La Florida;Cabana16;cabana;7;70000;;dia;viernes;0:00;23:59;3/6/24;10/6/24;NO;
La Florida;Av. Vicu–a Mackenna 10777;La Florida;Cabana17;cabana;4;190000;47;dia;jueves;0:00;23:59;5/9/24;4/12/24;NO;
La Florida;Av. Vicu–a Mackenna 10777;La Florida;Cabana18;cabana;4;20000;;dia;jueves;0:00;23:59;24/6/25;8/7/25;SI;horario
La Florida;Av. Vicu–a Mackenna 10777;La Florida;Cabana19;cabana;5;60000;52;dia;martes;0:00;23:59;22/5/25;5/6/25;NO;
La Florida;Av. Vicu–a Mackenna 10777;La Florida;Cabana20;cabana;5;130000;;dia;miercoles;0:00;23:59;18/8/25;17/9/25;NO;
La Florida;Av. Vicu–a Mackenna 10777;La Florida;Cancha_tenis_aire_libre;cancha_aire_libre;21;180000;;hora;lunes;13:00;14:00;12/1/24;11/2/24;NO;
La Florida;Av. Vicu–a Mackenna 10777;La Florida;Cancha_tenis_techada;cancha_techada;16;50000;63;hora;viernes;14:00;15:00;2024-01;25/1/24;SI;fecha
La Florida;Av. Vicu–a Mackenna 10777;La Florida;Cancha_basquetbol_aire_libre;cancha_aire_libre;20;230000;;hora;jueves;9:00;10:00;26/7/25;2/8/25;NO;
La Florida;Av. Vicu–a Mackenna 10777;La Florida;Cancha_basquetbol_techada;cancha_techada;11;80000;;hora;miercoles;8:00;9:00;18/2/24;3/3/24;NO;
La Florida;Av. Vicu–a Mackenna 10777;La Florida;Cancha_futbolito_aire_libre;cancha_aire_libre;18;200000;46;hora;sabado;22:00;23:00;17/7/24;16/8/24;NO;
La Florida;Av. Vicu–a Mackenna 10777;La Florida;Cancha_futbolito_techada;cancha_techada;11;140000;28;hora;viernes;12:00;13:00;9/8/25;16/8/25;NO;
La Florida;Av. Vicu–a Mackenna 10777;La Florida;Cancha_padel_aire_libre;cancha_aire_libre;15;130000;11;hora;sabado;13:00;14:00;4/5/25;11/5/25;NO;
La Florida;Av. Vicu–a Mackenna 10777;La Florida;Cancha_padel_techada;cancha_techada;22;80000;;hora;sabado;17:00;18:00;31/10/25;30/12/25;NO;
Santa Cruz;Ramon Sanfurgo 800;Santa Cruz;mesa1_restaurant1;restaurant;4;;;mesa_hora;martes;10:00;23:00;2025-09;22/11/25;SI;fecha
Santa Cruz;Ramon Sanfurgo 800;Santa Cruz;mesa2_restaurant1;restaurant;4;;;mesa_hora;miercoles;10:00;23:00;27/10/24;3/11/24;NO;
Santa Cruz;Ramon Sanfurgo 800;Santa Cruz;mesa3_restaurant1;restaurant;4;;;mesa_hora;viernes;10:00;23:00;9/10/25;8/11/25;NO;
Santa Cruz;Ramon Sanfurgo 800;Santa Cruz;mesa4_restaurant1;restaurant;4;;;mesa_hora;martes;10:00;23:00;12/3/25;19/3/25;NO;
Santa Cruz;Ramon Sanfurgo 800;Santa Cruz;mesa5_restaurant1;restaurant;4;;;mesa_hora;sabado;10:00;23:00;23/3/25;6/4/25;NO;
Santa Cruz;Ramon Sanfurgo 800;Santa Cruz;mesa6_restaurant1;restaurant;4;;;mesa_hora;sabado;10:00;23:00;23/5/25;21/8/25;NO;
Santa Cruz;Ramon Sanfurgo 800;Santa Cruz;mesa7_restaurant1;restaurant;4;;;mesa_hora;jueves;10:00;23:00;28/10/25;27/12/25;NO;
Santa Cruz;Ramon Sanfurgo 800;Santa Cruz;mesa8_restaurant1;restaurant;4;;;mesa_hora;jueves;10:00;23:00;19/1/25;26/1/25;NO;
Santa Cruz;Ramon Sanfurgo 800;Santa Cruz;mesa1_restaurant2;restaurant;4;;;mesa_hora;viernes;10:00;23:00;19/2/25;26/2/25;NO;
Santa Cruz;Ramon Sanfurgo 800;Santa Cruz;mesa2_restaurant2;restaurant;4;;;mesa_hora;sabado;10:00;23:00;31/1/25;1/4/25;NO;
Santa Cruz;Ramon Sanfurgo 800;Santa Cruz;mesa3_restaurant2;restaurant;4;;;mesa_hora;sabado;10:00;23:00;25/1/24;1/2/24;NO;
Santa Cruz;Ramon Sanfurgo 800;Santa Cruz;mesa4_restaurant2;restaurant;4;;;mesa_hora;lunes;10:00;23:00;16/3/24;15/4/24;NO;
Santa Cruz;Ramon Sanfurgo 800;Santa Cruz;mesa5_restaurant2;restaurant;4;;;mesa_hora;domingo;10:00;23:00;9/5/25;23/5/25;NO;
Santa Cruz;Ramon Sanfurgo 800;Santa Cruz;mesa6_restaurant2;restaurant;4;;;mesa_hora;miercoles;10:00;23:00;9/4/25;8/6/25;NO;
Santa Cruz;Ramon Sanfurgo 800;Santa Cruz;mesa7_restaurant2;restaurant;4;;;mesa_hora;martes;10:00;23:00;25/2/25;26/4/25;NO;
Santa Cruz;Ramon Sanfurgo 800;Santa Cruz;mesa8_restaurant2;restaurant;4;;;mesa_hora;lunes;10:00;23:00;5/7/25;19/7/25;NO;